c2,c32,c31,e1,e2,e32,e31,mu21,mu32,mu31,z,alpha,beta,gamma
0.7734759444869329,0.7734759444869329,0.7734759444869329,0.05,0.24130523952930882,0.24130523952930882,0.24130523952930882,0.02282895819938794,0.02282895819938794,0.02282895819938794,4.0,0.017178379593040256,0.9828216204069598,0.0
0.9973139049634654,0.9973139049634654,0.9973139049634654,0.05,0.5720593951512446,0.5720593951512446,0.5720593951512446,0.1265176354869062,0.1265176354869062,0.1265176354869062,4.0,0.031125078261149956,0.96887492173885,0.0
0.7119102963493432,0.7119102963493432,0.7119102963493432,0.05,0.38610060416344194,0.38610060416344194,0.38610060416344194,0.3053561579740127,0.3053561579740127,0.3053561579740127,4.0,0.18178117583992873,0.8182188241600713,0.0
0.5783162454702738,0.5783162454702738,0.5783162454702738,0.05,0.25820040305823816,0.25820040305823816,0.25820040305823816,0.2247004059929584,0.2247004059929584,0.2247004059929584,4.0,0.3204657314791694,0.6795342685208305,0.0
0.9263594294605599,0.9263594294605599,0.9263594294605599,0.05,0.2085984057309543,0.2085984057309543,0.2085984057309543,0.11094820753487977,0.11094820753487977,0.11094820753487977,4.0,0.4182251287949201,0.5817748712050799,0.0
0.392444456702921,0.392444456702921,0.392444456702921,0.05,0.30563056010741907,0.30563056010741907,0.30563056010741907,0.01820648420096012,0.01820648420096012,0.01820648420096012,4.0,0.7204794358352375,0.27952056416476245,0.0
0.63291595770245,0.63291595770245,0.63291595770245,0.05,0.31211903929342294,0.31211903929342294,0.31211903929342294,0.016685715816376245,0.016685715816376245,0.016685715816376245,4.0,0.19035591896294177,0.8096440810370582,0.0
0.34164342281884197,0.34164342281884197,0.34164342281884197,0.05,0.23851810671596013,0.23851810671596013,0.23851810671596013,0.07771320857417989,0.07771320857417989,0.07771320857417989,4.0,0.4610981549514284,0.5389018450485716,0.0
0.8595216001258532,0.8595216001258532,0.8595216001258532,0.05,0.5127535497259007,0.5127535497259007,0.5127535497259007,0.21831378926964418,0.21831378926964418,0.21831378926964418,4.0,0.48419585781971386,0.5158041421802861,0.0
0.9267887820018436,0.9267887820018436,0.9267887820018436,0.05,0.3929464324177756,0.3929464324177756,0.3929464324177756,0.13953190951587738,0.13953190951587738,0.13953190951587738,4.0,0.6079734900220661,0.39202650997793387,0.0
0.9458066828754819,0.9458066828754819,0.9458066828754819,0.05,0.2617697960410004,0.2617697960410004,0.2617697960410004,0.07697604636025178,0.07697604636025178,0.07697604636025178,4.0,0.06256051365517581,0.9374394863448242,0.0
0.8023753586337383,0.8023753586337383,0.8023753586337383,0.05,0.1716706398613794,0.1716706398613794,0.1716706398613794,0.06669752433111287,0.06669752433111287,0.06669752433111287,4.0,0.7707513009496806,0.22924869905031942,0.0
0.978911677474363,0.978911677474363,0.978911677474363,0.05,0.09992156532091637,0.09992156532091637,0.09992156532091637,0.015597274482523377,0.015597274482523377,0.015597274482523377,4.0,0.8036360028494249,0.19636399715057506,0.0
0.6607850158811459,0.6607850158811459,0.6607850158811459,0.05,0.39694327974254473,0.39694327974254473,0.39694327974254473,0.13977007098829275,0.13977007098829275,0.13977007098829275,4.0,0.9604502318565123,0.03954976814348765,0.0
0.7478130234210643,0.7478130234210643,0.7478130234210643,0.05,0.39444379536604596,0.39444379536604596,0.39444379536604596,0.140009536785554,0.140009536785554,0.140009536785554,4.0,0.6616491181189834,0.3383508818810166,0.0
0.8551967602345811,0.8551967602345811,0.8551967602345811,0.05,0.6056735193332516,0.6056735193332516,0.6056735193332516,0.17098756296936932,0.17098756296936932,0.17098756296936932,4.0,0.1007457496472924,0.8992542503527076,0.0
0.9692891623752248,0.9692891623752248,0.9692891623752248,0.05,0.5856142350357363,0.5856142350357363,0.5856142350357363,0.1613881772626762,0.1613881772626762,0.1613881772626762,4.0,0.880557937752476,0.11944206224752396,0.0
0.6652443312375348,0.6652443312375348,0.6652443312375348,0.05,0.32429142068787475,0.32429142068787475,0.32429142068787475,0.17562644016188497,0.17562644016188497,0.17562644016188497,4.0,0.3453760790680888,0.6546239209319111,0.0
0.961633966417719,0.961633966417719,0.961633966417719,0.05,0.4904679229556447,0.4904679229556447,0.4904679229556447,0.31895038939182563,0.31895038939182563,0.31895038939182563,4.0,0.9592102509855033,0.04078974901449672,0.0
0.8725670552181368,0.8725670552181368,0.8725670552181368,0.05,0.5030498465261087,0.5030498465261087,0.5030498465261087,0.2595478200716538,0.2595478200716538,0.2595478200716538,4.0,0.9983388949472342,0.0016611050527658433,0.0
0.9249002434788784,0.9249002434788784,0.9249002434788784,0.05,0.5558707741267159,0.5558707741267159,0.5558707741267159,0.1306655903404026,0.1306655903404026,0.1306655903404026,4.0,0.7101769785189096,0.2898230214810904,0.0
0.8092782157188227,0.8092782157188227,0.8092782157188227,0.05,0.3511727439731354,0.3511727439731354,0.3511727439731354,0.17332221256755295,0.17332221256755295,0.17332221256755295,4.0,0.36507101002124576,0.6349289899787542,0.0
0.9957298448712951,0.9957298448712951,0.9957298448712951,0.05,0.548541822755332,0.548541822755332,0.548541822755332,0.39701188370160495,0.39701188370160495,0.39701188370160495,4.0,0.9846549637002598,0.015345036299740156,0.0
0.9028426491341538,0.9028426491341538,0.9028426491341538,0.05,0.6444762303873852,0.6444762303873852,0.6444762303873852,0.08712319278931606,0.08712319278931606,0.08712319278931606,4.0,0.8790130026374182,0.12098699736258178,0.0
0.9693708732072587,0.9693708732072587,0.9693708732072587,0.05,0.4821183075278147,0.4821183075278147,0.4821183075278147,0.4019526475019239,0.4019526475019239,0.4019526475019239,4.0,0.897940937087259,0.10205906291274103,0.0
0.9054350319852529,0.9054350319852529,0.9054350319852529,0.05,0.45498358574082826,0.45498358574082826,0.45498358574082826,0.010244345426387356,0.010244345426387356,0.010244345426387356,4.0,0.912608881199365,0.08739111880063499,0.0
0.5839049116891479,0.5839049116891479,0.5839049116891479,0.05,0.16957208185023148,0.16957208185023148,0.16957208185023148,0.0462930179118809,0.0462930179118809,0.0462930179118809,4.0,0.38471819119666206,0.6152818088033379,0.0
0.7793476090058609,0.7793476090058609,0.7793476090058609,0.05,0.25453357489789374,0.25453357489789374,0.25453357489789374,0.02609800527608137,0.02609800527608137,0.02609800527608137,4.0,0.7825534958890744,0.2174465041109256,0.0
0.9139045367121611,0.9139045367121611,0.9139045367121611,0.05,0.5323532237214648,0.5323532237214648,0.5323532237214648,0.37516468262517383,0.37516468262517383,0.37516468262517383,4.0,0.5171711347060285,0.4828288652939715,0.0
0.8865445248027815,0.8865445248027815,0.8865445248027815,0.05,0.7944699925714083,0.7944699925714083,0.7944699925714083,0.08394873761609477,0.08394873761609477,0.08394873761609477,4.0,0.8840352653401973,0.11596473465980273,0.0
0.9751864984557672,0.9751864984557672,0.9751864984557672,0.05,0.6626401213987765,0.6626401213987765,0.6626401213987765,0.01591643456666595,0.01591643456666595,0.01591643456666595,4.0,0.34077707075519176,0.6592229292448082,0.0
0.6778469952002989,0.6778469952002989,0.6778469952002989,0.05,0.25576988171399895,0.25576988171399895,0.25576988171399895,0.14049433735800598,0.14049433735800598,0.14049433735800598,4.0,0.7455615513126315,0.25443844868736853,0.0
0.7057580590367892,0.7057580590367892,0.7057580590367892,0.05,0.5546571832373248,0.5546571832373248,0.5546571832373248,0.11668405950426655,0.11668405950426655,0.11668405950426655,4.0,0.558504052464189,0.441495947535811,0.0
0.9963631550237322,0.9963631550237322,0.9963631550237322,0.05,0.6049915001611097,0.6049915001611097,0.6049915001611097,0.0950630089323551,0.0950630089323551,0.0950630089323551,4.0,0.7934356249139338,0.20656437508606618,0.0
0.9881625676422885,0.9881625676422885,0.9881625676422885,0.05,0.7075054184211816,0.7075054184211816,0.7075054184211816,0.05360080996133665,0.05360080996133665,0.05360080996133665,4.0,0.4065655804863385,0.5934344195136615,0.0
0.7149794460052588,0.7149794460052588,0.7149794460052588,0.05,0.37515442044177566,0.37515442044177566,0.37515442044177566,0.006964527714661591,0.006964527714661591,0.006964527714661591,4.0,0.7413109354583097,0.2586890645416903,0.0
0.9055474835865585,0.9055474835865585,0.9055474835865585,0.05,0.5177797337903544,0.5177797337903544,0.5177797337903544,0.19547187311613634,0.19547187311613634,0.19547187311613634,4.0,0.8499706257032111,0.15002937429678886,0.0
0.8295192636875338,0.8295192636875338,0.8295192636875338,0.05,0.7145731215056252,0.7145731215056252,0.7145731215056252,0.02222221225630618,0.02222221225630618,0.02222221225630618,4.0,0.970565356289692,0.029434643710308017,0.0
0.8182147570701106,0.8182147570701106,0.8182147570701106,0.05,0.6385538909506817,0.6385538909506817,0.6385538909506817,0.1757802630477676,0.1757802630477676,0.1757802630477676,4.0,0.672015600096579,0.327984399903421,0.0
0.72419814019675,0.72419814019675,0.72419814019675,0.05,0.42640480981564866,0.42640480981564866,0.42640480981564866,0.13134095722532108,0.13134095722532108,0.13134095722532108,4.0,0.7070549046620727,0.29294509533792734,0.0
0.683473164403738,0.683473164403738,0.683473164403738,0.05,0.1192856019454725,0.1192856019454725,0.1192856019454725,0.11200825307018941,0.11200825307018941,0.11200825307018941,4.0,0.8542583328643764,0.14574166713562364,0.0
0.9128926793636205,0.9128926793636205,0.9128926793636205,0.05,0.460270827443383,0.460270827443383,0.460270827443383,0.3342177049955216,0.3342177049955216,0.3342177049955216,4.0,0.7321087622244977,0.2678912377755023,0.0
0.9315325929264331,0.9315325929264331,0.9315325929264331,0.05,0.4961021190295724,0.4961021190295724,0.4961021190295724,0.32545256836997255,0.32545256836997255,0.32545256836997255,4.0,0.1276706165741434,0.8723293834258566,0.0
0.5099245197911131,0.5099245197911131,0.5099245197911131,0.05,0.46310569438698374,0.46310569438698374,0.46310569438698374,0.037518798394115725,0.037518798394115725,0.037518798394115725,4.0,0.6616448314626505,0.3383551685373495,0.0
0.6826648044455675,0.6826648044455675,0.6826648044455675,0.05,0.46723984954038045,0.46723984954038045,0.46723984954038045,0.20652687769889236,0.20652687769889236,0.20652687769889236,4.0,0.28476643233908994,0.7152335676609101,0.0
0.9865494981297842,0.9865494981297842,0.9865494981297842,0.05,0.5641790386684506,0.5641790386684506,0.5641790386684506,0.21650336497249922,0.21650336497249922,0.21650336497249922,4.0,0.27284777085587975,0.7271522291441203,0.0
0.8974988489798497,0.8974988489798497,0.8974988489798497,0.05,0.17316250843037698,0.17316250843037698,0.17316250843037698,0.026685988796322994,0.026685988796322994,0.026685988796322994,4.0,0.8650690342292546,0.13493096577074537,0.0
0.9465746873236193,0.9465746873236193,0.9465746873236193,0.05,0.3936260227050532,0.3936260227050532,0.3936260227050532,0.10567224680066888,0.10567224680066888,0.10567224680066888,4.0,0.11322584163182661,0.8867741583681734,0.0
0.9659147054049315,0.9659147054049315,0.9659147054049315,0.05,0.2824446865779969,0.2824446865779969,0.2824446865779969,0.07027179415887191,0.07027179415887191,0.07027179415887191,4.0,0.5697132800896241,0.4302867199103759,0.0
0.7982162444840398,0.7982162444840398,0.7982162444840398,0.05,0.14315967197648746,0.14315967197648746,0.14315967197648746,0.012730463484346916,0.012730463484346916,0.012730463484346916,4.0,0.2815517541058011,0.718448245894199,0.0
0.6584828451816119,0.6584828451816119,0.6584828451816119,0.05,0.27666411424916354,0.27666411424916354,0.27666411424916354,0.052601098833635264,0.052601098833635264,0.052601098833635264,4.0,0.9681429567296553,0.031857043270344665,0.0
0.9547556967938982,0.9547556967938982,0.9547556967938982,0.05,0.3847379450703299,0.3847379450703299,0.3847379450703299,0.3312394977082093,0.3312394977082093,0.3312394977082093,4.0,0.0089284028943897,0.9910715971056103,0.0
0.5782776316300305,0.5782776316300305,0.5782776316300305,0.05,0.2851117590562197,0.2851117590562197,0.2851117590562197,0.05651489332326347,0.05651489332326347,0.05651489332326347,4.0,0.9864872543475379,0.013512745652462077,0.0
0.9136353643739049,0.9136353643739049,0.9136353643739049,0.05,0.44516824789237225,0.44516824789237225,0.44516824789237225,0.3323607786281002,0.3323607786281002,0.3323607786281002,4.0,0.8879841181617604,0.11201588183823963,0.0
0.47602000759848745,0.47602000759848745,0.47602000759848745,0.05,0.34146294579399206,0.34146294579399206,0.34146294579399206,0.10545140557133295,0.10545140557133295,0.10545140557133295,4.0,0.9448468369659222,0.0551531630340778,0.0
0.814185859023836,0.814185859023836,0.814185859023836,0.05,0.23151802901844412,0.23151802901844412,0.23151802901844412,0.23020853933315327,0.23020853933315327,0.23020853933315327,4.0,0.6532868377629875,0.34671316223701254,0.0
0.8523325089318617,0.8523325089318617,0.8523325089318617,0.05,0.39046151306948695,0.39046151306948695,0.39046151306948695,0.35147933951048205,0.35147933951048205,0.35147933951048205,4.0,0.27700690049057153,0.7229930995094285,0.0
0.6742123467430422,0.6742123467430422,0.6742123467430422,0.05,0.3321002973841061,0.3321002973841061,0.3321002973841061,0.12903673241792024,0.12903673241792024,0.12903673241792024,4.0,0.8615247743208744,0.13847522567912562,0.0
0.6854172100453071,0.6854172100453071,0.6854172100453071,0.05,0.19279244704633217,0.19279244704633217,0.19279244704633217,0.02961395650889781,0.02961395650889781,0.02961395650889781,4.0,0.34731079728976266,0.6526892027102373,0.0
0.9634776308166998,0.9634776308166998,0.9634776308166998,0.05,0.43194333486162234,0.43194333486162234,0.43194333486162234,0.07670528302887338,0.07670528302887338,0.07670528302887338,4.0,0.1851245647046097,0.8148754352953903,0.0
0.40695170407066356,0.40695170407066356,0.40695170407066356,0.05,0.08849064884404784,0.08849064884404784,0.08849064884404784,0.04386918204783156,0.04386918204783156,0.04386918204783156,4.0,0.6743701364092854,0.32562986359071455,0.0
0.6051240768522007,0.6051240768522007,0.6051240768522007,0.05,0.3019442422044474,0.3019442422044474,0.3019442422044474,0.09508721713618605,0.09508721713618605,0.09508721713618605,4.0,0.8384786407348929,0.16152135926510713,0.0
0.7998209100304405,0.7998209100304405,0.7998209100304405,0.05,0.10887618032472954,0.10887618032472954,0.10887618032472954,0.015865049781700925,0.015865049781700925,0.015865049781700925,4.0,0.6863786062723373,0.31362139372766273,0.0
0.5481331910798859,0.5481331910798859,0.5481331910798859,0.05,0.38709764453114265,0.38709764453114265,0.38709764453114265,0.021768827733088834,0.021768827733088834,0.021768827733088834,4.0,0.8160372676432996,0.18396273235670035,0.0
0.5237028293479783,0.5237028293479783,0.5237028293479783,0.05,0.28788164533620114,0.28788164533620114,0.28788164533620114,0.08196490455771474,0.08196490455771474,0.08196490455771474,4.0,0.7423943893387158,0.2576056106612842,0.0
0.9617148229224849,0.9617148229224849,0.9617148229224849,0.05,0.5303160694277772,0.5303160694277772,0.5303160694277772,0.23447884168912317,0.23447884168912317,0.23447884168912317,4.0,0.7493059329340357,0.2506940670659643,0.0
0.5542395907644241,0.5542395907644241,0.5542395907644241,0.05,0.2544878754054433,0.2544878754054433,0.2544878754054433,0.14226909206496818,0.14226909206496818,0.14226909206496818,4.0,0.4733943287155631,0.5266056712844369,0.0
0.9850049826512629,0.9850049826512629,0.9850049826512629,0.05,0.4266274205608148,0.4266274205608148,0.4266274205608148,0.08116612184855888,0.08116612184855888,0.08116612184855888,4.0,0.4674962185758992,0.5325037814241008,0.0
0.9874542919128826,0.9874542919128826,0.9874542919128826,0.05,0.101819530346502,0.101819530346502,0.101819530346502,0.010314820551384076,0.010314820551384076,0.010314820551384076,4.0,0.7606361196488298,0.23936388035117018,0.0
0.685325549462882,0.685325549462882,0.685325549462882,0.05,0.6114296608140032,0.6114296608140032,0.6114296608140032,0.037508498671877555,0.037508498671877555,0.037508498671877555,4.0,0.7578677310074327,0.24213226899256735,0.0
0.9501213349146006,0.9501213349146006,0.9501213349146006,0.05,0.3068488663047618,0.3068488663047618,0.3068488663047618,0.04454232424781708,0.04454232424781708,0.04454232424781708,4.0,0.6277322529148571,0.3722677470851429,0.0
0.7906310325807445,0.7906310325807445,0.7906310325807445,0.05,0.2402094679979945,0.2402094679979945,0.2402094679979945,0.14051944593673357,0.14051944593673357,0.14051944593673357,4.0,0.4655364238075607,0.5344635761924392,0.0
0.9583296648692852,0.9583296648692852,0.9583296648692852,0.05,0.29914596679037236,0.29914596679037236,0.29914596679037236,0.20806050636268167,0.20806050636268167,0.20806050636268167,4.0,0.3198806880184235,0.6801193119815765,0.0
0.45956393898143216,0.45956393898143216,0.45956393898143216,0.05,0.4281625271752304,0.4281625271752304,0.4281625271752304,0.025535975659973766,0.025535975659973766,0.025535975659973766,4.0,0.857061923307594,0.142938076692406,0.0
0.7221793568444573,0.7221793568444573,0.7221793568444573,0.05,0.396690581664208,0.396690581664208,0.396690581664208,0.25941965026869807,0.25941965026869807,0.25941965026869807,4.0,0.011825947390026108,0.9881740526099739,0.0
0.35412094889735796,0.35412094889735796,0.35412094889735796,0.05,0.19537024974781617,0.19537024974781617,0.19537024974781617,0.13858514851823586,0.13858514851823586,0.13858514851823586,4.0,0.5114820380378257,0.48851796196217434,0.0
0.44539086902400865,0.44539086902400865,0.44539086902400865,0.05,0.3769431844995838,0.3769431844995838,0.3769431844995838,0.06843881912195986,0.06843881912195986,0.06843881912195986,4.0,0.4834073799394587,0.5165926200605413,0.0
0.8973895871858337,0.8973895871858337,0.8973895871858337,0.05,0.35025910567465784,0.35025910567465784,0.35025910567465784,0.3326187476373412,0.3326187476373412,0.3326187476373412,4.0,0.7854767792089704,0.2145232207910296,0.0
0.9180842680411767,0.9180842680411767,0.9180842680411767,0.05,0.40909662118828244,0.40909662118828244,0.40909662118828244,0.022576271755178793,0.022576271755178793,0.022576271755178793,4.0,0.653238705887336,0.346761294112664,0.0
0.8799126568051503,0.8799126568051503,0.8799126568051503,0.05,0.7999761641776877,0.7999761641776877,0.7999761641776877,0.04169976643748884,0.04169976643748884,0.04169976643748884,4.0,0.5106833007638123,0.4893166992361877,0.0
0.8786916763858273,0.8786916763858273,0.8786916763858273,0.05,0.7007244005414934,0.7007244005414934,0.7007244005414934,0.01689861664661436,0.01689861664661436,0.01689861664661436,4.0,0.8174973006505468,0.18250269934945318,0.0
0.6173717206692735,0.6173717206692735,0.6173717206692735,0.05,0.23842021562324955,0.23842021562324955,0.23842021562324955,0.1312729422742466,0.1312729422742466,0.1312729422742466,4.0,0.21736166253920186,0.7826383374607981,0.0
0.9264194120699788,0.9264194120699788,0.9264194120699788,0.05,0.23583467838844435,0.23583467838844435,0.23583467838844435,0.08364033451694365,0.08364033451694365,0.08364033451694365,4.0,0.777351432331891,0.22264856766810903,0.0
0.8662371546683312,0.8662371546683312,0.8662371546683312,0.05,0.6494549225287695,0.6494549225287695,0.6494549225287695,0.09068310445713665,0.09068310445713665,0.09068310445713665,4.0,0.6726240238720028,0.3273759761279972,0.0
0.8121458544928786,0.8121458544928786,0.8121458544928786,0.05,0.7374984670862035,0.7374984670862035,0.7374984670862035,0.032461220883873994,0.032461220883873994,0.032461220883873994,4.0,0.05006931590611495,0.949930684093885,0.0
0.980864858530161,0.980864858530161,0.980864858530161,0.05,0.12637106335947373,0.12637106335947373,0.12637106335947373,0.06316865552661309,0.06316865552661309,0.06316865552661309,4.0,0.7396440580877239,0.26035594191227607,0.0
0.7123098666883181,0.7123098666883181,0.7123098666883181,0.05,0.21449598761876698,0.21449598761876698,0.21449598761876698,0.029082825497212694,0.029082825497212694,0.029082825497212694,4.0,0.6604003233971254,0.3395996766028746,0.0
0.9788961484189579,0.9788961484189579,0.9788961484189579,0.05,0.365357859964666,0.365357859964666,0.365357859964666,0.1366455601259785,0.1366455601259785,0.1366455601259785,4.0,0.9069335444930684,0.0930664555069316,0.0
0.7134741971071371,0.7134741971071371,0.7134741971071371,0.05,0.5684508949437689,0.5684508949437689,0.5684508949437689,0.0543987220564856,0.0543987220564856,0.0543987220564856,4.0,0.5343683974213733,0.4656316025786267,0.0
0.7481065434291662,0.7481065434291662,0.7481065434291662,0.05,0.40908653788190225,0.40908653788190225,0.40908653788190225,0.08373469965028647,0.08373469965028647,0.08373469965028647,4.0,0.874044676388783,0.12595532361121697,0.0
0.5979946434917955,0.5979946434917955,0.5979946434917955,0.05,0.37502268847940523,0.37502268847940523,0.37502268847940523,0.0450193183227793,0.0450193183227793,0.0450193183227793,4.0,0.9393557562531687,0.060644243746831306,0.0
0.5345285733102577,0.5345285733102577,0.5345285733102577,0.05,0.18757835639050266,0.18757835639050266,0.18757835639050266,0.03462855165587759,0.03462855165587759,0.03462855165587759,4.0,0.9718847384984368,0.028115261501563182,0.0
0.8984596376320404,0.8984596376320404,0.8984596376320404,0.05,0.5738643041841505,0.5738643041841505,0.5738643041841505,0.2124832082094607,0.2124832082094607,0.2124832082094607,4.0,0.9670339785701236,0.03296602142987637,0.0
0.9299557009346402,0.9299557009346402,0.9299557009346402,0.05,0.7166870250177821,0.7166870250177821,0.7166870250177821,0.14575677264083656,0.14575677264083656,0.14575677264083656,4.0,0.30527633918442,0.69472366081558,0.0
0.7985031435451985,0.7985031435451985,0.7985031435451985,0.05,0.5328207555479475,0.5328207555479475,0.5328207555479475,0.08744738841958444,0.08744738841958444,0.08744738841958444,4.0,0.9042018787890832,0.0957981212109168,0.0
0.9168231680878839,0.9168231680878839,0.9168231680878839,0.05,0.4213066170268729,0.4213066170268729,0.4213066170268729,0.12165243952806441,0.12165243952806441,0.12165243952806441,4.0,0.3438579809043841,0.656142019095616,0.0
0.9648773525627587,0.9648773525627587,0.9648773525627587,0.05,0.7545670421242958,0.7545670421242958,0.7545670421242958,0.10474646137676126,0.10474646137676126,0.10474646137676126,4.0,0.028661651488962533,0.9713383485110375,0.0
0.8218455300720114,0.8218455300720114,0.8218455300720114,0.05,0.4102070334122948,0.4102070334122948,0.4102070334122948,0.10065202574776719,0.10065202574776719,0.10065202574776719,4.0,0.4666149257329673,0.5333850742670327,0.0
0.6952676831647575,0.6952676831647575,0.6952676831647575,0.05,0.14181575655926942,0.14181575655926942,0.14181575655926942,0.10507346180895352,0.10507346180895352,0.10507346180895352,4.0,0.373185976035071,0.626814023964929,0.0
0.6940372793542694,0.6940372793542694,0.6940372793542694,0.05,0.381573150868959,0.381573150868959,0.381573150868959,0.08825379084794271,0.08825379084794271,0.08825379084794271,4.0,0.8352381606063287,0.16476183939367128,0.0
0.9341119495521524,0.9341119495521524,0.9341119495521524,0.05,0.27640004896783216,0.27640004896783216,0.27640004896783216,0.017832040373570203,0.017832040373570203,0.017832040373570203,4.0,0.3258943580114507,0.6741056419885493,0.0
0.6607790251266835,0.6607790251266835,0.6607790251266835,0.05,0.08671778645885282,0.08671778645885282,0.08671778645885282,0.03260205380649373,0.03260205380649373,0.03260205380649373,4.0,0.376665056519584,0.6233349434804161,0.0
0.8864253169932993,0.8864253169932993,0.8864253169932993,0.05,0.4668060423260901,0.4668060423260901,0.4668060423260901,0.08559352356743767,0.08559352356743767,0.08559352356743767,4.0,0.09485593668213232,0.9051440633178677,0.0
0.9215467522943063,0.9215467522943063,0.9215467522943063,0.05,0.7568104551762399,0.7568104551762399,0.7568104551762399,0.12310881247284586,0.12310881247284586,0.12310881247284586,4.0,0.2290131375714787,0.7709868624285213,0.0
0.6832778264507108,0.6832778264507108,0.6832778264507108,0.05,0.11630705805182111,0.11630705805182111,0.11630705805182111,0.11544337965813357,0.11544337965813357,0.11544337965813357,4.0,0.9031275521457052,0.09687244785429483,0.0
0.5985421958542284,0.5985421958542284,0.5985421958542284,0.05,0.23789756463292377,0.23789756463292377,0.23789756463292377,0.15010174918693187,0.15010174918693187,0.15010174918693187,4.0,0.372078213947599,0.627921786052401,0.0
0.653508066024961,0.653508066024961,0.653508066024961,0.05,0.3488499984635292,0.3488499984635292,0.3488499984635292,0.1975196680619331,0.1975196680619331,0.1975196680619331,4.0,0.061770979521599524,0.9382290204784005,0.0
0.8465608827501027,0.8465608827501027,0.8465608827501027,0.05,0.30559548670764286,0.30559548670764286,0.30559548670764286,0.30063872320969753,0.30063872320969753,0.30063872320969753,4.0,0.0016195513999025437,0.9983804486000974,0.0
0.6020831325057909,0.6020831325057909,0.6020831325057909,0.05,0.3166480048846581,0.3166480048846581,0.3166480048846581,0.10778931637971019,0.10778931637971019,0.10778931637971019,4.0,0.005252217702412932,0.9947477822975871,0.0
0.8442860470269397,0.8442860470269397,0.8442860470269397,0.05,0.5231652884406399,0.5231652884406399,0.5231652884406399,0.04113661551794676,0.04113661551794676,0.04113661551794676,4.0,0.49575743943076883,0.5042425605692311,0.0
0.9760738510133519,0.9760738510133519,0.9760738510133519,0.05,0.06857844529568544,0.06857844529568544,0.06857844529568544,0.035641607212822286,0.035641607212822286,0.035641607212822286,4.0,0.04921610994174155,0.9507838900582585,0.0
0.732945625685857,0.732945625685857,0.732945625685857,0.05,0.5835974991619867,0.5835974991619867,0.5835974991619867,0.08715674491909364,0.08715674491909364,0.08715674491909364,4.0,0.07670271578060904,0.923297284219391,0.0
0.7132392026857073,0.7132392026857073,0.7132392026857073,0.05,0.6106895598833272,0.6106895598833272,0.6106895598833272,0.026821644536815143,0.026821644536815143,0.026821644536815143,4.0,0.32724158412568377,0.6727584158743163,0.0
0.3982427750127661,0.3982427750127661,0.3982427750127661,0.05,0.19068971579444907,0.19068971579444907,0.19068971579444907,0.17750204293866406,0.17750204293866406,0.17750204293866406,4.0,0.32299128562422397,0.677008714375776,0.0
0.755590511877487,0.755590511877487,0.755590511877487,0.05,0.28524235819305266,0.28524235819305266,0.28524235819305266,0.2658838376409533,0.2658838376409533,0.2658838376409533,4.0,0.8788925388546007,0.12110746114539928,0.0
0.7416266643060756,0.7416266643060756,0.7416266643060756,0.05,0.1524014556002339,0.1524014556002339,0.1524014556002339,0.09047639160383274,0.09047639160383274,0.09047639160383274,4.0,0.6426221983045975,0.35737780169540245,0.0
0.42060284466542,0.42060284466542,0.42060284466542,0.05,0.27680347662943905,0.27680347662943905,0.27680347662943905,0.06064971258635196,0.06064971258635196,0.06064971258635196,4.0,0.9420259550713146,0.05797404492868541,0.0
0.9428038654689677,0.9428038654689677,0.9428038654689677,0.05,0.16401877645856347,0.16401877645856347,0.16401877645856347,0.0407283540342786,0.0407283540342786,0.0407283540342786,4.0,0.648419483604781,0.35158051639521903,0.0
0.6643211927577234,0.6643211927577234,0.6643211927577234,0.05,0.2694176417798928,0.2694176417798928,0.2694176417798928,0.0339716590698398,0.0339716590698398,0.0339716590698398,4.0,0.7201504807259653,0.2798495192740347,0.0
0.5303867789975636,0.5303867789975636,0.5303867789975636,0.05,0.03367105974521572,0.03367105974521572,0.03367105974521572,0.029458811170247127,0.029458811170247127,0.029458811170247127,4.0,0.9146100368154434,0.0853899631845566,0.0
0.6911646694884236,0.6911646694884236,0.6911646694884236,0.05,0.34904656553235625,0.34904656553235625,0.34904656553235625,0.1633019902815891,0.1633019902815891,0.1633019902815891,4.0,0.5594097652965042,0.4405902347034958,0.0
0.9400750772173749,0.9400750772173749,0.9400750772173749,0.05,0.36386387784485325,0.36386387784485325,0.36386387784485325,0.14705906948046713,0.14705906948046713,0.14705906948046713,4.0,0.7114317817907566,0.2885682182092434,0.0
0.6735216062258885,0.6735216062258885,0.6735216062258885,0.05,0.32846208563600654,0.32846208563600654,0.32846208563600654,0.21583775327898333,0.21583775327898333,0.21583775327898333,4.0,0.7626442156936946,0.23735578430630544,0.0
0.8601146837847063,0.8601146837847063,0.8601146837847063,0.05,0.14115248947434655,0.14115248947434655,0.14115248947434655,0.10248573386445975,0.10248573386445975,0.10248573386445975,4.0,0.6903827132458865,0.3096172867541135,0.0
0.6711032547053752,0.6711032547053752,0.6711032547053752,0.05,0.39360113403091157,0.39360113403091157,0.39360113403091157,0.0531846338818872,0.0531846338818872,0.0531846338818872,4.0,0.6029238411629916,0.3970761588370084,0.0
0.6238415112102501,0.6238415112102501,0.6238415112102501,0.05,0.38763365812459966,0.38763365812459966,0.38763365812459966,0.05090025301481394,0.05090025301481394,0.05090025301481394,4.0,0.39915608041094697,0.600843919589053,0.0
0.7479369046306366,0.7479369046306366,0.7479369046306366,0.05,0.5331120071251669,0.5331120071251669,0.5331120071251669,0.21064116052922863,0.21064116052922863,0.21064116052922863,4.0,0.5722515339680194,0.4277484660319806,0.0
0.5132247929241638,0.5132247929241638,0.5132247929241638,0.05,0.3744503501826001,0.3744503501826001,0.3744503501826001,0.028759399600099378,0.028759399600099378,0.028759399600099378,4.0,0.7355932055401898,0.2644067944598102,0.0
0.47485475718474296,0.47485475718474296,0.47485475718474296,0.05,0.280242600646329,0.280242600646329,0.280242600646329,0.15074184174679173,0.15074184174679173,0.15074184174679173,4.0,0.530983466055234,0.46901653394476595,0.0
0.8344039447279803,0.8344039447279803,0.8344039447279803,0.05,0.34637626395041105,0.34637626395041105,0.34637626395041105,0.22127233626327936,0.22127233626327936,0.22127233626327936,4.0,0.3019146161802555,0.6980853838197445,0.0
0.3330564837304464,0.3330564837304464,0.3330564837304464,0.05,0.12726464299086684,0.12726464299086684,0.12726464299086684,0.08521844052896549,0.08521844052896549,0.08521844052896549,4.0,0.8164230635588366,0.18357693644116335,0.0
0.7439534163520131,0.7439534163520131,0.7439534163520131,0.05,0.33017638503791086,0.33017638503791086,0.33017638503791086,0.18664805358670938,0.18664805358670938,0.18664805358670938,4.0,0.982140964688408,0.017859035311592053,0.0
0.9622189229102598,0.9622189229102598,0.9622189229102598,0.05,0.06347006910041696,0.06347006910041696,0.06347006910041696,0.015017664964046397,0.015017664964046397,0.015017664964046397,4.0,0.7447192466017853,0.25528075339821465,0.0
0.7684231391194808,0.7684231391194808,0.7684231391194808,0.05,0.3876353042304364,0.3876353042304364,0.3876353042304364,0.27460878090914215,0.27460878090914215,0.27460878090914215,4.0,0.848072791451567,0.151927208548433,0.0
0.9215706631665392,0.9215706631665392,0.9215706631665392,0.05,0.260522076478403,0.260522076478403,0.260522076478403,0.10656470788180532,0.10656470788180532,0.10656470788180532,4.0,0.5315891041116845,0.4684108958883155,0.0
0.5685959932118924,0.5685959932118924,0.5685959932118924,0.05,0.25574193976170667,0.25574193976170667,0.25574193976170667,0.17423760325223067,0.17423760325223067,0.17423760325223067,4.0,0.8908617475724244,0.10913825242757558,0.0
0.7743587755303815,0.7743587755303815,0.7743587755303815,0.05,0.2164827776246117,0.2164827776246117,0.2164827776246117,0.08492036877094938,0.08492036877094938,0.08492036877094938,4.0,0.29803396170506496,0.7019660382949351,0.0
0.9665114873410965,0.9665114873410965,0.9665114873410965,0.05,0.17886556557305422,0.17886556557305422,0.17886556557305422,0.09410084439177885,0.09410084439177885,0.09410084439177885,4.0,0.6838574872084612,0.3161425127915388,0.0
0.9496853384496591,0.9496853384496591,0.9496853384496591,0.05,0.39328478532725786,0.39328478532725786,0.39328478532725786,0.3367696392211986,0.3367696392211986,0.3367696392211986,4.0,0.2585246579493072,0.7414753420506928,0.0
0.2411582203477184,0.2411582203477184,0.2411582203477184,0.05,0.10110848430677984,0.10110848430677984,0.10110848430677984,0.039856314165793646,0.039856314165793646,0.039856314165793646,4.0,0.3267516085551224,0.6732483914448776,0.0
0.9868661247104343,0.9868661247104343,0.9868661247104343,0.05,0.26108288171561933,0.26108288171561933,0.26108288171561933,0.043829463455567555,0.043829463455567555,0.043829463455567555,4.0,0.5301029578003832,0.4698970421996168,0.0
0.5588584118504417,0.5588584118504417,0.5588584118504417,0.05,0.3674487747578277,0.3674487747578277,0.3674487747578277,0.12390979075376587,0.12390979075376587,0.12390979075376587,4.0,0.0870967557278707,0.9129032442721293,0.0
0.9155130463204785,0.9155130463204785,0.9155130463204785,0.05,0.8335612960393379,0.8335612960393379,0.8335612960393379,0.027391911112406905,0.027391911112406905,0.027391911112406905,4.0,0.245077534241154,0.754922465758846,0.0
0.9339874202089135,0.9339874202089135,0.9339874202089135,0.05,0.56278506749958,0.56278506749958,0.56278506749958,0.015626212240841455,0.015626212240841455,0.015626212240841455,4.0,0.9446145210839049,0.05538547891609513,0.0
0.9868563598346292,0.9868563598346292,0.9868563598346292,0.05,0.538780613771614,0.538780613771614,0.538780613771614,0.2568646935883944,0.2568646935883944,0.2568646935883944,4.0,0.6626814429758552,0.3373185570241448,0.0
0.723264763773433,0.723264763773433,0.723264763773433,0.05,0.4818592570142978,0.4818592570142978,0.4818592570142978,0.16203904880066605,0.16203904880066605,0.16203904880066605,4.0,0.4589710429162314,0.5410289570837685,0.0
0.6378745799989746,0.6378745799989746,0.6378745799989746,0.05,0.3027286922085426,0.3027286922085426,0.3027286922085426,0.1525470800344927,0.1525470800344927,0.1525470800344927,4.0,0.3400637937113839,0.659936206288616,0.0
0.9068863749481252,0.9068863749481252,0.9068863749481252,0.05,0.3005188211811707,0.3005188211811707,0.3005188211811707,0.1140554507954383,0.1140554507954383,0.1140554507954383,4.0,0.34521852010480086,0.6547814798951992,0.0
0.932827027917662,0.932827027917662,0.932827027917662,0.05,0.6425646097322277,0.6425646097322277,0.6425646097322277,0.1702600521343616,0.1702600521343616,0.1702600521343616,4.0,0.6928825769272987,0.3071174230727013,0.0
0.8685127107337525,0.8685127107337525,0.8685127107337525,0.05,0.47513840032662685,0.47513840032662685,0.47513840032662685,0.1946902000997835,0.1946902000997835,0.1946902000997835,4.0,0.5452615728677058,0.4547384271322942,0.0
0.8952184930757864,0.8952184930757864,0.8952184930757864,0.05,0.5674937872197534,0.5674937872197534,0.5674937872197534,0.11377746288848625,0.11377746288848625,0.11377746288848625,4.0,0.5165818687816315,0.4834181312183685,0.0
0.8644452973472803,0.8644452973472803,0.8644452973472803,0.05,0.4074425944328325,0.4074425944328325,0.4074425944328325,0.3576761920727075,0.3576761920727075,0.3576761920727075,4.0,0.39965213511587744,0.6003478648841225,0.0
0.8171533557700013,0.8171533557700013,0.8171533557700013,0.05,0.7814934507684634,0.7814934507684634,0.7814934507684634,0.0011835650882432974,0.0011835650882432974,0.0011835650882432974,4.0,0.4216304704525994,0.5783695295474006,0.0
0.7088235422004733,0.7088235422004733,0.7088235422004733,0.05,0.3624426538116095,0.3624426538116095,0.3624426538116095,0.25853848093351756,0.25853848093351756,0.25853848093351756,4.0,0.8337099461488916,0.1662900538511084,0.0
0.9062738228580983,0.9062738228580983,0.9062738228580983,0.05,0.24589447217731086,0.24589447217731086,0.24589447217731086,0.12340086465351154,0.12340086465351154,0.12340086465351154,4.0,0.5693412075991837,0.4306587924008163,0.0
0.5542704286895112,0.5542704286895112,0.5542704286895112,0.05,0.4159448942042455,0.4159448942042455,0.4159448942042455,0.0460586120354375,0.0460586120354375,0.0460586120354375,4.0,0.6666990744517534,0.33330092554824664,0.0
0.4640257614244325,0.4640257614244325,0.4640257614244325,0.05,0.17619867704362618,0.17619867704362618,0.17619867704362618,0.15580479973472108,0.15580479973472108,0.15580479973472108,4.0,0.9540090935445551,0.0459909064554449,0.0
0.6021569578308491,0.6021569578308491,0.6021569578308491,0.05,0.3968839397605436,0.3968839397605436,0.3968839397605436,0.14547777431774578,0.14547777431774578,0.14547777431774578,4.0,0.7273935124991041,0.2726064875008959,0.0
0.3393259335446728,0.3393259335446728,0.3393259335446728,0.05,0.25088075701864393,0.25088075701864393,0.25088075701864393,0.07099974378321317,0.07099974378321317,0.07099974378321317,4.0,0.7737454090026427,0.22625459099735734,0.0
0.7544127715592195,0.7544127715592195,0.7544127715592195,0.05,0.26853698687117983,0.26853698687117983,0.26853698687117983,0.19167310509474378,0.19167310509474378,0.19167310509474378,4.0,0.16221602518089048,0.8377839748191095,0.0
0.6785078251625078,0.6785078251625078,0.6785078251625078,0.05,0.27987271154053217,0.27987271154053217,0.27987271154053217,0.1804013596449949,0.1804013596449949,0.1804013596449949,4.0,0.2143814159160706,0.7856185840839294,0.0
0.8587231613310673,0.8587231613310673,0.8587231613310673,0.05,0.36725720710314624,0.36725720710314624,0.36725720710314624,0.011693326351667865,0.011693326351667865,0.011693326351667865,4.0,0.5909535821245762,0.40904641787542384,0.0
0.8981706974393866,0.8981706974393866,0.8981706974393866,0.05,0.6132217071236219,0.6132217071236219,0.6132217071236219,0.08894780820912905,0.08894780820912905,0.08894780820912905,4.0,0.15319473611197823,0.8468052638880218,0.0
0.73448212769445,0.73448212769445,0.73448212769445,0.05,0.11094951251654035,0.11094951251654035,0.11094951251654035,0.06107409656207783,0.06107409656207783,0.06107409656207783,4.0,0.5476015808876605,0.45239841911233947,0.0
0.7607209761095721,0.7607209761095721,0.7607209761095721,0.05,0.3308066653420672,0.3308066653420672,0.3308066653420672,0.18884321696686024,0.18884321696686024,0.18884321696686024,4.0,0.36437262158823475,0.6356273784117652,0.0
0.520650764843068,0.520650764843068,0.520650764843068,0.05,0.24037957197304968,0.24037957197304968,0.24037957197304968,0.0023301761121938035,0.0023301761121938035,0.0023301761121938035,4.0,0.28836681772197037,0.7116331822780296,0.0
0.682861788552163,0.682861788552163,0.682861788552163,0.05,0.280607781461305,0.280607781461305,0.280607781461305,0.25567287681930523,0.25567287681930523,0.25567287681930523,4.0,0.8735486643303246,0.12645133566967537,0.0
0.7207122048797425,0.7207122048797425,0.7207122048797425,0.05,0.31654637504714744,0.31654637504714744,0.31654637504714744,0.18186731771519504,0.18186731771519504,0.18186731771519504,4.0,0.41505255509826644,0.5849474449017336,0.0
0.5087388465365851,0.5087388465365851,0.5087388465365851,0.05,0.2641937631957708,0.2641937631957708,0.2641937631957708,0.22152887868078538,0.22152887868078538,0.22152887868078538,4.0,0.5282304024137179,0.4717695975862821,0.0
0.5631314619846447,0.5631314619846447,0.5631314619846447,0.05,0.13854469710672124,0.13854469710672124,0.13854469710672124,0.13539960666424736,0.13539960666424736,0.13539960666424736,4.0,0.8428807085440175,0.15711929145598247,0.0
0.8172543426513491,0.8172543426513491,0.8172543426513491,0.05,0.700875090043451,0.700875090043451,0.700875090043451,0.04679019586816067,0.04679019586816067,0.04679019586816067,4.0,0.8036910734457713,0.1963089265542287,0.0
0.7738545585497334,0.7738545585497334,0.7738545585497334,0.05,0.28527664632280353,0.28527664632280353,0.28527664632280353,0.19188272574682788,0.19188272574682788,0.19188272574682788,4.0,0.4430891604428756,0.5569108395571244,0.0
0.23117354351204164,0.23117354351204164,0.23117354351204164,0.05,0.19346565044848454,0.19346565044848454,0.19346565044848454,0.008979451160021513,0.008979451160021513,0.008979451160021513,4.0,0.12317982926347681,0.8768201707365232,0.0
0.9756836746308016,0.9756836746308016,0.9756836746308016,0.05,0.25471325145025875,0.25471325145025875,0.25471325145025875,0.1328113821484192,0.1328113821484192,0.1328113821484192,4.0,0.5442938809623107,0.4557061190376893,0.0
0.6905289474618044,0.6905289474618044,0.6905289474618044,0.05,0.2515106967556807,0.2515106967556807,0.2515106967556807,0.180989716912602,0.180989716912602,0.180989716912602,4.0,0.6474038470269767,0.35259615297302327,0.0
0.2586234180180466,0.2586234180180466,0.2586234180180466,0.05,0.10757709303144386,0.10757709303144386,0.10757709303144386,0.03391401026165549,0.03391401026165549,0.03391401026165549,4.0,0.16613979573951076,0.8338602042604892,0.0
0.7057392410924308,0.7057392410924308,0.7057392410924308,0.05,0.4582519242221731,0.4582519242221731,0.4582519242221731,0.009007403612560375,0.009007403612560375,0.009007403612560375,4.0,0.08487666272680258,0.9151233372731974,0.0
0.9108516162398187,0.9108516162398187,0.9108516162398187,0.05,0.20934615842327803,0.20934615842327803,0.20934615842327803,0.06111836795178881,0.06111836795178881,0.06111836795178881,4.0,0.2079595493972724,0.7920404506027277,0.0
0.9658849640138201,0.9658849640138201,0.9658849640138201,0.05,0.3624871357730934,0.3624871357730934,0.3624871357730934,0.17231422399742627,0.17231422399742627,0.17231422399742627,4.0,0.7328015608444611,0.26719843915553887,0.0
0.9102209512148183,0.9102209512148183,0.9102209512148183,0.05,0.574310333765113,0.574310333765113,0.574310333765113,0.206932214734813,0.206932214734813,0.206932214734813,4.0,0.9334032227514452,0.06659677724855484,0.0
0.9701907973888664,0.9701907973888664,0.9701907973888664,0.05,0.6688178630096352,0.6688178630096352,0.6688178630096352,0.20366672641556172,0.20366672641556172,0.20366672641556172,4.0,0.7470829110281578,0.2529170889718422,0.0
0.785646970019242,0.785646970019242,0.785646970019242,0.05,0.2277931225931318,0.2277931225931318,0.2277931225931318,0.18603414456367823,0.18603414456367823,0.18603414456367823,4.0,0.9140716605523758,0.08592833944762424,0.0
0.9961375645018163,0.9961375645018163,0.9961375645018163,0.05,0.3239256790532953,0.3239256790532953,0.3239256790532953,0.1943725404176576,0.1943725404176576,0.1943725404176576,4.0,0.49073907900178265,0.5092609209982173,0.0
0.8856035509512638,0.8856035509512638,0.8856035509512638,0.05,0.4358205603832422,0.4358205603832422,0.4358205603832422,0.3305638916589941,0.3305638916589941,0.3305638916589941,4.0,0.36269169421474495,0.6373083057852551,0.0
0.8524822354297895,0.8524822354297895,0.8524822354297895,0.05,0.4579983863836055,0.4579983863836055,0.4579983863836055,0.27352935088916186,0.27352935088916186,0.27352935088916186,4.0,0.24289088156305028,0.7571091184369497,0.0
0.743036503011968,0.743036503011968,0.743036503011968,0.05,0.4307463480109829,0.4307463480109829,0.4307463480109829,0.03351457555662635,0.03351457555662635,0.03351457555662635,4.0,0.7284316872975635,0.27156831270243653,0.0
0.5811739738389144,0.5811739738389144,0.5811739738389144,0.05,0.19809024376162257,0.19809024376162257,0.19809024376162257,0.13378479809400867,0.13378479809400867,0.13378479809400867,4.0,0.19218041599326213,0.8078195840067379,0.0
0.8964847453830164,0.8964847453830164,0.8964847453830164,0.05,0.2013342973133072,0.2013342973133072,0.2013342973133072,0.03942532706468815,0.03942532706468815,0.03942532706468815,4.0,0.49085378507304883,0.5091462149269512,0.0
0.7692300474610545,0.7692300474610545,0.7692300474610545,0.05,0.35177515446257956,0.35177515446257956,0.35177515446257956,0.14584713972791247,0.14584713972791247,0.14584713972791247,4.0,0.478135861856515,0.521864138143485,0.0
0.8989394307498002,0.8989394307498002,0.8989394307498002,0.05,0.5459791905559852,0.5459791905559852,0.5459791905559852,0.3012505840233501,0.3012505840233501,0.3012505840233501,4.0,0.3951868096798488,0.6048131903201512,0.0
0.9037345800976927,0.9037345800976927,0.9037345800976927,0.05,0.4258608277719023,0.4258608277719023,0.4258608277719023,0.37651316811334734,0.37651316811334734,0.37651316811334734,4.0,0.7801248539809172,0.21987514601908276,0.0
0.8506315088902663,0.8506315088902663,0.8506315088902663,0.05,0.2247264959493209,0.2247264959493209,0.2247264959493209,0.15454361075787484,0.15454361075787484,0.15454361075787484,4.0,0.5844082249543858,0.4155917750456142,0.0
0.41626571564098686,0.41626571564098686,0.41626571564098686,0.05,0.1731446279867956,0.1731446279867956,0.1731446279867956,0.03152119055626189,0.03152119055626189,0.03152119055626189,4.0,0.2938693126589606,0.7061306873410393,0.0
0.7970383939425842,0.7970383939425842,0.7970383939425842,0.05,0.1371969248956537,0.1371969248956537,0.1371969248956537,0.08574194544948703,0.08574194544948703,0.08574194544948703,4.0,0.419661919200261,0.5803380807997389,0.0
0.8369603910486927,0.8369603910486927,0.8369603910486927,0.05,0.13340633948061809,0.13340633948061809,0.13340633948061809,0.04147923624319333,0.04147923624319333,0.04147923624319333,4.0,0.12859904189033403,0.871400958109666,0.0
0.28210799121519875,0.28210799121519875,0.28210799121519875,0.05,0.12859822396304332,0.12859822396304332,0.12859822396304332,0.11449329622259083,0.11449329622259083,0.11449329622259083,4.0,0.6907727740058427,0.3092272259941573,0.0
0.3679770854392611,0.3679770854392611,0.3679770854392611,0.05,0.04979684392102983,0.04979684392102983,0.04979684392102983,0.025292756901146643,0.025292756901146643,0.025292756901146643,4.0,0.36869520628010627,0.6313047937198937,0.0
0.7682517280105253,0.7682517280105253,0.7682517280105253,0.05,0.4139397363018959,0.4139397363018959,0.4139397363018959,0.10668451334362547,0.10668451334362547,0.10668451334362547,4.0,0.4064365863923272,0.5935634136076728,0.0
0.9098775226249309,0.9098775226249309,0.9098775226249309,0.05,0.6135119417683947,0.6135119417683947,0.6135119417683947,0.11257814870186228,0.11257814870186228,0.11257814870186228,4.0,0.42732205601018713,0.5726779439898129,0.0
0.9933923827352356,0.9933923827352356,0.9933923827352356,0.05,0.7249150558056958,0.7249150558056958,0.7249150558056958,0.13028509887887468,0.13028509887887468,0.13028509887887468,4.0,0.6446508830837941,0.35534911691620585,0.0
0.926514437481271,0.926514437481271,0.926514437481271,0.05,0.4234549032964989,0.4234549032964989,0.4234549032964989,0.33183368729527746,0.33183368729527746,0.33183368729527746,4.0,0.5320962929637787,0.4679037070362213,0.0
0.8646754167909616,0.8646754167909616,0.8646754167909616,0.05,0.674728018063773,0.674728018063773,0.674728018063773,0.03809038089815225,0.03809038089815225,0.03809038089815225,4.0,0.7730748067481086,0.22692519325189142,0.0
0.33266684623046305,0.33266684623046305,0.33266684623046305,0.05,0.05275484813987551,0.05275484813987551,0.05275484813987551,0.03400892192070651,0.03400892192070651,0.03400892192070651,4.0,0.5041105831670368,0.49588941683296317,0.0
0.32109071145223145,0.32109071145223145,0.32109071145223145,0.05,0.18657627250058012,0.18657627250058012,0.18657627250058012,0.0736781193254142,0.0736781193254142,0.0736781193254142,4.0,0.30073000345697826,0.6992699965430218,0.0
0.6021866590881255,0.6021866590881255,0.6021866590881255,0.05,0.21232081032458824,0.21232081032458824,0.21232081032458824,0.1254503629949987,0.1254503629949987,0.1254503629949987,4.0,0.4541157949911839,0.5458842050088162,0.0
0.991663250344644,0.991663250344644,0.991663250344644,0.05,0.6773334733660038,0.6773334733660038,0.6773334733660038,0.13749200025384967,0.13749200025384967,0.13749200025384967,4.0,0.9994832741403762,0.0005167258596238122,0.0
0.7789437971553076,0.7789437971553076,0.7789437971553076,0.05,0.1430674910304556,0.1430674910304556,0.1430674910304556,0.14267564089161425,0.14267564089161425,0.14267564089161425,4.0,0.774261587889575,0.225738412110425,0.0
0.7515244193355701,0.7515244193355701,0.7515244193355701,0.05,0.5725341458431189,0.5725341458431189,0.5725341458431189,0.0009520855922924546,0.0009520855922924546,0.0009520855922924546,4.0,0.6462958249952933,0.35370417500470674,0.0
0.9559197581608493,0.9559197581608493,0.9559197581608493,0.05,0.4471355998400188,0.4471355998400188,0.4471355998400188,0.3554915506011687,0.3554915506011687,0.3554915506011687,4.0,0.4815559835278828,0.5184440164721171,0.0
0.6495330006908445,0.6495330006908445,0.6495330006908445,0.05,0.3934188702933272,0.3934188702933272,0.3934188702933272,0.2130371910377738,0.2130371910377738,0.2130371910377738,4.0,0.5755182898943894,0.42448171010561064,0.0
0.8083122924155169,0.8083122924155169,0.8083122924155169,0.05,0.40413592448808533,0.40413592448808533,0.40413592448808533,0.1656794002313611,0.1656794002313611,0.1656794002313611,4.0,0.23990349655131882,0.7600965034486812,0.0
0.8241556548059737,0.8241556548059737,0.8241556548059737,0.05,0.6598318609574564,0.6598318609574564,0.6598318609574564,0.1555923657380666,0.1555923657380666,0.1555923657380666,4.0,0.9481172681410805,0.05188273185891945,0.0
0.914443265533153,0.914443265533153,0.914443265533153,0.05,0.07920435937130876,0.07920435937130876,0.07920435937130876,0.03384011685464715,0.03384011685464715,0.03384011685464715,4.0,0.6949382246156822,0.3050617753843178,0.0
0.840922740654548,0.840922740654548,0.840922740654548,0.05,0.14698781384637483,0.14698781384637483,0.14698781384637483,0.047700731689214536,0.047700731689214536,0.047700731689214536,4.0,0.09665669134644701,0.903343308653553,0.0
0.9080162464338516,0.9080162464338516,0.9080162464338516,0.05,0.6984733618377266,0.6984733618377266,0.6984733618377266,0.05763965082974628,0.05763965082974628,0.05763965082974628,4.0,0.1640087628404347,0.8359912371595652,0.0
0.6435661762157537,0.6435661762157537,0.6435661762157537,0.05,0.39997099596167746,0.39997099596167746,0.39997099596167746,0.055205894741804214,0.055205894741804214,0.055205894741804214,4.0,0.46200398630614387,0.5379960136938562,0.0
0.8995327607562212,0.8995327607562212,0.8995327607562212,0.05,0.25244987164991567,0.25244987164991567,0.25244987164991567,0.03581373039995058,0.03581373039995058,0.03581373039995058,4.0,0.20193152183892707,0.798068478161073,0.0
0.859673773159516,0.859673773159516,0.859673773159516,0.05,0.3903466869344891,0.3903466869344891,0.3903466869344891,0.2509331123748988,0.2509331123748988,0.2509331123748988,4.0,0.8797140211634873,0.12028597883651271,0.0
0.5594783506914128,0.5594783506914128,0.5594783506914128,0.05,0.19788415299008746,0.19788415299008746,0.19788415299008746,0.10912404549988557,0.10912404549988557,0.10912404549988557,4.0,0.18260277166446662,0.8173972283355334,0.0
0.8559613259069905,0.8559613259069905,0.8559613259069905,0.05,0.2384748307549236,0.2384748307549236,0.2384748307549236,0.00862252113597552,0.00862252113597552,0.00862252113597552,4.0,0.3509466615898043,0.6490533384101957,0.0
0.9605216464944918,0.9605216464944918,0.9605216464944918,0.05,0.7325704423694965,0.7325704423694965,0.7325704423694965,0.1731393947846084,0.1731393947846084,0.1731393947846084,4.0,0.3932012618743094,0.6067987381256905,0.0
0.983152057055908,0.983152057055908,0.983152057055908,0.05,0.47436704916567507,0.47436704916567507,0.47436704916567507,0.16327261313629246,0.16327261313629246,0.16327261313629246,4.0,0.04544922326979828,0.9545507767302017,0.0
0.905880512614515,0.905880512614515,0.905880512614515,0.05,0.5947432798255057,0.5947432798255057,0.5947432798255057,0.0796844387575413,0.0796844387575413,0.0796844387575413,4.0,0.9447853201196176,0.05521467988038242,0.0
0.9266124642136597,0.9266124642136597,0.9266124642136597,0.05,0.8441840720813726,0.8441840720813726,0.8441840720813726,0.003747308202737614,0.003747308202737614,0.003747308202737614,4.0,0.4333805148159474,0.5666194851840526,0.0
0.9180773969252468,0.9180773969252468,0.9180773969252468,0.05,0.28743484521716706,0.28743484521716706,0.28743484521716706,0.06939325086530264,0.06939325086530264,0.06939325086530264,4.0,0.767415417979574,0.23258458202042598,0.0
0.8688191303700517,0.8688191303700517,0.8688191303700517,0.05,0.3430555585464597,0.3430555585464597,0.3430555585464597,0.024200532863453084,0.024200532863453084,0.024200532863453084,4.0,0.6164499008884717,0.38355009911152826,0.0
0.912986208442575,0.912986208442575,0.912986208442575,0.05,0.4956392370111924,0.4956392370111924,0.4956392370111924,0.06298049369143317,0.06298049369143317,0.06298049369143317,4.0,0.8796474687127328,0.1203525312872672,0.0
0.6766810841574599,0.6766810841574599,0.6766810841574599,0.05,0.40961135510888486,0.40961135510888486,0.40961135510888486,0.011347716048513421,0.011347716048513421,0.011347716048513421,4.0,0.24421713043074417,0.7557828695692559,0.0
0.8859469543540479,0.8859469543540479,0.8859469543540479,0.05,0.3427138543288682,0.3427138543288682,0.3427138543288682,0.022913950445201173,0.022913950445201173,0.022913950445201173,4.0,0.8079914878334835,0.1920085121665165,0.0
0.5936730609502859,0.5936730609502859,0.5936730609502859,0.05,0.4780564904472494,0.4780564904472494,0.4780564904472494,0.022476134204527518,0.022476134204527518,0.022476134204527518,4.0,0.3202696220563525,0.6797303779436474,0.0
0.8267868919191843,0.8267868919191843,0.8267868919191843,0.05,0.2344443615649382,0.2344443615649382,0.2344443615649382,0.19053379304635973,0.19053379304635973,0.19053379304635973,4.0,0.606192488967389,0.393807511032611,0.0
0.7740393038265386,0.7740393038265386,0.7740393038265386,0.05,0.4911487308076876,0.4911487308076876,0.4911487308076876,0.20587556652746392,0.20587556652746392,0.20587556652746392,4.0,0.9349503286147793,0.06504967138522066,0.0
0.8942091404027152,0.8942091404027152,0.8942091404027152,0.05,0.3262854856575786,0.3262854856575786,0.3262854856575786,0.0923362414853335,0.0923362414853335,0.0923362414853335,4.0,0.7862204711030772,0.21377952889692275,0.0
0.989812912592009,0.989812912592009,0.989812912592009,0.05,0.21374790295364873,0.21374790295364873,0.21374790295364873,0.16655394510740948,0.16655394510740948,0.16655394510740948,4.0,0.38940464531514324,0.6105953546848568,0.0
0.7576323167843841,0.7576323167843841,0.7576323167843841,0.05,0.2266822091270573,0.2266822091270573,0.2266822091270573,0.20215745654859169,0.20215745654859169,0.20215745654859169,4.0,0.5172109172755464,0.48278908272445364,0.0
0.7269212796561916,0.7269212796561916,0.7269212796561916,0.05,0.4818092026349458,0.4818092026349458,0.4818092026349458,0.13240790377867404,0.13240790377867404,0.13240790377867404,4.0,0.4634868578039164,0.5365131421960836,0.0
0.8195210690171966,0.8195210690171966,0.8195210690171966,0.05,0.45382178452778765,0.45382178452778765,0.45382178452778765,0.23850207771142523,0.23850207771142523,0.23850207771142523,4.0,0.9463736105706094,0.053626389429390575,0.0
0.7447471533114693,0.7447471533114693,0.7447471533114693,0.05,0.12261506440986915,0.12261506440986915,0.12261506440986915,0.05601548572374431,0.05601548572374431,0.05601548572374431,4.0,0.8604338955584749,0.13956610444152506,0.0
0.7748236359490567,0.7748236359490567,0.7748236359490567,0.05,0.5640987181865009,0.5640987181865009,0.5640987181865009,0.08252739297507723,0.08252739297507723,0.08252739297507723,4.0,0.45799598632684774,0.5420040136731523,0.0
0.7877032881996247,0.7877032881996247,0.7877032881996247,0.05,0.7158070819935674,0.7158070819935674,0.7158070819935674,0.06971331275158942,0.06971331275158942,0.06971331275158942,4.0,0.1506415885421896,0.8493584114578104,0.0
0.42273110971124445,0.42273110971124445,0.42273110971124445,0.05,0.2996247919474271,0.2996247919474271,0.2996247919474271,0.026414100685868847,0.026414100685868847,0.026414100685868847,4.0,0.6267603009249515,0.3732396990750485,0.0
0.8807663170939064,0.8807663170939064,0.8807663170939064,0.05,0.5487362241113016,0.5487362241113016,0.5487362241113016,0.31886473956180306,0.31886473956180306,0.31886473956180306,4.0,0.6434655412749513,0.35653445872504874,0.0
0.6234647912100512,0.6234647912100512,0.6234647912100512,0.05,0.2793048028873036,0.2793048028873036,0.2793048028873036,0.12984801880186242,0.12984801880186242,0.12984801880186242,4.0,0.7533164137310292,0.2466835862689708,0.0
0.6147364041135798,0.6147364041135798,0.6147364041135798,0.05,0.39066228898988836,0.39066228898988836,0.39066228898988836,0.10468192186649673,0.10468192186649673,0.10468192186649673,4.0,0.8220374178363747,0.17796258216362526,0.0
0.271273208814982,0.271273208814982,0.271273208814982,0.05,0.20340252156453606,0.20340252156453606,0.20340252156453606,0.0662883987212003,0.0662883987212003,0.0662883987212003,4.0,0.8705955072660582,0.12940449273394183,0.0
0.9530239100606527,0.9530239100606527,0.9530239100606527,0.05,0.45032461490991643,0.45032461490991643,0.45032461490991643,0.0291432799944333,0.0291432799944333,0.0291432799944333,4.0,0.6012390955053052,0.3987609044946948,0.0
0.7507941244868326,0.7507941244868326,0.7507941244868326,0.05,0.17200660584349997,0.17200660584349997,0.17200660584349997,0.05200338347347895,0.05200338347347895,0.05200338347347895,4.0,0.7970127925791614,0.20298720742083864,0.0
0.2835475871383628,0.2835475871383628,0.2835475871383628,0.05,0.10849202751782669,0.10849202751782669,0.10849202751782669,0.056391876558503154,0.056391876558503154,0.056391876558503154,4.0,0.14092145843879536,0.8590785415612047,0.0
0.38185946494196277,0.38185946494196277,0.38185946494196277,0.05,0.17288887196957828,0.17288887196957828,0.17288887196957828,0.021893774523167313,0.021893774523167313,0.021893774523167313,4.0,0.2926988598600952,0.7073011401399047,0.0
0.8059883089316622,0.8059883089316622,0.8059883089316622,0.05,0.5664562832080533,0.5664562832080533,0.5664562832080533,0.05037717369640324,0.05037717369640324,0.05037717369640324,4.0,0.3319007886012033,0.6680992113987967,0.0
0.7996798172315126,0.7996798172315126,0.7996798172315126,0.05,0.2836317186537301,0.2836317186537301,0.2836317186537301,0.17198926704395204,0.17198926704395204,0.17198926704395204,4.0,0.8447126949287418,0.1552873050712582,0.0
0.426832128430308,0.426832128430308,0.426832128430308,0.05,0.24142597845537056,0.24142597845537056,0.24142597845537056,0.08998981800839327,0.08998981800839327,0.08998981800839327,4.0,0.31666161376109836,0.6833383862389016,0.0
0.4408401208897911,0.4408401208897911,0.4408401208897911,0.05,0.1549706202163763,0.1549706202163763,0.1549706202163763,0.06796687696352002,0.06796687696352002,0.06796687696352002,4.0,0.5675725896165471,0.4324274103834529,0.0
0.7884463729568829,0.7884463729568829,0.7884463729568829,0.05,0.11699112725125162,0.11699112725125162,0.11699112725125162,0.008833785249561375,0.008833785249561375,0.008833785249561375,4.0,0.9349523672431639,0.06504763275683612,0.0
0.7779349328320158,0.7779349328320158,0.7779349328320158,0.05,0.16124587974689228,0.16124587974689228,0.16124587974689228,0.10001504820178536,0.10001504820178536,0.10001504820178536,4.0,0.2477623606599219,0.752237639340078,0.0
0.6785053233473147,0.6785053233473147,0.6785053233473147,0.05,0.406364775212934,0.406364775212934,0.406364775212934,0.2686138774458498,0.2686138774458498,0.2686138774458498,4.0,0.8009957353053013,0.19900426469469867,0.0
0.9629890094949864,0.9629890094949864,0.9629890094949864,0.05,0.24784804697394747,0.24784804697394747,0.24784804697394747,0.011344393909059383,0.011344393909059383,0.011344393909059383,4.0,0.6572687644687178,0.34273123553128215,0.0
0.6214153185395656,0.6214153185395656,0.6214153185395656,0.05,0.2904543716513356,0.2904543716513356,0.2904543716513356,0.16119415255345973,0.16119415255345973,0.16119415255345973,4.0,0.23480612403242013,0.7651938759675798,0.0
0.6957840381723088,0.6957840381723088,0.6957840381723088,0.05,0.5445177356314922,0.5445177356314922,0.5445177356314922,0.13317027917812727,0.13317027917812727,0.13317027917812727,4.0,0.8311310472205153,0.16886895277948466,0.0
0.43311230112012433,0.43311230112012433,0.43311230112012433,0.05,0.1817015532999853,0.1817015532999853,0.1817015532999853,0.07915948741688465,0.07915948741688465,0.07915948741688465,4.0,0.2734727898925787,0.7265272101074213,0.0
0.9707377411971666,0.9707377411971666,0.9707377411971666,0.05,0.07069564453245988,0.07069564453245988,0.07069564453245988,0.014811730175606363,0.014811730175606363,0.014811730175606363,4.0,0.5417913805995704,0.45820861940042956,0.0
0.8455467048999359,0.8455467048999359,0.8455467048999359,0.05,0.18306872557913892,0.18306872557913892,0.18306872557913892,0.18258626350039234,0.18258626350039234,0.18258626350039234,4.0,0.4737388415212089,0.5262611584787911,0.0
0.7960158537982746,0.7960158537982746,0.7960158537982746,0.05,0.45535164031880615,0.45535164031880615,0.45535164031880615,0.2830725672691804,0.2830725672691804,0.2830725672691804,4.0,0.903098910582146,0.09690108941785402,0.0
0.7625274206879293,0.7625274206879293,0.7625274206879293,0.05,0.2637664290288007,0.2637664290288007,0.2637664290288007,0.1053683192805594,0.1053683192805594,0.1053683192805594,4.0,0.21194926720974155,0.7880507327902584,0.0
0.8060550726012491,0.8060550726012491,0.8060550726012491,0.05,0.4406557813095317,0.4406557813095317,0.4406557813095317,0.31551118934887606,0.31551118934887606,0.31551118934887606,4.0,0.5444161467498009,0.4555838532501991,0.0
0.6839448572588744,0.6839448572588744,0.6839448572588744,0.05,0.39501948516784885,0.39501948516784885,0.39501948516784885,0.12309129385723454,0.12309129385723454,0.12309129385723454,4.0,0.4127580592745455,0.5872419407254545,0.0
0.9706766156035054,0.9706766156035054,0.9706766156035054,0.05,0.23003212509045223,0.23003212509045223,0.23003212509045223,0.09990350119063851,0.09990350119063851,0.09990350119063851,4.0,0.5297343404428244,0.4702656595571756,0.0
0.957934047175915,0.957934047175915,0.957934047175915,0.05,0.3897279512486018,0.3897279512486018,0.3897279512486018,0.22227642942514567,0.22227642942514567,0.22227642942514567,4.0,0.21730428256950882,0.7826957174304912,0.0
0.822557111735508,0.822557111735508,0.822557111735508,0.05,0.5955009071742723,0.5955009071742723,0.5955009071742723,0.12310080740561505,0.12310080740561505,0.12310080740561505,4.0,0.2954037004681814,0.7045962995318187,0.0
0.35356254060581094,0.35356254060581094,0.35356254060581094,0.05,0.1945214906944795,0.1945214906944795,0.1945214906944795,0.09168910704161391,0.09168910704161391,0.09168910704161391,4.0,0.07950257060078461,0.9204974293992154,0.0
0.6006592970073454,0.6006592970073454,0.6006592970073454,0.05,0.2968182018155271,0.2968182018155271,0.2968182018155271,0.16386022475873813,0.16386022475873813,0.16386022475873813,4.0,0.046440799790736176,0.9535592002092639,0.0
0.82283476773649,0.82283476773649,0.82283476773649,0.05,0.6513778841300326,0.6513778841300326,0.6513778841300326,0.07881935809434534,0.07881935809434534,0.07881935809434534,4.0,0.1071312334834751,0.8928687665165249,0.0
0.8918528636251545,0.8918528636251545,0.8918528636251545,0.05,0.4406154755803599,0.4406154755803599,0.4406154755803599,0.11360334654449289,0.11360334654449289,0.11360334654449289,4.0,0.12355442663296792,0.8764455733670321,0.0
0.45766762202414474,0.45766762202414474,0.45766762202414474,0.05,0.13076859572043,0.13076859572043,0.13076859572043,0.0952105965906087,0.0952105965906087,0.0952105965906087,4.0,0.013979189311234042,0.986020810688766,0.0
0.7423250418537553,0.7423250418537553,0.7423250418537553,0.05,0.12659949266293358,0.12659949266293358,0.12659949266293358,0.06055005067498982,0.06055005067498982,0.06055005067498982,4.0,0.10393494659861341,0.8960650534013865,0.0
0.9054033442902466,0.9054033442902466,0.9054033442902466,0.05,0.550255247383708,0.550255247383708,0.550255247383708,0.3522550828776174,0.3522550828776174,0.3522550828776174,4.0,0.062096227407575366,0.9379037725924246,0.0
0.8140409260521594,0.8140409260521594,0.8140409260521594,0.05,0.39654468402295107,0.39654468402295107,0.39654468402295107,0.006316127665263029,0.006316127665263029,0.006316127665263029,4.0,0.34648153778090646,0.6535184622190935,0.0
0.7287944701484567,0.7287944701484567,0.7287944701484567,0.05,0.10198875958467717,0.10198875958467717,0.10198875958467717,0.027807041137277045,0.027807041137277045,0.027807041137277045,4.0,0.44435195392381166,0.5556480460761883,0.0
0.4122616260070912,0.4122616260070912,0.4122616260070912,0.05,0.17783760575695273,0.17783760575695273,0.17783760575695273,0.04280638378987679,0.04280638378987679,0.04280638378987679,4.0,0.10272291068879862,0.8972770893112014,0.0
0.43331815891998426,0.43331815891998426,0.43331815891998426,0.05,0.1853529277034429,0.1853529277034429,0.1853529277034429,0.0354908344016479,0.0354908344016479,0.0354908344016479,4.0,0.7515085719270094,0.24849142807299063,0.0
0.898807767212542,0.898807767212542,0.898807767212542,0.05,0.4405542437997402,0.4405542437997402,0.4405542437997402,0.3164097513333849,0.3164097513333849,0.3164097513333849,4.0,0.38874254092878113,0.6112574590712189,0.0
0.511200133245286,0.511200133245286,0.511200133245286,0.05,0.4387611604176001,0.4387611604176001,0.4387611604176001,0.044290804184427775,0.044290804184427775,0.044290804184427775,4.0,0.3648228165087471,0.635177183491253,0.0
0.9288333718609958,0.9288333718609958,0.9288333718609958,0.05,0.4227015779885824,0.4227015779885824,0.4227015779885824,0.2561168704984073,0.2561168704984073,0.2561168704984073,4.0,0.17684072609476503,0.8231592739052349,0.0
0.9880964237035184,0.9880964237035184,0.9880964237035184,0.05,0.5675367227644118,0.5675367227644118,0.5675367227644118,0.4191031532778983,0.4191031532778983,0.4191031532778983,4.0,0.1753860502928533,0.8246139497071467,0.0
0.7452148673150366,0.7452148673150366,0.7452148673150366,0.05,0.33045820697477957,0.33045820697477957,0.33045820697477957,0.1993163937814364,0.1993163937814364,0.1993163937814364,4.0,0.28727024547067115,0.7127297545293289,0.0
0.8509042599173802,0.8509042599173802,0.8509042599173802,0.05,0.19212065926659092,0.19212065926659092,0.19212065926659092,0.15227249357875747,0.15227249357875747,0.15227249357875747,4.0,0.6775663081068255,0.3224336918931745,0.0
0.5645108848363909,0.5645108848363909,0.5645108848363909,0.05,0.1516371234831282,0.1516371234831282,0.1516371234831282,0.05550787612506178,0.05550787612506178,0.05550787612506178,4.0,0.6848482363708744,0.31515176362912556,0.0
0.7684264238699285,0.7684264238699285,0.7684264238699285,0.05,0.12040102217690302,0.12040102217690302,0.12040102217690302,0.08130792879693068,0.08130792879693068,0.08130792879693068,4.0,0.2623946793482118,0.7376053206517882,0.0
0.5958330108910987,0.5958330108910987,0.5958330108910987,0.05,0.309824154467626,0.309824154467626,0.309824154467626,0.1872356806003205,0.1872356806003205,0.1872356806003205,4.0,0.14887551478711059,0.8511244852128894,0.0
0.5086550257609642,0.5086550257609642,0.5086550257609642,0.05,0.31822785322297065,0.31822785322297065,0.31822785322297065,0.1809046856197956,0.1809046856197956,0.1809046856197956,4.0,0.4256843248681733,0.5743156751318267,0.0
0.5886511666778139,0.5886511666778139,0.5886511666778139,0.05,0.3103740278960538,0.3103740278960538,0.3103740278960538,0.1549617744023647,0.1549617744023647,0.1549617744023647,4.0,0.7833584253252253,0.21664157467477474,0.0
0.6457551328162483,0.6457551328162483,0.6457551328162483,0.05,0.47956480140557123,0.47956480140557123,0.47956480140557123,0.059142681102258114,0.059142681102258114,0.059142681102258114,4.0,0.3903736119630423,0.6096263880369577,0.0
0.8705800667875045,0.8705800667875045,0.8705800667875045,0.05,0.5251933487082459,0.5251933487082459,0.5251933487082459,0.28776394329923544,0.28776394329923544,0.28776394329923544,4.0,0.8478811015948409,0.15211889840515913,0.0
0.8463440905284392,0.8463440905284392,0.8463440905284392,0.05,0.5487619555234687,0.5487619555234687,0.5487619555234687,0.048070608476989185,0.048070608476989185,0.048070608476989185,4.0,0.9516161487910597,0.04838385120894029,0.0
0.871910889105123,0.871910889105123,0.871910889105123,0.05,0.35464979202795666,0.35464979202795666,0.35464979202795666,0.3071796107863394,0.3071796107863394,0.3071796107863394,4.0,0.3290675057944744,0.6709324942055256,0.0
0.724774330412343,0.724774330412343,0.724774330412343,0.05,0.10058057926974674,0.10058057926974674,0.10058057926974674,0.07687753075642602,0.07687753075642602,0.07687753075642602,4.0,0.11642414401783993,0.88357585598216,0.0
0.7127611238525113,0.7127611238525113,0.7127611238525113,0.05,0.3002264272284971,0.3002264272284971,0.3002264272284971,0.013946523411482822,0.013946523411482822,0.013946523411482822,4.0,0.20820956225540346,0.7917904377445966,0.0
0.4743840426823304,0.4743840426823304,0.4743840426823304,0.05,0.18819606396073515,0.18819606396073515,0.18819606396073515,0.15618067959639675,0.15618067959639675,0.15618067959639675,4.0,0.2469481823978994,0.7530518176021006,0.0
0.45833686849896343,0.45833686849896343,0.45833686849896343,0.05,0.39806083165962264,0.39806083165962264,0.39806083165962264,0.03572200257460851,0.03572200257460851,0.03572200257460851,4.0,0.3710822868627881,0.6289177131372119,0.0
0.9477020509127124,0.9477020509127124,0.9477020509127124,0.05,0.4517097899539145,0.4517097899539145,0.4517097899539145,0.12504630134038536,0.12504630134038536,0.12504630134038536,4.0,0.21693909514877083,0.7830609048512291,0.0
0.805210961092002,0.805210961092002,0.805210961092002,0.05,0.2395428133918734,0.2395428133918734,0.2395428133918734,0.1922504369909293,0.1922504369909293,0.1922504369909293,4.0,0.6133212559628289,0.38667874403717106,0.0
0.822158315603205,0.822158315603205,0.822158315603205,0.05,0.26417646863096267,0.26417646863096267,0.26417646863096267,0.19046570996633627,0.19046570996633627,0.19046570996633627,4.0,0.3903462859622524,0.6096537140377476,0.0
0.7477145740508141,0.7477145740508141,0.7477145740508141,0.05,0.06845639076584585,0.06845639076584585,0.06845639076584585,0.025225976414551137,0.025225976414551137,0.025225976414551137,4.0,0.8443987575020427,0.15560124249795726,0.0
0.976404121969982,0.976404121969982,0.976404121969982,0.05,0.7295933106319136,0.7295933106319136,0.7295933106319136,0.2090734213454448,0.2090734213454448,0.2090734213454448,4.0,0.08973226659341142,0.9102677334065886,0.0
0.7991727806694231,0.7991727806694231,0.7991727806694231,0.05,0.682059507802636,0.682059507802636,0.682059507802636,0.02004788388834575,0.02004788388834575,0.02004788388834575,4.0,0.12769301343460351,0.8723069865653965,0.0
0.6287543069616606,0.6287543069616606,0.6287543069616606,0.05,0.5177155814520807,0.5177155814520807,0.5177155814520807,0.10207836508897492,0.10207836508897492,0.10207836508897492,4.0,0.3916627942665483,0.6083372057334517,0.0
0.42116809750592965,0.42116809750592965,0.42116809750592965,0.05,0.2672208708990805,0.2672208708990805,0.2672208708990805,0.12930855827420332,0.12930855827420332,0.12930855827420332,4.0,0.742671972414329,0.25732802758567097,0.0
0.6611016963342993,0.6611016963342993,0.6611016963342993,0.05,0.12032515509499955,0.12032515509499955,0.12032515509499955,0.04150210449896122,0.04150210449896122,0.04150210449896122,4.0,0.6543456943736082,0.34565430562639177,0.0
0.506741462263909,0.506741462263909,0.506741462263909,0.05,0.26020964709384425,0.26020964709384425,0.26020964709384425,0.07669570683246212,0.07669570683246212,0.07669570683246212,4.0,0.35726445944212837,0.6427355405578716,0.0
0.39708670150687825,0.39708670150687825,0.39708670150687825,0.05,0.21374321547362765,0.21374321547362765,0.21374321547362765,0.013042811648368345,0.013042811648368345,0.013042811648368345,4.0,0.08179313452125565,0.9182068654787443,0.0
0.8296828414318592,0.8296828414318592,0.8296828414318592,0.05,0.17451844035148198,0.17451844035148198,0.17451844035148198,0.15633849895981206,0.15633849895981206,0.15633849895981206,4.0,0.20854105095523584,0.7914589490447641,0.0
0.33003544771845983,0.33003544771845983,0.33003544771845983,0.05,0.2004606288151395,0.2004606288151395,0.2004606288151395,0.12185844147757832,0.12185844147757832,0.12185844147757832,4.0,0.5083103996471454,0.4916896003528546,0.0
0.69381785031949,0.69381785031949,0.69381785031949,0.05,0.27426797455953833,0.27426797455953833,0.27426797455953833,0.043526771537012884,0.043526771537012884,0.043526771537012884,4.0,0.19579478270171538,0.8042052172982846,0.0
0.8971842249214412,0.8971842249214412,0.8971842249214412,0.05,0.13629872099120754,0.13629872099120754,0.13629872099120754,0.11930617689262492,0.11930617689262492,0.11930617689262492,4.0,0.2645644631200244,0.7354355368799756,0.0
0.7832717667321317,0.7832717667321317,0.7832717667321317,0.05,0.40833178317613883,0.40833178317613883,0.40833178317613883,0.147981938144364,0.147981938144364,0.147981938144364,4.0,0.6880871272736498,0.31191287272635015,0.0
0.5396135858814958,0.5396135858814958,0.5396135858814958,0.05,0.28261865947615444,0.28261865947615444,0.28261865947615444,0.09947021504247161,0.09947021504247161,0.09947021504247161,4.0,0.45974138406675896,0.540258615933241,0.0
0.7882608699398458,0.7882608699398458,0.7882608699398458,0.05,0.3378682027987445,0.3378682027987445,0.3378682027987445,0.28029077620169895,0.28029077620169895,0.28029077620169895,4.0,0.9095629867804481,0.09043701321955189,0.0
0.5299773844425454,0.5299773844425454,0.5299773844425454,0.05,0.4259070041249795,0.4259070041249795,0.4259070041249795,0.06948711432519436,0.06948711432519436,0.06948711432519436,4.0,0.9807069138703084,0.019293086129691606,0.0
0.6351879244869207,0.6351879244869207,0.6351879244869207,0.05,0.5887437068440967,0.5887437068440967,0.5887437068440967,0.030353739048539267,0.030353739048539267,0.030353739048539267,4.0,0.9086829094221937,0.09131709057780635,0.0
0.16167591175478815,0.16167591175478815,0.16167591175478815,0.05,0.09664134003264849,0.09664134003264849,0.09664134003264849,0.01458178844846766,0.01458178844846766,0.01458178844846766,4.0,0.7694064357356108,0.23059356426438915,0.0
0.646228813697928,0.646228813697928,0.646228813697928,0.05,0.4799538005231558,0.4799538005231558,0.4799538005231558,0.14426974441978138,0.14426974441978138,0.14426974441978138,4.0,0.36415751585082096,0.635842484149179,0.0
0.9199239795004268,0.9199239795004268,0.9199239795004268,0.05,0.5419674261784612,0.5419674261784612,0.5419674261784612,0.16316636597882514,0.16316636597882514,0.16316636597882514,4.0,0.720447976051009,0.27955202394899104,0.0
0.9686895140934454,0.9686895140934454,0.9686895140934454,0.05,0.49623336467233925,0.49623336467233925,0.49623336467233925,0.38059661972567227,0.38059661972567227,0.38059661972567227,4.0,0.23223643196830046,0.7677635680316995,0.0
0.9836974765386783,0.9836974765386783,0.9836974765386783,0.05,0.4548647188609917,0.4548647188609917,0.4548647188609917,0.05990552980529895,0.05990552980529895,0.05990552980529895,4.0,0.1698191150070011,0.8301808849929989,0.0
0.8744965656359298,0.8744965656359298,0.8744965656359298,0.05,0.40713372184902424,0.40713372184902424,0.40713372184902424,0.014715559596563484,0.014715559596563484,0.014715559596563484,4.0,0.2779642216671577,0.7220357783328424,0.0
0.5377570364256878,0.5377570364256878,0.5377570364256878,0.05,0.16481118793789143,0.16481118793789143,0.16481118793789143,0.01971256226889936,0.01971256226889936,0.01971256226889936,4.0,0.4472712380197478,0.5527287619802522,0.0
0.6842200888807122,0.6842200888807122,0.6842200888807122,0.05,0.45474143130656614,0.45474143130656614,0.45474143130656614,0.1058407531085006,0.1058407531085006,0.1058407531085006,4.0,0.7974084550393176,0.20259154496068243,0.0
0.8734219379660365,0.8734219379660365,0.8734219379660365,0.05,0.5754163328968005,0.5754163328968005,0.5754163328968005,0.0189533358658422,0.0189533358658422,0.0189533358658422,4.0,0.9009737582418619,0.09902624175813812,0.0
0.4126770420773713,0.4126770420773713,0.4126770420773713,0.05,0.173728527090823,0.173728527090823,0.173728527090823,0.12755707438552302,0.12755707438552302,0.12755707438552302,4.0,0.5205700975759234,0.47942990242407657,0.0
0.541108416749699,0.541108416749699,0.541108416749699,0.05,0.24459146492714864,0.24459146492714864,0.24459146492714864,0.1796288003186794,0.1796288003186794,0.1796288003186794,4.0,0.013281263035783464,0.9867187369642165,0.0
0.5725528128372901,0.5725528128372901,0.5725528128372901,0.05,0.385142973639079,0.385142973639079,0.385142973639079,0.0819705907232012,0.0819705907232012,0.0819705907232012,4.0,0.15348309445390457,0.8465169055460955,0.0
0.9165594587797239,0.9165594587797239,0.9165594587797239,0.05,0.1584874366380279,0.1584874366380279,0.1584874366380279,0.033977637111089774,0.033977637111089774,0.033977637111089774,4.0,0.06866685648787345,0.9313331435121266,0.0
0.4014176250663993,0.4014176250663993,0.4014176250663993,0.05,0.33750654549343484,0.33750654549343484,0.33750654549343484,0.012801014941327984,0.012801014941327984,0.012801014941327984,4.0,0.34858999995905826,0.6514100000409417,0.0
0.8862789762206872,0.8862789762206872,0.8862789762206872,0.05,0.47184680738032775,0.47184680738032775,0.47184680738032775,0.19295528254266753,0.19295528254266753,0.19295528254266753,4.0,0.4070104984029724,0.5929895015970277,0.0
0.49402284930489665,0.49402284930489665,0.49402284930489665,0.05,0.4212929395448769,0.4212929395448769,0.4212929395448769,0.019544507508036865,0.019544507508036865,0.019544507508036865,4.0,0.01761310752208165,0.9823868924779183,0.0
0.7913230365432194,0.7913230365432194,0.7913230365432194,0.05,0.34930969028194003,0.34930969028194003,0.34930969028194003,0.11836473904634065,0.11836473904634065,0.11836473904634065,4.0,0.9359439139819015,0.06405608601809853,0.0
0.6948059321540937,0.6948059321540937,0.6948059321540937,0.05,0.3050941436743791,0.3050941436743791,0.3050941436743791,0.018066949996963132,0.018066949996963132,0.018066949996963132,4.0,0.03349420833484762,0.9665057916651524,0.0
0.6306606154705524,0.6306606154705524,0.6306606154705524,0.05,0.13657723681763884,0.13657723681763884,0.13657723681763884,0.07487028103049578,0.07487028103049578,0.07487028103049578,4.0,0.3937308938770601,0.6062691061229399,0.0
0.9215221329104235,0.9215221329104235,0.9215221329104235,0.05,0.44126809345437507,0.44126809345437507,0.44126809345437507,0.23957223019854862,0.23957223019854862,0.23957223019854862,4.0,0.7122731102497244,0.2877268897502756,0.0
0.868059055133615,0.868059055133615,0.868059055133615,0.05,0.5531841366439635,0.5531841366439635,0.5531841366439635,0.08312173134039529,0.08312173134039529,0.08312173134039529,4.0,0.1644868084570618,0.8355131915429382,0.0
0.2812334018161266,0.2812334018161266,0.2812334018161266,0.05,0.18941032129180693,0.18941032129180693,0.18941032129180693,0.06600979232421027,0.06600979232421027,0.06600979232421027,4.0,0.20812136461599565,0.7918786353840044,0.0
0.8876054699593685,0.8876054699593685,0.8876054699593685,0.05,0.43116472317079624,0.43116472317079624,0.43116472317079624,0.07760552958068744,0.07760552958068744,0.07760552958068744,4.0,0.26489076268390205,0.7351092373160979,0.0
0.8204622823345826,0.8204622823345826,0.8204622823345826,0.05,0.27715092202151664,0.27715092202151664,0.27715092202151664,0.26291267851385036,0.26291267851385036,0.26291267851385036,4.0,0.5544028947568146,0.4455971052431854,0.0
0.68674836299906,0.68674836299906,0.68674836299906,0.05,0.6209808813350469,0.6209808813350469,0.6209808813350469,0.03310171073181922,0.03310171073181922,0.03310171073181922,4.0,0.35594769325677067,0.6440523067432293,0.0
0.8855299959637724,0.8855299959637724,0.8855299959637724,0.05,0.4051318686109929,0.4051318686109929,0.4051318686109929,0.33523450941544924,0.33523450941544924,0.33523450941544924,4.0,0.014950235694483933,0.985049764305516,0.0
0.9089494699944216,0.9089494699944216,0.9089494699944216,0.05,0.21834051427868834,0.21834051427868834,0.21834051427868834,0.20366421555510755,0.20366421555510755,0.20366421555510755,4.0,0.14289932896387725,0.8571006710361228,0.0
0.7269878041320462,0.7269878041320462,0.7269878041320462,0.05,0.18622622396704694,0.18622622396704694,0.18622622396704694,0.03795485329461596,0.03795485329461596,0.03795485329461596,4.0,0.6721283478838591,0.3278716521161409,0.0
0.9046042950805369,0.9046042950805369,0.9046042950805369,0.05,0.18338979891768548,0.18338979891768548,0.18338979891768548,0.08250423806059605,0.08250423806059605,0.08250423806059605,4.0,0.8682341505497334,0.1317658494502666,0.0
0.709412556056585,0.709412556056585,0.709412556056585,0.05,0.3097893186963976,0.3097893186963976,0.3097893186963976,0.27947363448412543,0.27947363448412543,0.27947363448412543,4.0,0.035463164935176976,0.964536835064823,0.0
0.44142840312514947,0.44142840312514947,0.44142840312514947,0.05,0.09498043153738243,0.09498043153738243,0.09498043153738243,0.03316627934234781,0.03316627934234781,0.03316627934234781,4.0,0.34367950297628697,0.6563204970237131,0.0
0.6642470320734135,0.6642470320734135,0.6642470320734135,0.05,0.6043312846748047,0.6043312846748047,0.6043312846748047,0.024143625769835537,0.024143625769835537,0.024143625769835537,4.0,0.3289221174125491,0.6710778825874508,0.0
0.7478811604339003,0.7478811604339003,0.7478811604339003,0.05,0.29380991548299756,0.29380991548299756,0.29380991548299756,0.17088803131090796,0.17088803131090796,0.17088803131090796,4.0,0.18556823031693748,0.8144317696830625,0.0
0.8662624565290804,0.8662624565290804,0.8662624565290804,0.05,0.5329002044963067,0.5329002044963067,0.5329002044963067,0.058711151978325445,0.058711151978325445,0.058711151978325445,4.0,0.05673575522251527,0.9432642447774847,0.0
0.976231005774294,0.976231005774294,0.976231005774294,0.05,0.3383546831316732,0.3383546831316732,0.3383546831316732,0.07371822755800331,0.07371822755800331,0.07371822755800331,4.0,0.47629101303694654,0.5237089869630535,0.0
0.9994851507157504,0.9994851507157504,0.9994851507157504,0.05,0.6187615011152123,0.6187615011152123,0.6187615011152123,0.08490970215476915,0.08490970215476915,0.08490970215476915,4.0,0.916683605216621,0.08331639478337904,0.0
0.9224856185498418,0.9224856185498418,0.9224856185498418,0.05,0.45215500675922715,0.45215500675922715,0.45215500675922715,0.42077235176280603,0.42077235176280603,0.42077235176280603,4.0,0.709880657473466,0.29011934252653404,0.0
0.6628963564887042,0.6628963564887042,0.6628963564887042,0.05,0.14190252112744942,0.14190252112744942,0.14190252112744942,0.06596134782441714,0.06596134782441714,0.06596134782441714,4.0,0.21179322380703278,0.7882067761929672,0.0
0.9450106134755197,0.9450106134755197,0.9450106134755197,0.05,0.6621014138073846,0.6621014138073846,0.6621014138073846,0.04929753885404374,0.04929753885404374,0.04929753885404374,4.0,0.06902279406828467,0.9309772059317153,0.0
0.9070851872297492,0.9070851872297492,0.9070851872297492,0.05,0.42388532341179325,0.42388532341179325,0.42388532341179325,0.007402658484366913,0.007402658484366913,0.007402658484366913,4.0,0.4307490280866578,0.5692509719133422,0.0
0.7026930535928957,0.7026930535928957,0.7026930535928957,0.05,0.36363307646184184,0.36363307646184184,0.36363307646184184,0.2955978963007148,0.2955978963007148,0.2955978963007148,4.0,0.738321794288054,0.261678205711946,0.0
0.4180417822732098,0.4180417822732098,0.4180417822732098,0.05,0.2950835713780162,0.2950835713780162,0.2950835713780162,0.0020124313951084714,0.0020124313951084714,0.0020124313951084714,4.0,0.697488279734139,0.30251172026586104,0.0
0.7944268981054342,0.7944268981054342,0.7944268981054342,0.05,0.33356449033989155,0.33356449033989155,0.33356449033989155,0.20534160447213679,0.20534160447213679,0.20534160447213679,4.0,0.8267365310772615,0.17326346892273847,0.0
0.9227683041531839,0.9227683041531839,0.9227683041531839,0.05,0.3452359572931509,0.3452359572931509,0.3452359572931509,0.024145621562310007,0.024145621562310007,0.024145621562310007,4.0,0.0782994954041802,0.9217005045958198,0.0
0.8084340412687506,0.8084340412687506,0.8084340412687506,0.05,0.479274765650566,0.479274765650566,0.479274765650566,0.1274457414701847,0.1274457414701847,0.1274457414701847,4.0,0.041121947189206726,0.9588780528107933,0.0
0.719419432763547,0.719419432763547,0.719419432763547,0.05,0.35258002269452104,0.35258002269452104,0.35258002269452104,0.1886656061512313,0.1886656061512313,0.1886656061512313,4.0,0.04159931868597349,0.9584006813140266,0.0
0.7168113188380099,0.7168113188380099,0.7168113188380099,0.05,0.0409674446814445,0.0409674446814445,0.0409674446814445,0.009029838746930047,0.009029838746930047,0.009029838746930047,4.0,0.6550104080121841,0.34498959198781587,0.0
0.9706457918258817,0.9706457918258817,0.9706457918258817,0.05,0.7495533191581422,0.7495533191581422,0.7495533191581422,0.08043187244485438,0.08043187244485438,0.08043187244485438,4.0,0.2748140486208283,0.7251859513791716,0.0
0.7206953028270312,0.7206953028270312,0.7206953028270312,0.05,0.47936772033894304,0.47936772033894304,0.47936772033894304,0.0971569594611343,0.0971569594611343,0.0971569594611343,4.0,0.7232605310875425,0.2767394689124575,0.0
0.5844949447146536,0.5844949447146536,0.5844949447146536,0.05,0.23924468636439955,0.23924468636439955,0.23924468636439955,0.04079595584687258,0.04079595584687258,0.04079595584687258,4.0,0.2716972059550285,0.7283027940449716,0.0
0.5667188405237334,0.5667188405237334,0.5667188405237334,0.05,0.3893083511177285,0.3893083511177285,0.3893083511177285,0.019287666770077577,0.019287666770077577,0.019287666770077577,4.0,0.14176223837153684,0.8582377616284631,0.0
0.7328816525959035,0.7328816525959035,0.7328816525959035,0.05,0.1992132283331533,0.1992132283331533,0.1992132283331533,0.11704531748152314,0.11704531748152314,0.11704531748152314,4.0,0.1254222032919472,0.8745777967080528,0.0
0.8841269869344053,0.8841269869344053,0.8841269869344053,0.05,0.45271469452668794,0.45271469452668794,0.45271469452668794,0.22593858046661972,0.22593858046661972,0.22593858046661972,4.0,0.9771522596520096,0.02284774034799042,0.0
0.9675808003900115,0.9675808003900115,0.9675808003900115,0.05,0.748357821438152,0.748357821438152,0.748357821438152,0.13185433871504518,0.13185433871504518,0.13185433871504518,4.0,0.5365969461925899,0.4634030538074101,0.0
0.15733224339858318,0.15733224339858318,0.15733224339858318,0.05,0.12041956119226449,0.12041956119226449,0.12041956119226449,0.01694578364249844,0.01694578364249844,0.01694578364249844,4.0,0.7883680558282986,0.2116319441717014,0.0
0.5505230622717652,0.5505230622717652,0.5505230622717652,0.05,0.18356650676184316,0.18356650676184316,0.18356650676184316,0.01980322052987113,0.01980322052987113,0.01980322052987113,4.0,0.7313347742082318,0.2686652257917682,0.0
0.7826561036793529,0.7826561036793529,0.7826561036793529,0.05,0.16065432198463683,0.16065432198463683,0.16065432198463683,0.015700333227403957,0.015700333227403957,0.015700333227403957,4.0,0.8996190398442838,0.10038096015571618,0.0
0.965818248448566,0.965818248448566,0.965818248448566,0.05,0.5571666269581167,0.5571666269581167,0.5571666269581167,0.3882346163648814,0.3882346163648814,0.3882346163648814,4.0,0.8832805617243793,0.1167194382756207,0.0
0.4676148510054438,0.4676148510054438,0.4676148510054438,0.05,0.18774477125085093,0.18774477125085093,0.18774477125085093,0.03427480633724664,0.03427480633724664,0.03427480633724664,4.0,0.3260246180048994,0.6739753819951007,0.0
0.2892254867616931,0.2892254867616931,0.2892254867616931,0.05,0.187344930092678,0.187344930092678,0.187344930092678,0.04906631636375979,0.04906631636375979,0.04906631636375979,4.0,0.0838736509763449,0.9161263490236551,0.0
0.7136385538202685,0.7136385538202685,0.7136385538202685,0.05,0.23188809269040878,0.23188809269040878,0.23188809269040878,0.19074811357145907,0.19074811357145907,0.19074811357145907,4.0,0.49773956286303284,0.5022604371369672,0.0
0.9238608620229294,0.9238608620229294,0.9238608620229294,0.05,0.14212853717458007,0.14212853717458007,0.14212853717458007,0.011325405008900731,0.011325405008900731,0.011325405008900731,4.0,0.810852900425308,0.189147099574692,0.0
0.938829275787566,0.938829275787566,0.938829275787566,0.05,0.2512157666309331,0.2512157666309331,0.2512157666309331,0.23952840252965182,0.23952840252965182,0.23952840252965182,4.0,0.3072737931152318,0.6927262068847682,0.0
0.8009736891628431,0.8009736891628431,0.8009736891628431,0.05,0.4602699768886279,0.4602699768886279,0.4602699768886279,0.2488012527587436,0.2488012527587436,0.2488012527587436,4.0,0.06197169130601824,0.9380283086939818,0.0
0.9035762930220483,0.9035762930220483,0.9035762930220483,0.05,0.43888542850567536,0.43888542850567536,0.43888542850567536,0.21763608153108766,0.21763608153108766,0.21763608153108766,4.0,0.611396349380082,0.388603650619918,0.0
0.8783081321376212,0.8783081321376212,0.8783081321376212,0.05,0.4822184275135257,0.4822184275135257,0.4822184275135257,0.05310228282617286,0.05310228282617286,0.05310228282617286,4.0,0.37606347371405585,0.6239365262859442,0.0
0.7850781261651829,0.7850781261651829,0.7850781261651829,0.05,0.24369442061443833,0.24369442061443833,0.24369442061443833,0.17581485854581047,0.17581485854581047,0.17581485854581047,4.0,0.028403675099126887,0.9715963249008731,0.0
0.8891207563062048,0.8891207563062048,0.8891207563062048,0.05,0.3640418984410881,0.3640418984410881,0.3640418984410881,0.2957967775796937,0.2957967775796937,0.2957967775796937,4.0,0.10183366048086266,0.8981663395191374,0.0
0.7986235919646953,0.7986235919646953,0.7986235919646953,0.05,0.29113222791966187,0.29113222791966187,0.29113222791966187,0.24395684078062738,0.24395684078062738,0.24395684078062738,4.0,0.8418608543137331,0.15813914568626686,0.0
0.5309288956914173,0.5309288956914173,0.5309288956914173,0.05,0.46852195739451546,0.46852195739451546,0.46852195739451546,0.028786937320822197,0.028786937320822197,0.028786937320822197,4.0,0.6960675682390421,0.30393243176095786,0.0
0.7436529406471438,0.7436529406471438,0.7436529406471438,0.05,0.152250712725982,0.152250712725982,0.152250712725982,0.10712934565376186,0.10712934565376186,0.10712934565376186,4.0,0.8356926067116495,0.16430739328835053,0.0
0.5112874814218801,0.5112874814218801,0.5112874814218801,0.05,0.33976164977365203,0.33976164977365203,0.33976164977365203,0.005573796544587991,0.005573796544587991,0.005573796544587991,4.0,0.5452409312793552,0.45475906872064475,0.0
0.6976210022744319,0.6976210022744319,0.6976210022744319,0.05,0.3520814948536706,0.3520814948536706,0.3520814948536706,0.29612982394764226,0.29612982394764226,0.29612982394764226,4.0,0.7975017513338424,0.20249824866615762,0.0
0.9116988606402828,0.9116988606402828,0.9116988606402828,0.05,0.6837087348467298,0.6837087348467298,0.6837087348467298,0.14536309304629638,0.14536309304629638,0.14536309304629638,4.0,0.2851894745679719,0.714810525432028,0.0
0.4857167604328855,0.4857167604328855,0.4857167604328855,0.05,0.18208218493028885,0.18208218493028885,0.18208218493028885,0.05674940891364926,0.05674940891364926,0.05674940891364926,4.0,0.1313963807940349,0.8686036192059651,0.0
0.7829936507714389,0.7829936507714389,0.7829936507714389,0.05,0.5395914235714818,0.5395914235714818,0.5395914235714818,0.05360951522605024,0.05360951522605024,0.05360951522605024,4.0,0.8220583186725878,0.17794168132741217,0.0
0.7280240888852201,0.7280240888852201,0.7280240888852201,0.05,0.3026811882606001,0.3026811882606001,0.3026811882606001,0.11049040649841531,0.11049040649841531,0.11049040649841531,4.0,0.9538057564546765,0.04619424354532353,0.0
0.5569219388100379,0.5569219388100379,0.5569219388100379,0.05,0.3075285817270039,0.3075285817270039,0.3075285817270039,0.13636717806684548,0.13636717806684548,0.13636717806684548,4.0,0.5486278777018706,0.4513721222981294,0.0
0.8601627500624295,0.8601627500624295,0.8601627500624295,0.05,0.378620264808539,0.378620264808539,0.378620264808539,0.11275457400046834,0.11275457400046834,0.11275457400046834,4.0,0.12861339705095629,0.8713866029490437,0.0
0.6546197123816444,0.6546197123816444,0.6546197123816444,0.05,0.35455782447148165,0.35455782447148165,0.35455782447148165,0.2293581992089185,0.2293581992089185,0.2293581992089185,4.0,0.9037023560143529,0.09629764398564711,0.0
0.9646151323392681,0.9646151323392681,0.9646151323392681,0.05,0.79028953641725,0.79028953641725,0.79028953641725,0.11359002383758397,0.11359002383758397,0.11359002383758397,4.0,0.7670282188108756,0.23297178118912443,0.0
0.7371349133272153,0.7371349133272153,0.7371349133272153,0.05,0.580256278326347,0.580256278326347,0.580256278326347,0.018127984412264053,0.018127984412264053,0.018127984412264053,4.0,0.7667025823752671,0.23329741762473288,0.0
0.9727941055247357,0.9727941055247357,0.9727941055247357,0.05,0.5823950378256948,0.5823950378256948,0.5823950378256948,0.24052305670457313,0.24052305670457313,0.24052305670457313,4.0,0.05282209088240729,0.9471779091175927,0.0
0.8124985713111588,0.8124985713111588,0.8124985713111588,0.05,0.7217081948686938,0.7217081948686938,0.7217081948686938,0.022106088447179855,0.022106088447179855,0.022106088447179855,4.0,0.7243821928126956,0.27561780718730444,0.0
0.6202512853252494,0.6202512853252494,0.6202512853252494,0.05,0.35164613167024006,0.35164613167024006,0.35164613167024006,0.24277620230178512,0.24277620230178512,0.24277620230178512,4.0,0.41532264285908327,0.5846773571409167,0.0
0.34668800405344236,0.34668800405344236,0.34668800405344236,0.05,0.07408459060744338,0.07408459060744338,0.07408459060744338,0.003870758625967937,0.003870758625967937,0.003870758625967937,4.0,0.987127836100034,0.012872163899966038,0.0
0.9179016479607799,0.9179016479607799,0.9179016479607799,0.05,0.37809655954382076,0.37809655954382076,0.37809655954382076,0.3254551379733599,0.3254551379733599,0.3254551379733599,4.0,0.7610510257507263,0.23894897424927375,0.0
0.9762041183053144,0.9762041183053144,0.9762041183053144,0.05,0.792927682812045,0.792927682812045,0.792927682812045,0.14600472180789617,0.14600472180789617,0.14600472180789617,4.0,0.662853872319723,0.33714612768027696,0.0
0.5035327877205813,0.5035327877205813,0.5035327877205813,0.05,0.3099628410585442,0.3099628410585442,0.3099628410585442,0.12512758167480834,0.12512758167480834,0.12512758167480834,4.0,0.8439405897803631,0.15605941021963687,0.0
0.6006373558696374,0.6006373558696374,0.6006373558696374,0.05,0.4346716759662555,0.4346716759662555,0.4346716759662555,0.12339025821733203,0.12339025821733203,0.12339025821733203,4.0,0.28253932215320005,0.7174606778468,0.0
0.83380798978979,0.83380798978979,0.83380798978979,0.05,0.29021252885012644,0.29021252885012644,0.29021252885012644,0.16098487998067212,0.16098487998067212,0.16098487998067212,4.0,0.7512553405270116,0.2487446594729884,0.0
0.603552211015537,0.603552211015537,0.603552211015537,0.05,0.15215340410778047,0.15215340410778047,0.15215340410778047,0.13502589108045376,0.13502589108045376,0.13502589108045376,4.0,0.08308345447167179,0.9169165455283282,0.0
0.9441512010740021,0.9441512010740021,0.9441512010740021,0.05,0.4849298185262095,0.4849298185262095,0.4849298185262095,0.14608024964874705,0.14608024964874705,0.14608024964874705,4.0,0.35580404880327593,0.6441959511967241,0.0
0.9466391819953274,0.9466391819953274,0.9466391819953274,0.05,0.7195656009611012,0.7195656009611012,0.7195656009611012,0.11375796450169867,0.11375796450169867,0.11375796450169867,4.0,0.4227803580566098,0.5772196419433901,0.0
0.8223409404668479,0.8223409404668479,0.8223409404668479,0.05,0.33426925938165997,0.33426925938165997,0.33426925938165997,0.15079988710679135,0.15079988710679135,0.15079988710679135,4.0,0.7423264989439708,0.25767350105602915,0.0
0.8676390840373196,0.8676390840373196,0.8676390840373196,0.05,0.7083386031831641,0.7083386031831641,0.7083386031831641,0.14965729421679905,0.14965729421679905,0.14965729421679905,4.0,0.7739735101151277,0.22602648988487228,0.0
0.6808843578579965,0.6808843578579965,0.6808843578579965,0.05,0.41434764427974274,0.41434764427974274,0.41434764427974274,0.17370692525110068,0.17370692525110068,0.17370692525110068,4.0,0.3628103542989349,0.6371896457010651,0.0
0.9250477261866332,0.9250477261866332,0.9250477261866332,0.05,0.4068792948078281,0.4068792948078281,0.4068792948078281,0.1662551945782248,0.1662551945782248,0.1662551945782248,4.0,0.5102948004163302,0.48970519958366976,0.0
0.8388486858847205,0.8388486858847205,0.8388486858847205,0.05,0.2975083147633582,0.2975083147633582,0.2975083147633582,0.2255660570885601,0.2255660570885601,0.2255660570885601,4.0,0.07296582119394072,0.9270341788060593,0.0
0.8481764536051425,0.8481764536051425,0.8481764536051425,0.05,0.5199636293732434,0.5199636293732434,0.5199636293732434,0.18160023330969813,0.18160023330969813,0.18160023330969813,4.0,0.3137535461946642,0.6862464538053358,0.0
0.8395964078595811,0.8395964078595811,0.8395964078595811,0.05,0.3696332773181829,0.3696332773181829,0.3696332773181829,0.28697619923625095,0.28697619923625095,0.28697619923625095,4.0,0.14965520584631556,0.8503447941536845,0.0
0.9824205773946663,0.9824205773946663,0.9824205773946663,0.05,0.08113513040706324,0.08113513040706324,0.08113513040706324,0.03771665983958823,0.03771665983958823,0.03771665983958823,4.0,0.6792991259330499,0.32070087406695014,0.0
0.6109882292082466,0.6109882292082466,0.6109882292082466,0.05,0.140916205856084,0.140916205856084,0.140916205856084,0.005285431155544611,0.005285431155544611,0.005285431155544611,4.0,0.47302888498531,0.5269711150146901,0.0
0.9728109590762384,0.9728109590762384,0.9728109590762384,0.05,0.38055306890855095,0.38055306890855095,0.38055306890855095,0.22296456406474094,0.22296456406474094,0.22296456406474094,4.0,0.2476242120849154,0.7523757879150846,0.0
0.9198371614454711,0.9198371614454711,0.9198371614454711,0.05,0.5959736728253304,0.5959736728253304,0.5959736728253304,0.24755861276736027,0.24755861276736027,0.24755861276736027,4.0,0.2910650951133163,0.7089349048866838,0.0
0.8663599572923554,0.8663599572923554,0.8663599572923554,0.05,0.7121431044534761,0.7121431044534761,0.7121431044534761,0.04642861989072616,0.04642861989072616,0.04642861989072616,4.0,0.512313651559447,0.48768634844055303,0.0
0.7926839466468936,0.7926839466468936,0.7926839466468936,0.05,0.1804063919298753,0.1804063919298753,0.1804063919298753,0.06299587125974614,0.06299587125974614,0.06299587125974614,4.0,0.6516148204588931,0.3483851795411069,0.0
0.9455503578301132,0.9455503578301132,0.9455503578301132,0.05,0.4325810362956176,0.4325810362956176,0.4325810362956176,0.08428593847994384,0.08428593847994384,0.08428593847994384,4.0,0.5341825690360303,0.46581743096396966,0.0
0.8568248857481012,0.8568248857481012,0.8568248857481012,0.05,0.6076676921088758,0.6076676921088758,0.6076676921088758,0.2033291879227655,0.2033291879227655,0.2033291879227655,4.0,0.02357341056515645,0.9764265894348435,0.0
0.7602823673172289,0.7602823673172289,0.7602823673172289,0.05,0.4170966240579524,0.4170966240579524,0.4170966240579524,0.051431593396087244,0.051431593396087244,0.051431593396087244,4.0,0.6445932191481579,0.3554067808518421,0.0
0.3096201072502211,0.3096201072502211,0.3096201072502211,0.05,0.10289416448081644,0.10289416448081644,0.10289416448081644,0.08424358284563227,0.08424358284563227,0.08424358284563227,4.0,0.7592835839946527,0.24071641600534732,0.0
0.5798468130032832,0.5798468130032832,0.5798468130032832,0.05,0.16406544398431747,0.16406544398431747,0.16406544398431747,0.0016322773813035709,0.0016322773813035709,0.0016322773813035709,4.0,0.2312805269528292,0.7687194730471708,0.0
0.9693930082943895,0.9693930082943895,0.9693930082943895,0.05,0.0674945225249555,0.0674945225249555,0.0674945225249555,0.020315484055508076,0.020315484055508076,0.020315484055508076,4.0,0.28184809707579067,0.7181519029242094,0.0
0.7872403302363032,0.7872403302363032,0.7872403302363032,0.05,0.11233551927069765,0.11233551927069765,0.11233551927069765,0.021405378025390477,0.021405378025390477,0.021405378025390477,4.0,0.440671415806394,0.559328584193606,0.0
0.9087439973501108,0.9087439973501108,0.9087439973501108,0.05,0.1258455905974283,0.1258455905974283,0.1258455905974283,0.10913477412341023,0.10913477412341023,0.10913477412341023,4.0,0.6069988731869447,0.3930011268130553,0.0
0.8714758107206858,0.8714758107206858,0.8714758107206858,0.05,0.18334367605587043,0.18334367605587043,0.18334367605587043,0.0378883153365499,0.0378883153365499,0.0378883153365499,4.0,0.7370842927140547,0.26291570728594527,0.0
0.6851765278669925,0.6851765278669925,0.6851765278669925,0.05,0.15514259640315328,0.15514259640315328,0.15514259640315328,0.11658816232753058,0.11658816232753058,0.11658816232753058,4.0,0.3932421187780905,0.6067578812219094,0.0
0.9081382116779873,0.9081382116779873,0.9081382116779873,0.05,0.4115427670671677,0.4115427670671677,0.4115427670671677,0.15791683830024458,0.15791683830024458,0.15791683830024458,4.0,0.2423657822215258,0.7576342177784742,0.0
0.7054532932600346,0.7054532932600346,0.7054532932600346,0.05,0.6349205318017059,0.6349205318017059,0.6349205318017059,0.041980962717799226,0.041980962717799226,0.041980962717799226,4.0,0.7610586104780908,0.23894138952190924,0.0
0.710165824902841,0.710165824902841,0.710165824902841,0.05,0.19850380041041402,0.19850380041041402,0.19850380041041402,0.19398230730899912,0.19398230730899912,0.19398230730899912,4.0,0.8281598543929835,0.17184014560701655,0.0
0.7784882831292583,0.7784882831292583,0.7784882831292583,0.05,0.608004283223935,0.608004283223935,0.608004283223935,0.03739349048110869,0.03739349048110869,0.03739349048110869,4.0,0.6500522486460814,0.34994775135391865,0.0
0.6232662669835441,0.6232662669835441,0.6232662669835441,0.05,0.45728667408749657,0.45728667408749657,0.45728667408749657,0.12488965872259386,0.12488965872259386,0.12488965872259386,4.0,0.7980585917321507,0.20194140826784934,0.0
0.6112470467649075,0.6112470467649075,0.6112470467649075,0.05,0.385787208374194,0.385787208374194,0.385787208374194,0.1758393093914495,0.1758393093914495,0.1758393093914495,4.0,0.3393534907625501,0.6606465092374498,0.0
0.9188341980086056,0.9188341980086056,0.9188341980086056,0.05,0.2508057410544639,0.2508057410544639,0.2508057410544639,0.1723306502726896,0.1723306502726896,0.1723306502726896,4.0,0.1945004273984582,0.8054995726015418,0.0
0.47912938163596963,0.47912938163596963,0.47912938163596963,0.05,0.18183750775544716,0.18183750775544716,0.18183750775544716,0.12355500426079716,0.12355500426079716,0.12355500426079716,4.0,0.31118295860959294,0.6888170413904071,0.0
0.8469172805292025,0.8469172805292025,0.8469172805292025,0.05,0.45211184264752385,0.45211184264752385,0.45211184264752385,0.2208846367811844,0.2208846367811844,0.2208846367811844,4.0,0.3564289755842394,0.6435710244157606,0.0
0.9845180148676257,0.9845180148676257,0.9845180148676257,0.05,0.8551607894130723,0.8551607894130723,0.8551607894130723,0.08098010175713805,0.08098010175713805,0.08098010175713805,4.0,0.03684266728357942,0.9631573327164206,0.0
0.9585015951185596,0.9585015951185596,0.9585015951185596,0.05,0.32852940151761933,0.32852940151761933,0.32852940151761933,0.3133586097536455,0.3133586097536455,0.3133586097536455,4.0,0.28077674227244304,0.719223257727557,0.0
0.4661711547010828,0.4661711547010828,0.4661711547010828,0.05,0.25090161639095576,0.25090161639095576,0.25090161639095576,0.10168252092530206,0.10168252092530206,0.10168252092530206,4.0,0.1452075347411238,0.8547924652588762,0.0
0.3114468117966963,0.3114468117966963,0.3114468117966963,0.05,0.15025609491885003,0.15025609491885003,0.15025609491885003,0.14244223157833863,0.14244223157833863,0.14244223157833863,4.0,0.2895726896701575,0.7104273103298425,0.0
0.7508763001145121,0.7508763001145121,0.7508763001145121,0.05,0.3926020676207245,0.3926020676207245,0.3926020676207245,0.19193664727856907,0.19193664727856907,0.19193664727856907,4.0,0.3159549904309336,0.6840450095690664,0.0
0.8869436319639112,0.8869436319639112,0.8869436319639112,0.05,0.4737992300172426,0.4737992300172426,0.4737992300172426,0.31150083501437686,0.31150083501437686,0.31150083501437686,4.0,0.34304096974321135,0.6569590302567887,0.0
0.6762041137665347,0.6762041137665347,0.6762041137665347,0.05,0.3960280887514035,0.3960280887514035,0.3960280887514035,0.02097024404048833,0.02097024404048833,0.02097024404048833,4.0,0.1769040923963214,0.8230959076036786,0.0
0.3154173084221456,0.3154173084221456,0.3154173084221456,0.05,0.05553649037060322,0.05553649037060322,0.05553649037060322,0.040849696398152606,0.040849696398152606,0.040849696398152606,4.0,0.06427182705005849,0.9357281729499415,0.0
0.42293122173813824,0.42293122173813824,0.42293122173813824,0.05,0.14245885469267183,0.14245885469267183,0.14245885469267183,0.0397262261246599,0.0397262261246599,0.0397262261246599,4.0,0.11941067563776771,0.8805893243622323,0.0
0.2464228744560235,0.2464228744560235,0.2464228744560235,0.05,0.07554229051422749,0.07554229051422749,0.07554229051422749,0.006896148844061231,0.006896148844061231,0.006896148844061231,4.0,0.4158018036081947,0.5841981963918053,0.0
0.8461393468609768,0.8461393468609768,0.8461393468609768,0.05,0.61704363574148,0.61704363574148,0.61704363574148,0.1278595454896011,0.1278595454896011,0.1278595454896011,4.0,0.4142590176954094,0.5857409823045906,0.0
0.7881560973955151,0.7881560973955151,0.7881560973955151,0.05,0.11541297639737406,0.11541297639737406,0.11541297639737406,0.03640042216614554,0.03640042216614554,0.03640042216614554,4.0,0.12825725561481113,0.8717427443851888,0.0
0.6901001243524971,0.6901001243524971,0.6901001243524971,0.05,0.4990339944322731,0.4990339944322731,0.4990339944322731,0.08869960915713551,0.08869960915713551,0.08869960915713551,4.0,0.8923952143067754,0.10760478569322462,0.0
0.7954393212007148,0.7954393212007148,0.7954393212007148,0.05,0.45480944816587693,0.45480944816587693,0.45480944816587693,0.32116295720868826,0.32116295720868826,0.32116295720868826,4.0,0.9607501567391631,0.039249843260836914,0.0
0.9334603294736198,0.9334603294736198,0.9334603294736198,0.05,0.5797099369290273,0.5797099369290273,0.5797099369290273,0.2751885101670602,0.2751885101670602,0.2751885101670602,4.0,0.2593873856454834,0.7406126143545166,0.0
0.8649446567497638,0.8649446567497638,0.8649446567497638,0.05,0.3115203758298793,0.3115203758298793,0.3115203758298793,0.09290447613915873,0.09290447613915873,0.09290447613915873,4.0,0.7826172956676631,0.21738270433233686,0.0
0.9208439690009209,0.9208439690009209,0.9208439690009209,0.05,0.3562725395599945,0.3562725395599945,0.3562725395599945,0.2323847590604205,0.2323847590604205,0.2323847590604205,4.0,0.8981755171456535,0.10182448285434653,0.0
0.3645026076283022,0.3645026076283022,0.3645026076283022,0.05,0.21888004779577777,0.21888004779577777,0.21888004779577777,0.022670560617352294,0.022670560617352294,0.022670560617352294,4.0,0.10721026196583032,0.8927897380341697,0.0
0.8095157375364618,0.8095157375364618,0.8095157375364618,0.05,0.36325747990532636,0.36325747990532636,0.36325747990532636,0.03171202356544095,0.03171202356544095,0.03171202356544095,4.0,0.576822187239578,0.423177812760422,0.0
0.46797989450663857,0.46797989450663857,0.46797989450663857,0.05,0.2816369703982579,0.2816369703982579,0.2816369703982579,0.01240368181762908,0.01240368181762908,0.01240368181762908,4.0,0.40229382121970964,0.5977061787802904,0.0
0.630363986875374,0.630363986875374,0.630363986875374,0.05,0.05997196436044494,0.05997196436044494,0.05997196436044494,0.05767008798952175,0.05767008798952175,0.05767008798952175,4.0,0.50148407200633,0.49851592799366995,0.0
0.8252327571107366,0.8252327571107366,0.8252327571107366,0.05,0.4365259820461937,0.4365259820461937,0.4365259820461937,0.012490238647085624,0.012490238647085624,0.012490238647085624,4.0,0.49255958568175734,0.5074404143182427,0.0
0.8568354730935934,0.8568354730935934,0.8568354730935934,0.05,0.5202069506133989,0.5202069506133989,0.5202069506133989,0.3337934226235124,0.3337934226235124,0.3337934226235124,4.0,0.36464027365776724,0.6353597263422328,0.0
0.9263767698328025,0.9263767698328025,0.9263767698328025,0.05,0.45544730814482864,0.45544730814482864,0.45544730814482864,0.3895446583561163,0.3895446583561163,0.3895446583561163,4.0,0.808942240164281,0.19105775983571904,0.0
0.6458818254069096,0.6458818254069096,0.6458818254069096,0.05,0.5719991790774156,0.5719991790774156,0.5719991790774156,0.06435084877940879,0.06435084877940879,0.06435084877940879,4.0,0.5774535621214788,0.4225464378785212,0.0
0.48879165836222954,0.48879165836222954,0.48879165836222954,0.05,0.15552458568939237,0.15552458568939237,0.15552458568939237,0.07311594054255567,0.07311594054255567,0.07311594054255567,4.0,0.7032416409123848,0.29675835908761516,0.0
0.6675403788495645,0.6675403788495645,0.6675403788495645,0.05,0.42563298712899944,0.42563298712899944,0.42563298712899944,0.21941375829817736,0.21941375829817736,0.21941375829817736,4.0,0.653389143802396,0.346610856197604,0.0
0.7299970361878341,0.7299970361878341,0.7299970361878341,0.05,0.32966304466306817,0.32966304466306817,0.32966304466306817,0.06925694872638782,0.06925694872638782,0.06925694872638782,4.0,0.4767943441811583,0.5232056558188417,0.0
0.5132774061627067,0.5132774061627067,0.5132774061627067,0.05,0.28844896629636246,0.28844896629636246,0.28844896629636246,0.042633926476808214,0.042633926476808214,0.042633926476808214,4.0,0.20747250526430985,0.7925274947356902,0.0
0.7689112149034781,0.7689112149034781,0.7689112149034781,0.05,0.6693008311590751,0.6693008311590751,0.6693008311590751,0.01197813639076968,0.01197813639076968,0.01197813639076968,4.0,0.5795708992613153,0.42042910073868467,0.0
0.844865086834425,0.844865086834425,0.844865086834425,0.05,0.41721895525562136,0.41721895525562136,0.41721895525562136,0.1439385521306716,0.1439385521306716,0.1439385521306716,4.0,0.7731646557012445,0.22683534429875551,0.0
0.5107153817704041,0.5107153817704041,0.5107153817704041,0.05,0.39139261088033056,0.39139261088033056,0.39139261088033056,0.11120876293736424,0.11120876293736424,0.11120876293736424,4.0,0.31017420879624163,0.6898257912037584,0.0
0.8621620363337416,0.8621620363337416,0.8621620363337416,0.05,0.39643297358060164,0.39643297358060164,0.39643297358060164,0.39094712507078494,0.39094712507078494,0.39094712507078494,4.0,0.6856984689862604,0.3143015310137396,0.0
0.9380375914044227,0.9380375914044227,0.9380375914044227,0.05,0.04751653549789568,0.04751653549789568,0.04751653549789568,0.026322726318299582,0.026322726318299582,0.026322726318299582,4.0,0.8473444092802886,0.15265559071971135,0.0
0.8295010124350138,0.8295010124350138,0.8295010124350138,0.05,0.5487778415856424,0.5487778415856424,0.5487778415856424,0.0939893492961092,0.0939893492961092,0.0939893492961092,4.0,0.8427706837397249,0.15722931626027514,0.0
0.8435247162729955,0.8435247162729955,0.8435247162729955,0.05,0.16484202843812545,0.16484202843812545,0.16484202843812545,0.02094578657235667,0.02094578657235667,0.02094578657235667,4.0,0.8398973908601077,0.16010260913989227,0.0
0.5851558639170441,0.5851558639170441,0.5851558639170441,0.05,0.18630757018875346,0.18630757018875346,0.18630757018875346,0.13810207696090962,0.13810207696090962,0.13810207696090962,4.0,0.9891216001118691,0.010878399888130885,0.0
0.7620976667946349,0.7620976667946349,0.7620976667946349,0.05,0.2752162726858488,0.2752162726858488,0.2752162726858488,0.004558073457568635,0.004558073457568635,0.004558073457568635,4.0,0.20086966951625282,0.7991303304837472,0.0
0.901815497829,0.901815497829,0.901815497829,0.05,0.4413867314426626,0.4413867314426626,0.4413867314426626,0.1300686802215947,0.1300686802215947,0.1300686802215947,4.0,0.02738258999473159,0.9726174100052684,0.0
0.7471343582662124,0.7471343582662124,0.7471343582662124,0.05,0.5256337271364043,0.5256337271364043,0.5256337271364043,0.047593548338170096,0.047593548338170096,0.047593548338170096,4.0,0.1948807373062488,0.8051192626937512,0.0
0.6746687957920747,0.6746687957920747,0.6746687957920747,0.05,0.2814935709110668,0.2814935709110668,0.2814935709110668,0.2780792315153772,0.2780792315153772,0.2780792315153772,4.0,0.03723536952336505,0.962764630476635,0.0
0.9009126719374909,0.9009126719374909,0.9009126719374909,0.05,0.48724603101416397,0.48724603101416397,0.48724603101416397,0.27425610770270253,0.27425610770270253,0.27425610770270253,4.0,0.6289123927553018,0.37108760724469825,0.0
0.9050094770545168,0.9050094770545168,0.9050094770545168,0.05,0.612257180235365,0.612257180235365,0.612257180235365,0.2395316073275849,0.2395316073275849,0.2395316073275849,4.0,0.9382039586988896,0.06179604130111038,0.0
0.4835454013610213,0.4835454013610213,0.4835454013610213,0.05,0.14632001333712488,0.14632001333712488,0.14632001333712488,0.14082068092582836,0.14082068092582836,0.14082068092582836,4.0,0.115311967336481,0.884688032663519,0.0
0.9006106242094544,0.9006106242094544,0.9006106242094544,0.05,0.3365498920970167,0.3365498920970167,0.3365498920970167,0.22402275422579743,0.22402275422579743,0.22402275422579743,4.0,0.3705432526424944,0.6294567473575057,0.0
0.5592610460706782,0.5592610460706782,0.5592610460706782,0.05,0.3930819512235403,0.3930819512235403,0.3930819512235403,0.090402234757928,0.090402234757928,0.090402234757928,4.0,0.39324263947034677,0.6067573605296532,0.0
0.9605759592715262,0.9605759592715262,0.9605759592715262,0.05,0.6308493789336396,0.6308493789336396,0.6308493789336396,0.02540602688211051,0.02540602688211051,0.02540602688211051,4.0,0.9862199937900743,0.0137800062099257,0.0
0.5593475690519323,0.5593475690519323,0.5593475690519323,0.05,0.25909080444275623,0.25909080444275623,0.25909080444275623,0.0793177633452658,0.0793177633452658,0.0793177633452658,4.0,0.2211003925197256,0.7788996074802744,0.0
0.9134691057655543,0.9134691057655543,0.9134691057655543,0.05,0.4144938323222134,0.4144938323222134,0.4144938323222134,0.17230996042072005,0.17230996042072005,0.17230996042072005,4.0,0.8468918755890047,0.1531081244109953,0.0
0.5217030332659873,0.5217030332659873,0.5217030332659873,0.05,0.10148089819685102,0.10148089819685102,0.10148089819685102,0.08571902150292554,0.08571902150292554,0.08571902150292554,4.0,0.980325983578105,0.019674016421895035,0.0
0.4917673367024769,0.4917673367024769,0.4917673367024769,0.05,0.06856771179478954,0.06856771179478954,0.06856771179478954,0.0077148982119776425,0.0077148982119776425,0.0077148982119776425,4.0,0.5208928671417888,0.47910713285821116,0.0
0.5248805159516035,0.5248805159516035,0.5248805159516035,0.05,0.2325025829798613,0.2325025829798613,0.2325025829798613,0.050418311989797744,0.050418311989797744,0.050418311989797744,4.0,0.34815716990536694,0.6518428300946331,0.0
0.5317485853131565,0.5317485853131565,0.5317485853131565,0.05,0.4841587163055601,0.4841587163055601,0.4841587163055601,0.0200755663416687,0.0200755663416687,0.0200755663416687,4.0,0.584049316976304,0.415950683023696,0.0
0.8267539813370107,0.8267539813370107,0.8267539813370107,0.05,0.5032516102557296,0.5032516102557296,0.5032516102557296,0.25769939393132113,0.25769939393132113,0.25769939393132113,4.0,0.724150976999295,0.275849023000705,0.0
0.8113268074071164,0.8113268074071164,0.8113268074071164,0.05,0.7405810855296788,0.7405810855296788,0.7405810855296788,0.03829149400220464,0.03829149400220464,0.03829149400220464,4.0,0.5600784786475723,0.4399215213524277,0.0
0.6106842661896192,0.6106842661896192,0.6106842661896192,0.05,0.507377377927302,0.507377377927302,0.507377377927302,0.06470374510743716,0.06470374510743716,0.06470374510743716,4.0,0.7557783994230076,0.24422160057699238,0.0
0.7279107613404913,0.7279107613404913,0.7279107613404913,0.05,0.41743273318848373,0.41743273318848373,0.41743273318848373,0.161916999943709,0.161916999943709,0.161916999943709,4.0,0.15705357115915342,0.8429464288408466,0.0
0.8358155090544147,0.8358155090544147,0.8358155090544147,0.05,0.36551348639528236,0.36551348639528236,0.36551348639528236,0.23739994150288463,0.23739994150288463,0.23739994150288463,4.0,0.33523117505516703,0.6647688249448329,0.0
0.9071576468335487,0.9071576468335487,0.9071576468335487,0.05,0.5760052262709358,0.5760052262709358,0.5760052262709358,0.1884764570271351,0.1884764570271351,0.1884764570271351,4.0,0.6721425069761584,0.3278574930238416,0.0
0.9999484911366342,0.9999484911366342,0.9999484911366342,0.05,0.7671803191747046,0.7671803191747046,0.7671803191747046,0.1954611071494289,0.1954611071494289,0.1954611071494289,4.0,0.5832455977330164,0.41675440226698357,0.0
0.9184536898838862,0.9184536898838862,0.9184536898838862,0.05,0.44745729282759855,0.44745729282759855,0.44745729282759855,0.4170000461049437,0.4170000461049437,0.4170000461049437,4.0,0.8858407136375129,0.11415928636248707,0.0
0.917275037045244,0.917275037045244,0.917275037045244,0.05,0.455552130018064,0.455552130018064,0.455552130018064,0.33217539191455664,0.33217539191455664,0.33217539191455664,4.0,0.038804870750267444,0.9611951292497326,0.0
0.9102355883965949,0.9102355883965949,0.9102355883965949,0.05,0.22956129463245556,0.22956129463245556,0.22956129463245556,0.05141684756844742,0.05141684756844742,0.05141684756844742,4.0,0.590500661230617,0.40949933876938305,0.0
0.9419912487551837,0.9419912487551837,0.9419912487551837,0.05,0.5138015899717807,0.5138015899717807,0.5138015899717807,0.4036854283127878,0.4036854283127878,0.4036854283127878,4.0,0.1809242872344481,0.8190757127655519,0.0
0.9440407058983408,0.9440407058983408,0.9440407058983408,0.05,0.35070424105829806,0.35070424105829806,0.35070424105829806,0.037450857220127476,0.037450857220127476,0.037450857220127476,4.0,0.5816369004627967,0.4183630995372033,0.0
0.9984561621504368,0.9984561621504368,0.9984561621504368,0.05,0.6107987000709334,0.6107987000709334,0.6107987000709334,0.3183508862826754,0.3183508862826754,0.3183508862826754,4.0,0.2807674815350975,0.7192325184649024,0.0
0.9852661295696514,0.9852661295696514,0.9852661295696514,0.05,0.5544850340010208,0.5544850340010208,0.5544850340010208,0.3542286797807573,0.3542286797807573,0.3542286797807573,4.0,0.29687995520212934,0.7031200447978707,0.0
0.9169406479447164,0.9169406479447164,0.9169406479447164,0.05,0.7766546268359723,0.7766546268359723,0.7766546268359723,0.13822049142872686,0.13822049142872686,0.13822049142872686,4.0,0.1682883258487977,0.8317116741512023,0.0
0.760096512657301,0.760096512657301,0.760096512657301,0.05,0.5229522189092984,0.5229522189092984,0.5229522189092984,0.17148126876479766,0.17148126876479766,0.17148126876479766,4.0,0.290184344258704,0.709815655741296,0.0
0.9606465326801878,0.9606465326801878,0.9606465326801878,0.05,0.27815121289551625,0.27815121289551625,0.27815121289551625,0.25222298304827767,0.25222298304827767,0.25222298304827767,4.0,0.207424610764132,0.792575389235868,0.0
0.8894347861810047,0.8894347861810047,0.8894347861810047,0.05,0.6205590490300912,0.6205590490300912,0.6205590490300912,0.14408102826819003,0.14408102826819003,0.14408102826819003,4.0,0.26979351920294825,0.7302064807970517,0.0
0.8406338553000182,0.8406338553000182,0.8406338553000182,0.05,0.19304989120387644,0.19304989120387644,0.19304989120387644,0.10535395449138857,0.10535395449138857,0.10535395449138857,4.0,0.2790077693993968,0.7209922306006031,0.0
0.8525264381447818,0.8525264381447818,0.8525264381447818,0.05,0.6374647281738411,0.6374647281738411,0.6374647281738411,0.16591846233819293,0.16591846233819293,0.16591846233819293,4.0,0.42172414683931575,0.5782758531606842,0.0
0.5717111147125968,0.5717111147125968,0.5717111147125968,0.05,0.3465852041015412,0.3465852041015412,0.3465852041015412,0.060887833021837263,0.060887833021837263,0.060887833021837263,4.0,0.5870239497856956,0.4129760502143044,0.0
0.6387162753679858,0.6387162753679858,0.6387162753679858,0.05,0.33603075522578074,0.33603075522578074,0.33603075522578074,0.013495634229962573,0.013495634229962573,0.013495634229962573,4.0,0.5950042022123727,0.4049957977876273,0.0
0.5755618479443021,0.5755618479443021,0.5755618479443021,0.05,0.2892782395395682,0.2892782395395682,0.2892782395395682,0.16170613322973226,0.16170613322973226,0.16170613322973226,4.0,0.22060127881355732,0.7793987211864427,0.0
0.6379609580239709,0.6379609580239709,0.6379609580239709,0.05,0.26415182430828993,0.26415182430828993,0.26415182430828993,0.17848777615233677,0.17848777615233677,0.17848777615233677,4.0,0.31196210365212534,0.6880378963478746,0.0
0.372704785990194,0.372704785990194,0.372704785990194,0.05,0.2575586981596503,0.2575586981596503,0.2575586981596503,0.09988488309846082,0.09988488309846082,0.09988488309846082,4.0,0.38091571540492314,0.6190842845950768,0.0
0.9636516105488752,0.9636516105488752,0.9636516105488752,0.05,0.5040659238595112,0.5040659238595112,0.5040659238595112,0.15175545530787707,0.15175545530787707,0.15175545530787707,4.0,0.604905566964239,0.395094433035761,0.0
0.8323565396664174,0.8323565396664174,0.8323565396664174,0.05,0.4498543380727499,0.4498543380727499,0.4498543380727499,0.35698000922661305,0.35698000922661305,0.35698000922661305,4.0,0.7257822666849245,0.2742177333150755,0.0
0.9507201200166413,0.9507201200166413,0.9507201200166413,0.05,0.3722252789573022,0.3722252789573022,0.3722252789573022,0.13761660002804757,0.13761660002804757,0.13761660002804757,4.0,0.38895034085300656,0.6110496591469934,0.0
0.3611095730958431,0.3611095730958431,0.3611095730958431,0.05,0.1946998667896662,0.1946998667896662,0.1946998667896662,0.16306384797826293,0.16306384797826293,0.16306384797826293,4.0,0.22408409238763996,0.7759159076123601,0.0
0.46385254889945005,0.46385254889945005,0.46385254889945005,0.05,0.335816790902485,0.335816790902485,0.335816790902485,0.07175655493966043,0.07175655493966043,0.07175655493966043,4.0,0.8461645885957583,0.15383541140424173,0.0
0.6774070028339584,0.6774070028339584,0.6774070028339584,0.05,0.28184981615005344,0.28184981615005344,0.28184981615005344,0.07227347371876149,0.07227347371876149,0.07227347371876149,4.0,0.6368921972923808,0.3631078027076192,0.0
0.5977054001063531,0.5977054001063531,0.5977054001063531,0.05,0.077473530301792,0.077473530301792,0.077473530301792,0.05420964396672813,0.05420964396672813,0.05420964396672813,4.0,0.9838523205367327,0.01614767946326734,0.0
0.6939107183180812,0.6939107183180812,0.6939107183180812,0.05,0.45989915409962684,0.45989915409962684,0.45989915409962684,0.13873793010727678,0.13873793010727678,0.13873793010727678,4.0,0.4085034179343832,0.5914965820656168,0.0
0.9304152932376528,0.9304152932376528,0.9304152932376528,0.05,0.7809684207052756,0.7809684207052756,0.7809684207052756,0.1266810116166713,0.1266810116166713,0.1266810116166713,4.0,0.8926504262191106,0.10734957378088938,0.0
0.7618845161091876,0.7618845161091876,0.7618845161091876,0.05,0.3877230610231581,0.3877230610231581,0.3877230610231581,0.25801493358341326,0.25801493358341326,0.25801493358341326,4.0,0.3116244957551657,0.6883755042448343,0.0
0.6655596656531237,0.6655596656531237,0.6655596656531237,0.05,0.3854245538343446,0.3854245538343446,0.3854245538343446,0.09018916093157521,0.09018916093157521,0.09018916093157521,4.0,0.5670662629318389,0.4329337370681611,0.0
0.9371312147992483,0.9371312147992483,0.9371312147992483,0.05,0.7918107377814062,0.7918107377814062,0.7918107377814062,0.044021445785906645,0.044021445785906645,0.044021445785906645,4.0,0.16930570089635913,0.8306942991036409,0.0
0.7760479376589606,0.7760479376589606,0.7760479376589606,0.05,0.331103849844125,0.331103849844125,0.331103849844125,0.29287410915753365,0.29287410915753365,0.29287410915753365,4.0,0.034372559519939186,0.9656274404800608,0.0
0.669860717858016,0.669860717858016,0.669860717858016,0.05,0.038801988761290956,0.038801988761290956,0.038801988761290956,0.03464961646645711,0.03464961646645711,0.03464961646645711,4.0,0.1861286132344355,0.8138713867655645,0.0
0.8173995019428119,0.8173995019428119,0.8173995019428119,0.05,0.6698354732110181,0.6698354732110181,0.6698354732110181,0.13751832037772047,0.13751832037772047,0.13751832037772047,4.0,0.07741745864963094,0.9225825413503691,0.0
0.7595323401073055,0.7595323401073055,0.7595323401073055,0.05,0.27241571070043474,0.27241571070043474,0.27241571070043474,0.077728278747972,0.077728278747972,0.077728278747972,4.0,0.030960493622084896,0.9690395063779151,0.0
0.8366309019080586,0.8366309019080586,0.8366309019080586,0.05,0.2998872682308071,0.2998872682308071,0.2998872682308071,0.2494159165876258,0.2494159165876258,0.2494159165876258,4.0,0.3246335695934884,0.6753664304065117,0.0
0.7735256951720251,0.7735256951720251,0.7735256951720251,0.05,0.547906239726089,0.547906239726089,0.547906239726089,0.06791175978918326,0.06791175978918326,0.06791175978918326,4.0,0.2334492676334147,0.7665507323665853,0.0
0.6619798295386689,0.6619798295386689,0.6619798295386689,0.05,0.36178902872834323,0.36178902872834323,0.36178902872834323,0.008355553628956635,0.008355553628956635,0.008355553628956635,4.0,0.6562733051970632,0.3437266948029368,0.0
0.9958500812181894,0.9958500812181894,0.9958500812181894,0.05,0.5134187209332723,0.5134187209332723,0.5134187209332723,0.08639263586644036,0.08639263586644036,0.08639263586644036,4.0,0.9353890767288314,0.06461092327116857,0.0
0.39805976166427026,0.39805976166427026,0.39805976166427026,0.05,0.17588407065309722,0.17588407065309722,0.17588407065309722,0.02102624448225668,0.02102624448225668,0.02102624448225668,4.0,0.8104422016771904,0.1895577983228096,0.0
0.4947475097212866,0.4947475097212866,0.4947475097212866,0.05,0.4355828650305387,0.4355828650305387,0.4355828650305387,0.03924571731723024,0.03924571731723024,0.03924571731723024,4.0,0.8558214182152417,0.1441785817847583,0.0
0.9529730105940164,0.9529730105940164,0.9529730105940164,0.05,0.7677540274762533,0.7677540274762533,0.7677540274762533,0.05138461248523356,0.05138461248523356,0.05138461248523356,4.0,0.5003637425068916,0.49963625749310836,0.0
0.8923088281534588,0.8923088281534588,0.8923088281534588,0.05,0.41824533557754967,0.41824533557754967,0.41824533557754967,0.1592878523082324,0.1592878523082324,0.1592878523082324,4.0,0.8645519982944329,0.13544800170556714,0.0
0.6846254523442306,0.6846254523442306,0.6846254523442306,0.05,0.4876880954825696,0.4876880954825696,0.4876880954825696,0.1266649311297549,0.1266649311297549,0.1266649311297549,4.0,0.7131764553132138,0.28682354468678617,0.0
0.8732521440138988,0.8732521440138988,0.8732521440138988,0.05,0.2981860269600637,0.2981860269600637,0.2981860269600637,0.21504880671275775,0.21504880671275775,0.21504880671275775,4.0,0.9216014301043576,0.07839856989564242,0.0
0.5895031311301582,0.5895031311301582,0.5895031311301582,0.05,0.046121279999568186,0.046121279999568186,0.046121279999568186,0.02748508192020433,0.02748508192020433,0.02748508192020433,4.0,0.7538796373221106,0.2461203626778894,0.0
0.5357154988933758,0.5357154988933758,0.5357154988933758,0.05,0.4129296719044628,0.4129296719044628,0.4129296719044628,0.12072614120264764,0.12072614120264764,0.12072614120264764,4.0,0.744705084662287,0.255294915337713,0.0
0.6814855686436451,0.6814855686436451,0.6814855686436451,0.05,0.15306419596039103,0.15306419596039103,0.15306419596039103,0.1210175294346477,0.1210175294346477,0.1210175294346477,4.0,0.8439753902470472,0.15602460975295285,0.0
0.9844931644087836,0.9844931644087836,0.9844931644087836,0.05,0.5553252387830864,0.5553252387830864,0.5553252387830864,0.20715845438721617,0.20715845438721617,0.20715845438721617,4.0,0.31844054306583347,0.6815594569341665,0.0
0.985132463864092,0.985132463864092,0.985132463864092,0.05,0.6662990406220085,0.6662990406220085,0.6662990406220085,0.048825330662593515,0.048825330662593515,0.048825330662593515,4.0,0.28811217356213337,0.7118878264378666,0.0
0.7807638327487871,0.7807638327487871,0.7807638327487871,0.05,0.4811205582102822,0.4811205582102822,0.4811205582102822,0.17396855496375685,0.17396855496375685,0.17396855496375685,4.0,0.25866861378927836,0.7413313862107216,0.0
0.6796209557883123,0.6796209557883123,0.6796209557883123,0.05,0.2326519703731438,0.2326519703731438,0.2326519703731438,0.00898197625151635,0.00898197625151635,0.00898197625151635,4.0,0.08440708175202682,0.9155929182479732,0.0
0.9955864741499223,0.9955864741499223,0.9955864741499223,0.05,0.9099828421202745,0.9099828421202745,0.9099828421202745,0.011780284924342521,0.011780284924342521,0.011780284924342521,4.0,0.991169130121724,0.008830869878275971,0.0
0.6502695821195548,0.6502695821195548,0.6502695821195548,0.05,0.44968907536645597,0.44968907536645597,0.44968907536645597,0.06984420900231998,0.06984420900231998,0.06984420900231998,4.0,0.526847972688134,0.473152027311866,0.0
0.7030325938261796,0.7030325938261796,0.7030325938261796,0.05,0.2523866053648149,0.2523866053648149,0.2523866053648149,0.00516154116629817,0.00516154116629817,0.00516154116629817,4.0,0.8653309107311806,0.13466908926881938,0.0
0.7691588615780575,0.7691588615780575,0.7691588615780575,0.05,0.30587136605487725,0.30587136605487725,0.30587136605487725,0.0907118693926853,0.0907118693926853,0.0907118693926853,4.0,0.8152875106874702,0.18471248931252982,0.0
0.9185194941389064,0.9185194941389064,0.9185194941389064,0.05,0.22173561253577703,0.22173561253577703,0.22173561253577703,0.19951718794295387,0.19951718794295387,0.19951718794295387,4.0,0.8155948615528021,0.18440513844719786,0.0
0.39510374852225383,0.39510374852225383,0.39510374852225383,0.05,0.2334835144423589,0.2334835144423589,0.2334835144423589,0.05730335447974703,0.05730335447974703,0.05730335447974703,4.0,0.6579576430274823,0.3420423569725177,0.0
0.18520882084082357,0.18520882084082357,0.18520882084082357,0.05,0.16162900363919416,0.16162900363919416,0.16162900363919416,0.008685806611110816,0.008685806611110816,0.008685806611110816,4.0,0.7295093790564416,0.27049062094355836,0.0
0.8580866266778513,0.8580866266778513,0.8580866266778513,0.05,0.564187428127521,0.564187428127521,0.564187428127521,0.2920182789425439,0.2920182789425439,0.2920182789425439,4.0,0.7162564829023313,0.28374351709766865,0.0
0.9910185277130622,0.9910185277130622,0.9910185277130622,0.05,0.2550419719225525,0.2550419719225525,0.2550419719225525,0.015894664300905494,0.015894664300905494,0.015894664300905494,4.0,0.22872517105855136,0.7712748289414486,0.0
0.8783289282313325,0.8783289282313325,0.8783289282313325,0.05,0.30421324429881763,0.30421324429881763,0.30421324429881763,0.08095316442973313,0.08095316442973313,0.08095316442973313,4.0,0.8277979980944062,0.17220200190559376,0.0
0.895593398466283,0.895593398466283,0.895593398466283,0.05,0.21245864570239678,0.21245864570239678,0.21245864570239678,0.2032603569727391,0.2032603569727391,0.2032603569727391,4.0,0.866256351269835,0.13374364873016498,0.0
0.9966138232179395,0.9966138232179395,0.9966138232179395,0.05,0.3115882265554982,0.3115882265554982,0.3115882265554982,0.04573326607381801,0.04573326607381801,0.04573326607381801,4.0,0.9758304963233441,0.024169503676655935,0.0
0.7921701494354837,0.7921701494354837,0.7921701494354837,0.05,0.41494375923754157,0.41494375923754157,0.41494375923754157,0.06054722601552853,0.06054722601552853,0.06054722601552853,4.0,0.7908365985818318,0.20916340141816825,0.0
0.983242670732167,0.983242670732167,0.983242670732167,0.05,0.7452590782976687,0.7452590782976687,0.7452590782976687,0.06838557573895598,0.06838557573895598,0.06838557573895598,4.0,0.02414561330563894,0.9758543866943611,0.0
0.9434316628606957,0.9434316628606957,0.9434316628606957,0.05,0.3164714663266799,0.3164714663266799,0.3164714663266799,0.204267877056287,0.204267877056287,0.204267877056287,4.0,0.00016444997937518658,0.9998355500206249,0.0
0.9541222777406788,0.9541222777406788,0.9541222777406788,0.05,0.5989861101484995,0.5989861101484995,0.5989861101484995,0.14172310589259732,0.14172310589259732,0.14172310589259732,4.0,0.8166140382276894,0.1833859617723106,0.0
0.7702679417691666,0.7702679417691666,0.7702679417691666,0.05,0.0794669196072577,0.0794669196072577,0.0794669196072577,0.05500308396149353,0.05500308396149353,0.05500308396149353,4.0,0.019279443542805526,0.9807205564571945,0.0
0.7137469509136547,0.7137469509136547,0.7137469509136547,0.05,0.2777670652096502,0.2777670652096502,0.2777670652096502,0.19264060887175952,0.19264060887175952,0.19264060887175952,4.0,0.6688468163210367,0.3311531836789633,0.0
0.47189129555755926,0.47189129555755926,0.47189129555755926,0.05,0.2161503738585356,0.2161503738585356,0.2161503738585356,0.04409236699674938,0.04409236699674938,0.04409236699674938,4.0,0.7471176159506372,0.2528823840493628,0.0
0.7400179394298058,0.7400179394298058,0.7400179394298058,0.05,0.22896334846828229,0.22896334846828229,0.22896334846828229,0.045599045266461115,0.045599045266461115,0.045599045266461115,4.0,0.8488388494322474,0.1511611505677526,0.0
0.7762829619919891,0.7762829619919891,0.7762829619919891,0.05,0.5063297491423059,0.5063297491423059,0.5063297491423059,0.06028749881504112,0.06028749881504112,0.06028749881504112,4.0,0.38434971178491095,0.615650288215089,0.0
0.35119792186822957,0.35119792186822957,0.35119792186822957,0.05,0.18648784683034744,0.18648784683034744,0.18648784683034744,0.11796536948053277,0.11796536948053277,0.11796536948053277,4.0,0.6122109802388016,0.3877890197611984,0.0
0.598318492393473,0.598318492393473,0.598318492393473,0.05,0.16250307310478132,0.16250307310478132,0.16250307310478132,0.12360943342532828,0.12360943342532828,0.12360943342532828,4.0,0.8340562071652674,0.1659437928347326,0.0
0.5781261649256437,0.5781261649256437,0.5781261649256437,0.05,0.22795117159914124,0.22795117159914124,0.22795117159914124,0.16615967829296685,0.16615967829296685,0.16615967829296685,4.0,0.9638082561665929,0.036191743833407064,0.0
0.9336262116191407,0.9336262116191407,0.9336262116191407,0.05,0.3153522275160151,0.3153522275160151,0.3153522275160151,0.3108687684221886,0.3108687684221886,0.3108687684221886,4.0,0.5774957409369896,0.42250425906301037,0.0
0.855597932481557,0.855597932481557,0.855597932481557,0.05,0.3023975289826879,0.3023975289826879,0.3023975289826879,0.2615320609568689,0.2615320609568689,0.2615320609568689,4.0,0.6406438864092481,0.3593561135907519,0.0
0.9851747024996647,0.9851747024996647,0.9851747024996647,0.05,0.46410032225175485,0.46410032225175485,0.46410032225175485,0.21516070789104733,0.21516070789104733,0.21516070789104733,4.0,0.46198290998726266,0.5380170900127373,0.0
0.7000885928903318,0.7000885928903318,0.7000885928903318,0.05,0.32512142831318996,0.32512142831318996,0.32512142831318996,0.1326629766933486,0.1326629766933486,0.1326629766933486,4.0,0.6245444922101411,0.3754555077898589,0.0
0.9026063060354743,0.9026063060354743,0.9026063060354743,0.05,0.49805483570221637,0.49805483570221637,0.49805483570221637,0.3579294612861134,0.3579294612861134,0.3579294612861134,4.0,0.9187818921731319,0.08121810782686811,0.0
0.49196348142189045,0.49196348142189045,0.49196348142189045,0.05,0.16966148714376936,0.16966148714376936,0.16966148714376936,0.14195286474271038,0.14195286474271038,0.14195286474271038,4.0,0.7549397450630904,0.24506025493690964,0.0
0.5029700526685387,0.5029700526685387,0.5029700526685387,0.05,0.17177269395844785,0.17177269395844785,0.17177269395844785,0.08641296682568002,0.08641296682568002,0.08641296682568002,4.0,0.6499510392892023,0.3500489607107977,0.0
0.2289572470716806,0.2289572470716806,0.2289572470716806,0.05,0.1023191489136723,0.1023191489136723,0.1023191489136723,0.016699251246986645,0.016699251246986645,0.016699251246986645,4.0,0.4908917079112612,0.5091082920887389,0.0
0.9232566355478384,0.9232566355478384,0.9232566355478384,0.05,0.8913957353487932,0.8913957353487932,0.8913957353487932,0.02175360991974483,0.02175360991974483,0.02175360991974483,4.0,0.001966691011092689,0.9980333089889073,0.0
0.5153781766918714,0.5153781766918714,0.5153781766918714,0.05,0.2467311735934662,0.2467311735934662,0.2467311735934662,0.057307385832895366,0.057307385832895366,0.057307385832895366,4.0,0.5338780742658188,0.4661219257341812,0.0
0.8203722624358527,0.8203722624358527,0.8203722624358527,0.05,0.21645045511029354,0.21645045511029354,0.21645045511029354,0.20866110951202163,0.20866110951202163,0.20866110951202163,4.0,0.10638567704095674,0.8936143229590433,0.0
0.47338126971571054,0.47338126971571054,0.47338126971571054,0.05,0.239084225122706,0.239084225122706,0.239084225122706,0.029746546181000103,0.029746546181000103,0.029746546181000103,4.0,0.10657445539394832,0.8934255446060517,0.0
0.5245855865475774,0.5245855865475774,0.5245855865475774,0.05,0.10506511744448517,0.10506511744448517,0.10506511744448517,0.06310826706568207,0.06310826706568207,0.06310826706568207,4.0,0.18353670741566913,0.8164632925843309,0.0
0.3106444671980882,0.3106444671980882,0.3106444671980882,0.05,0.07199260183332994,0.07199260183332994,0.07199260183332994,0.05221784601844469,0.05221784601844469,0.05221784601844469,4.0,0.1014823400299324,0.8985176599700676,0.0
0.7969798005199047,0.7969798005199047,0.7969798005199047,0.05,0.3577527234111706,0.3577527234111706,0.3577527234111706,0.24203394879508622,0.24203394879508622,0.24203394879508622,4.0,0.4219950187526868,0.5780049812473131,0.0
0.6707964399354291,0.6707964399354291,0.6707964399354291,0.05,0.5121785230045787,0.5121785230045787,0.5121785230045787,0.10092261438012314,0.10092261438012314,0.10092261438012314,4.0,0.6596927375388346,0.3403072624611654,0.0
0.6644161223269004,0.6644161223269004,0.6644161223269004,0.05,0.33802624957252875,0.33802624957252875,0.33802624957252875,0.2513139620815248,0.2513139620815248,0.2513139620815248,4.0,0.045292632281868535,0.9547073677181315,0.0
0.8300994947906251,0.8300994947906251,0.8300994947906251,0.05,0.42329464738460665,0.42329464738460665,0.42329464738460665,0.31482450366366116,0.31482450366366116,0.31482450366366116,4.0,0.06792772997913188,0.9320722700208681,0.0
0.8905677799025669,0.8905677799025669,0.8905677799025669,0.05,0.6456364359937204,0.6456364359937204,0.6456364359937204,0.1923996367924427,0.1923996367924427,0.1923996367924427,4.0,0.42777920771326317,0.5722207922867368,0.0
0.9968121878195223,0.9968121878195223,0.9968121878195223,0.05,0.40320650170134187,0.40320650170134187,0.40320650170134187,0.3722248563113096,0.3722248563113096,0.3722248563113096,4.0,0.07333876693747561,0.9266612330625243,0.0
0.9113952354872135,0.9113952354872135,0.9113952354872135,0.05,0.3845260275313711,0.3845260275313711,0.3845260275313711,0.15711295843991321,0.15711295843991321,0.15711295843991321,4.0,0.7683283084224102,0.23167169157758982,0.0
0.9827372696885536,0.9827372696885536,0.9827372696885536,0.05,0.5531995613353131,0.5531995613353131,0.5531995613353131,0.2930554518193569,0.2930554518193569,0.2930554518193569,4.0,0.5498366782222438,0.4501633217777562,0.0
0.7066667144097268,0.7066667144097268,0.7066667144097268,0.05,0.4231375770105719,0.4231375770105719,0.4231375770105719,0.08507851567818599,0.08507851567818599,0.08507851567818599,4.0,0.7442310110636419,0.25576898893635813,0.0
0.9471370098305679,0.9471370098305679,0.9471370098305679,0.05,0.7538277343885216,0.7538277343885216,0.7538277343885216,0.0452816271661226,0.0452816271661226,0.0452816271661226,4.0,0.9309402545381844,0.06905974546181559,0.0
0.6044099539384375,0.6044099539384375,0.6044099539384375,0.05,0.5005360250140907,0.5005360250140907,0.5005360250140907,0.02065064510727416,0.02065064510727416,0.02065064510727416,4.0,0.08865702027854794,0.9113429797214521,0.0
0.7958276774043633,0.7958276774043633,0.7958276774043633,0.05,0.6655594421548242,0.6655594421548242,0.6655594421548242,0.028619700940787935,0.028619700940787935,0.028619700940787935,4.0,0.6103673542971031,0.3896326457028969,0.0
0.9251314617130901,0.9251314617130901,0.9251314617130901,0.05,0.418622263101059,0.418622263101059,0.418622263101059,0.290503011343333,0.290503011343333,0.290503011343333,4.0,0.8776856983367531,0.12231430166324686,0.0
0.9734462177871314,0.9734462177871314,0.9734462177871314,0.05,0.7714963312061444,0.7714963312061444,0.7714963312061444,0.02813019509551736,0.02813019509551736,0.02813019509551736,4.0,0.8738650369107885,0.12613496308921146,0.0
0.7575395806284385,0.7575395806284385,0.7575395806284385,0.05,0.5323724851710399,0.5323724851710399,0.5323724851710399,0.18265649603126408,0.18265649603126408,0.18265649603126408,4.0,0.12481255334740417,0.8751874466525958,0.0
0.49553579757713595,0.49553579757713595,0.49553579757713595,0.05,0.2272798078060236,0.2272798078060236,0.2272798078060236,0.05824620599555423,0.05824620599555423,0.05824620599555423,4.0,0.6205415657158115,0.37945843428418846,0.0
0.40818569395773396,0.40818569395773396,0.40818569395773396,0.05,0.09922699987378823,0.09922699987378823,0.09922699987378823,0.02521804532233249,0.02521804532233249,0.02521804532233249,4.0,0.563905374936532,0.43609462506346797,0.0
0.8636982701453159,0.8636982701453159,0.8636982701453159,0.05,0.38208261719623743,0.38208261719623743,0.38208261719623743,0.3161654671331434,0.3161654671331434,0.3161654671331434,4.0,0.5889062113283748,0.41109378867162516,0.0
0.6053011517286432,0.6053011517286432,0.6053011517286432,0.05,0.3068586802857414,0.3068586802857414,0.3068586802857414,0.22773868499165636,0.22773868499165636,0.22773868499165636,4.0,0.48497185453680053,0.5150281454631995,0.0
0.8419178879946639,0.8419178879946639,0.8419178879946639,0.05,0.36625083807064623,0.36625083807064623,0.36625083807064623,0.10719515900891277,0.10719515900891277,0.10719515900891277,4.0,0.4204168603140968,0.5795831396859032,0.0
0.867279588816422,0.867279588816422,0.867279588816422,0.05,0.3205270676403766,0.3205270676403766,0.3205270676403766,0.06719885988649343,0.06719885988649343,0.06719885988649343,4.0,0.07628817749482723,0.9237118225051728,0.0
0.2641014518062337,0.2641014518062337,0.2641014518062337,0.05,0.08091344299440978,0.08091344299440978,0.08091344299440978,0.03142089807344712,0.03142089807344712,0.03142089807344712,4.0,0.23404103374535312,0.7659589662546469,0.0
0.5016213756492912,0.5016213756492912,0.5016213756492912,0.05,0.3651762508753275,0.3651762508753275,0.3651762508753275,0.1252382847711033,0.1252382847711033,0.1252382847711033,4.0,0.16121396584935258,0.8387860341506475,0.0
0.9501560854291652,0.9501560854291652,0.9501560854291652,0.05,0.5645929008226597,0.5645929008226597,0.5645929008226597,0.06539044445516606,0.06539044445516606,0.06539044445516606,4.0,0.4796161934300474,0.5203838065699526,0.0
0.8181413883124573,0.8181413883124573,0.8181413883124573,0.05,0.4211487269573776,0.4211487269573776,0.4211487269573776,0.30062977535725827,0.30062977535725827,0.30062977535725827,4.0,0.6457918831780355,0.3542081168219645,0.0
0.8658389635454407,0.8658389635454407,0.8658389635454407,0.05,0.1375273348327532,0.1375273348327532,0.1375273348327532,0.056595665091908234,0.056595665091908234,0.056595665091908234,4.0,0.7683211044383862,0.2316788955616138,0.0
0.5970529021715179,0.5970529021715179,0.5970529021715179,0.05,0.3351149384286184,0.3351149384286184,0.3351149384286184,0.03858376557330457,0.03858376557330457,0.03858376557330457,4.0,0.8354880346858555,0.16451196531414447,0.0
0.8034745714707903,0.8034745714707903,0.8034745714707903,0.05,0.5089256954490273,0.5089256954490273,0.5089256954490273,0.26307017041805275,0.26307017041805275,0.26307017041805275,4.0,0.7505404796988342,0.2494595203011658,0.0
0.9545302479340575,0.9545302479340575,0.9545302479340575,0.05,0.7790977998761782,0.7790977998761782,0.7790977998761782,0.12056748122086366,0.12056748122086366,0.12056748122086366,4.0,0.6344268103123692,0.36557318968763075,0.0
0.5330696300815051,0.5330696300815051,0.5330696300815051,0.05,0.4567482998690413,0.4567482998690413,0.4567482998690413,0.015665778342490028,0.015665778342490028,0.015665778342490028,4.0,0.2731754463938333,0.7268245536061667,0.0
0.8293072227103868,0.8293072227103868,0.8293072227103868,0.05,0.4704649790812626,0.4704649790812626,0.4704649790812626,0.04786263584399577,0.04786263584399577,0.04786263584399577,4.0,0.5084928735689646,0.49150712643103545,0.0
0.9310029226074065,0.9310029226074065,0.9310029226074065,0.05,0.25643838503262417,0.25643838503262417,0.25643838503262417,0.002335704271047554,0.002335704271047554,0.002335704271047554,4.0,0.7449610726898631,0.2550389273101369,0.0
0.5634218581076038,0.5634218581076038,0.5634218581076038,0.05,0.34245403640393823,0.34245403640393823,0.34245403640393823,0.16845863370392675,0.16845863370392675,0.16845863370392675,4.0,0.6918697386934528,0.3081302613065472,0.0
0.672436936990686,0.672436936990686,0.672436936990686,0.05,0.048875151988600915,0.048875151988600915,0.048875151988600915,0.010086804680192366,0.010086804680192366,0.010086804680192366,4.0,0.3285643141278748,0.6714356858721252,0.0
0.2597664691524854,0.2597664691524854,0.2597664691524854,0.05,0.18485261288331523,0.18485261288331523,0.18485261288331523,0.008461964270185194,0.008461964270185194,0.008461964270185194,4.0,0.3626426883028589,0.6373573116971412,0.0
0.679597631794576,0.679597631794576,0.679597631794576,0.05,0.6000637910898841,0.6000637910898841,0.6000637910898841,0.005155141931881491,0.005155141931881491,0.005155141931881491,4.0,0.6011370860776412,0.39886291392235884,0.0
0.780846962133206,0.780846962133206,0.780846962133206,0.05,0.3137909998625377,0.3137909998625377,0.3137909998625377,0.3095412291139573,0.3095412291139573,0.3095412291139573,4.0,0.010836943405364358,0.9891630565946357,0.0
0.8777796502413769,0.8777796502413769,0.8777796502413769,0.05,0.6594952450080362,0.6594952450080362,0.6594952450080362,0.14773556611114982,0.14773556611114982,0.14773556611114982,4.0,0.3967150423861696,0.6032849576138304,0.0
0.5561689257235213,0.5561689257235213,0.5561689257235213,0.05,0.2739930197524982,0.2739930197524982,0.2739930197524982,0.031110034405390532,0.031110034405390532,0.031110034405390532,4.0,0.2729526897100783,0.7270473102899218,0.0
0.4669381592161368,0.4669381592161368,0.4669381592161368,0.05,0.2946475582288245,0.2946475582288245,0.2946475582288245,0.13296891164796196,0.13296891164796196,0.13296891164796196,4.0,0.8423225120784676,0.15767748792153236,0.0
0.2687797516325723,0.2687797516325723,0.2687797516325723,0.05,0.23740576239498584,0.23740576239498584,0.23740576239498584,0.023013179555971753,0.023013179555971753,0.023013179555971753,4.0,0.5690296634479706,0.43097033655202943,0.0
0.8736384146195438,0.8736384146195438,0.8736384146195438,0.05,0.17099305996779518,0.17099305996779518,0.17099305996779518,0.039339688105116954,0.039339688105116954,0.039339688105116954,4.0,0.12177856560082803,0.878221434399172,0.0
0.9475401144912925,0.9475401144912925,0.9475401144912925,0.05,0.7936610036339083,0.7936610036339083,0.7936610036339083,0.14705866728056866,0.14705866728056866,0.14705866728056866,4.0,0.5309702737190286,0.4690297262809714,0.0
0.5517487637637974,0.5517487637637974,0.5517487637637974,0.05,0.18935914192960843,0.18935914192960843,0.18935914192960843,0.09992798553624446,0.09992798553624446,0.09992798553624446,4.0,0.5866444540896415,0.4133555459103585,0.0
0.8607178662296955,0.8607178662296955,0.8607178662296955,0.05,0.4763969146486282,0.4763969146486282,0.4763969146486282,0.3066054217014331,0.3066054217014331,0.3066054217014331,4.0,0.13721481125702903,0.8627851887429709,0.0
0.9483808632836042,0.9483808632836042,0.9483808632836042,0.05,0.343900366614041,0.343900366614041,0.343900366614041,0.2084707751664396,0.2084707751664396,0.2084707751664396,4.0,0.34812128720973673,0.6518787127902632,0.0
0.44034484271230634,0.44034484271230634,0.44034484271230634,0.05,0.20661941707089168,0.20661941707089168,0.20661941707089168,0.07158952230746946,0.07158952230746946,0.07158952230746946,4.0,0.8994936268722455,0.10050637312775446,0.0
0.6109897719804397,0.6109897719804397,0.6109897719804397,0.05,0.1988604043607665,0.1988604043607665,0.1988604043607665,0.17926375141854176,0.17926375141854176,0.17926375141854176,4.0,0.5997090067664327,0.4002909932335673,0.0
0.48412551838058715,0.48412551838058715,0.48412551838058715,0.05,0.16371433366531749,0.16371433366531749,0.16371433366531749,0.058011020293282554,0.058011020293282554,0.058011020293282554,4.0,0.39590489601472234,0.6040951039852777,0.0
0.8591369868272027,0.8591369868272027,0.8591369868272027,0.05,0.556831050679449,0.556831050679449,0.556831050679449,0.07784768348532224,0.07784768348532224,0.07784768348532224,4.0,0.4287339577366827,0.5712660422633173,0.0
0.4882054703712679,0.4882054703712679,0.4882054703712679,0.05,0.23765110273524026,0.23765110273524026,0.23765110273524026,0.20978698933874357,0.20978698933874357,0.20978698933874357,4.0,0.4571568853164415,0.5428431146835585,0.0
0.9862480507160227,0.9862480507160227,0.9862480507160227,0.05,0.35909306637028243,0.35909306637028243,0.35909306637028243,0.04884121323242246,0.04884121323242246,0.04884121323242246,4.0,0.3409610108107206,0.6590389891892794,0.0
0.8448420173278188,0.8448420173278188,0.8448420173278188,0.05,0.788501409943782,0.788501409943782,0.788501409943782,0.027850084871977057,0.027850084871977057,0.027850084871977057,4.0,0.41242137923079564,0.5875786207692044,0.0
0.7080474095583468,0.7080474095583468,0.7080474095583468,0.05,0.11889111888464084,0.11889111888464084,0.11889111888464084,0.023098054934562646,0.023098054934562646,0.023098054934562646,4.0,0.2951113106821769,0.7048886893178231,0.0
0.46481515733792933,0.46481515733792933,0.46481515733792933,0.05,0.11968087599072157,0.11968087599072157,0.11968087599072157,0.11751542898922467,0.11751542898922467,0.11751542898922467,4.0,0.20120531453167326,0.7987946854683268,0.0
0.7871497190633021,0.7871497190633021,0.7871497190633021,0.05,0.5477891089401331,0.5477891089401331,0.5477891089401331,0.058595564481332206,0.058595564481332206,0.058595564481332206,4.0,0.5523544785588135,0.4476455214411865,0.0
0.9121185586052167,0.9121185586052167,0.9121185586052167,0.05,0.25814410776081936,0.25814410776081936,0.25814410776081936,0.12386525769861,0.12386525769861,0.12386525769861,4.0,0.9329832578336139,0.06701674216638609,0.0
0.7669844250578308,0.7669844250578308,0.7669844250578308,0.05,0.43057101987446417,0.43057101987446417,0.43057101987446417,0.2456298581306894,0.2456298581306894,0.2456298581306894,4.0,0.6348796538230441,0.3651203461769559,0.0
0.9288749692577954,0.9288749692577954,0.9288749692577954,0.05,0.29266039248147985,0.29266039248147985,0.29266039248147985,0.2046132563911354,0.2046132563911354,0.2046132563911354,4.0,0.3536688627120567,0.6463311372879432,0.0
0.9748089732487467,0.9748089732487467,0.9748089732487467,0.05,0.7339247478254444,0.7339247478254444,0.7339247478254444,0.20254347149348936,0.20254347149348936,0.20254347149348936,4.0,0.9340951246952273,0.06590487530477274,0.0
0.9754169792936264,0.9754169792936264,0.9754169792936264,0.05,0.48422040794666843,0.48422040794666843,0.48422040794666843,0.13909613537604582,0.13909613537604582,0.13909613537604582,4.0,0.5939708863105777,0.4060291136894223,0.0
0.7861102687905218,0.7861102687905218,0.7861102687905218,0.05,0.3263656502402048,0.3263656502402048,0.3263656502402048,0.12650860677040832,0.12650860677040832,0.12650860677040832,4.0,0.36088903259887145,0.6391109674011286,0.0
0.7962591279670579,0.7962591279670579,0.7962591279670579,0.05,0.14556272154564764,0.14556272154564764,0.14556272154564764,0.040572272444204055,0.040572272444204055,0.040572272444204055,4.0,0.6192823467006017,0.38071765329939833,0.0
0.5114453133355368,0.5114453133355368,0.5114453133355368,0.05,0.2419857353727037,0.2419857353727037,0.2419857353727037,0.1129031199048878,0.1129031199048878,0.1129031199048878,4.0,0.9637681013674847,0.0362318986325153,0.0
0.7427582484726868,0.7427582484726868,0.7427582484726868,0.05,0.521066178560406,0.521066178560406,0.521066178560406,0.1639291743998268,0.1639291743998268,0.1639291743998268,4.0,0.33057908365126626,0.6694209163487337,0.0
0.9912327899177202,0.9912327899177202,0.9912327899177202,0.05,0.4675861075256801,0.4675861075256801,0.4675861075256801,0.07663677546762963,0.07663677546762963,0.07663677546762963,4.0,0.806341871276827,0.193658128723173,0.0
0.9480761965395715,0.9480761965395715,0.9480761965395715,0.05,0.33569149970742473,0.33569149970742473,0.33569149970742473,0.04996168662559822,0.04996168662559822,0.04996168662559822,4.0,0.8493615338542146,0.15063846614578535,0.0
0.9732218223575747,0.9732218223575747,0.9732218223575747,0.05,0.7650842066854439,0.7650842066854439,0.7650842066854439,0.03528238741346731,0.03528238741346731,0.03528238741346731,4.0,0.17249934880337528,0.8275006511966247,0.0
0.50702833253782,0.50702833253782,0.50702833253782,0.05,0.21207775432721915,0.21207775432721915,0.21207775432721915,0.12058987423917553,0.12058987423917553,0.12058987423917553,4.0,0.6233299030013038,0.37667009699869625,0.0
0.7254108547808124,0.7254108547808124,0.7254108547808124,0.05,0.4101673807308642,0.4101673807308642,0.4101673807308642,0.06822012761602142,0.06822012761602142,0.06822012761602142,4.0,0.058342211848249774,0.9416577881517503,0.0
0.7330560510821603,0.7330560510821603,0.7330560510821603,0.05,0.320551006542732,0.320551006542732,0.320551006542732,0.2038797362674522,0.2038797362674522,0.2038797362674522,4.0,0.4020904048240289,0.5979095951759711,0.0
0.5044861340148766,0.5044861340148766,0.5044861340148766,0.05,0.22711325475954675,0.22711325475954675,0.22711325475954675,0.0919721403844232,0.0919721403844232,0.0919721403844232,4.0,0.3026193274247209,0.6973806725752791,0.0
0.9962723923285883,0.9962723923285883,0.9962723923285883,0.05,0.3316357396113691,0.3316357396113691,0.3316357396113691,0.1996144632937045,0.1996144632937045,0.1996144632937045,4.0,0.25489718088775176,0.7451028191122482,0.0
0.903854578741702,0.903854578741702,0.903854578741702,0.05,0.5849950071213673,0.5849950071213673,0.5849950071213673,0.3146953578531153,0.3146953578531153,0.3146953578531153,4.0,0.2404511981864576,0.7595488018135423,0.0
0.7220729130247504,0.7220729130247504,0.7220729130247504,0.05,0.2831950214345883,0.2831950214345883,0.2831950214345883,0.11186104272689197,0.11186104272689197,0.11186104272689197,4.0,0.8054869255365573,0.19451307446344268,0.0
0.17146605561784212,0.17146605561784212,0.17146605561784212,0.05,0.13255010449948515,0.13255010449948515,0.13255010449948515,0.018461056918790377,0.018461056918790377,0.018461056918790377,4.0,0.6072584248519024,0.3927415751480976,0.0
0.2523857493220375,0.2523857493220375,0.2523857493220375,0.05,0.09986913276906548,0.09986913276906548,0.09986913276906548,0.08818226271816831,0.08818226271816831,0.08818226271816831,4.0,0.7415048482489962,0.2584951517510038,0.0
0.8946558330796632,0.8946558330796632,0.8946558330796632,0.05,0.29191847458779485,0.29191847458779485,0.29191847458779485,0.1564059825622101,0.1564059825622101,0.1564059825622101,4.0,0.1382595141396113,0.8617404858603888,0.0
0.7560449704163315,0.7560449704163315,0.7560449704163315,0.05,0.23799993820398097,0.23799993820398097,0.23799993820398097,0.15449368303164596,0.15449368303164596,0.15449368303164596,4.0,0.5705342123749466,0.4294657876250534,0.0
0.8553718641362327,0.8553718641362327,0.8553718641362327,0.05,0.0887613633987607,0.0887613633987607,0.0887613633987607,0.06768302364962377,0.06768302364962377,0.06768302364962377,4.0,0.4581384035835819,0.5418615964164182,0.0
0.9962057291849222,0.9962057291849222,0.9962057291849222,0.05,0.5698000858855923,0.5698000858855923,0.5698000858855923,0.32062078525453624,0.32062078525453624,0.32062078525453624,4.0,0.11299151284911367,0.8870084871508863,0.0
0.7712366240480287,0.7712366240480287,0.7712366240480287,0.05,0.3389830908573089,0.3389830908573089,0.3389830908573089,0.03980584242495575,0.03980584242495575,0.03980584242495575,4.0,0.5592782986014968,0.4407217013985032,0.0
0.7226763257068773,0.7226763257068773,0.7226763257068773,0.05,0.445987196969753,0.445987196969753,0.445987196969753,0.15147863538507367,0.15147863538507367,0.15147863538507367,4.0,0.910349773305725,0.08965022669427503,0.0
0.5641288002601603,0.5641288002601603,0.5641288002601603,0.05,0.08692508046433225,0.08692508046433225,0.08692508046433225,0.06403635519983378,0.06403635519983378,0.06403635519983378,4.0,0.18008118620369368,0.8199188137963063,0.0
0.9197912648843249,0.9197912648843249,0.9197912648843249,0.05,0.4949627605479067,0.4949627605479067,0.4949627605479067,0.2730576918318007,0.2730576918318007,0.2730576918318007,4.0,0.5855352610661206,0.41446473893387936,0.0
0.5080025268081001,0.5080025268081001,0.5080025268081001,0.05,0.3203254607283001,0.3203254607283001,0.3203254607283001,0.03241394094079765,0.03241394094079765,0.03241394094079765,4.0,0.7377784261810283,0.2622215738189717,0.0
0.9701371676688678,0.9701371676688678,0.9701371676688678,0.05,0.42452589436545435,0.42452589436545435,0.42452589436545435,0.28003190960491703,0.28003190960491703,0.28003190960491703,4.0,0.228924652118898,0.771075347881102,0.0
0.9480874493022413,0.9480874493022413,0.9480874493022413,0.05,0.2998348678681639,0.2998348678681639,0.2998348678681639,0.24208056136531367,0.24208056136531367,0.24208056136531367,4.0,0.24916129448582738,0.7508387055141726,0.0
0.935839911149848,0.935839911149848,0.935839911149848,0.05,0.2989951131675826,0.2989951131675826,0.2989951131675826,0.0401548995468759,0.0401548995468759,0.0401548995468759,4.0,0.7133116221575333,0.2866883778424667,0.0
0.6840363786639428,0.6840363786639428,0.6840363786639428,0.05,0.4643923821520591,0.4643923821520591,0.4643923821520591,0.14548399315190738,0.14548399315190738,0.14548399315190738,4.0,0.5672616264287113,0.43273837357128875,0.0
0.8468105935137337,0.8468105935137337,0.8468105935137337,0.05,0.48907959116146954,0.48907959116146954,0.48907959116146954,0.18957675532926713,0.18957675532926713,0.18957675532926713,4.0,0.09406564534013684,0.9059343546598632,0.0
0.971098166056303,0.971098166056303,0.971098166056303,0.05,0.43068540383126946,0.43068540383126946,0.43068540383126946,0.328102698706726,0.328102698706726,0.328102698706726,4.0,0.9776749553542704,0.022325044645729597,0.0
0.831641967414314,0.831641967414314,0.831641967414314,0.05,0.6898785842647124,0.6898785842647124,0.6898785842647124,0.0861419522105868,0.0861419522105868,0.0861419522105868,4.0,0.1685466574077258,0.8314533425922742,0.0
0.8253882117840718,0.8253882117840718,0.8253882117840718,0.05,0.6923544628554282,0.6923544628554282,0.6923544628554282,0.048977497820107005,0.048977497820107005,0.048977497820107005,4.0,0.12832687841198664,0.8716731215880134,0.0
0.8377238851140136,0.8377238851140136,0.8377238851140136,0.05,0.7747450291587081,0.7747450291587081,0.7747450291587081,0.01995257288801632,0.01995257288801632,0.01995257288801632,4.0,0.16254568442143955,0.8374543155785604,0.0
0.9425065576748329,0.9425065576748329,0.9425065576748329,0.05,0.07422298083579519,0.07422298083579519,0.07422298083579519,0.009267246013727573,0.009267246013727573,0.009267246013727573,4.0,0.6461338769784838,0.3538661230215162,0.0
0.6166255978645556,0.6166255978645556,0.6166255978645556,0.05,0.28603647756145684,0.28603647756145684,0.28603647756145684,0.13273819996267144,0.13273819996267144,0.13273819996267144,4.0,0.3007350923959616,0.6992649076040385,0.0
0.8778689564264974,0.8778689564264974,0.8778689564264974,0.05,0.42264782530665906,0.42264782530665906,0.42264782530665906,0.023202135398334243,0.023202135398334243,0.023202135398334243,4.0,0.4045599370369108,0.5954400629630892,0.0
0.5580911971750541,0.5580911971750541,0.5580911971750541,0.05,0.27419988051136873,0.27419988051136873,0.27419988051136873,0.0036437402537539717,0.0036437402537539717,0.0036437402537539717,4.0,0.5819564062311896,0.4180435937688104,0.0
0.7989614263596331,0.7989614263596331,0.7989614263596331,0.05,0.2670684168909698,0.2670684168909698,0.2670684168909698,0.07550963545786771,0.07550963545786771,0.07550963545786771,4.0,0.7299216575131195,0.27007834248688045,0.0
0.9548488603200169,0.9548488603200169,0.9548488603200169,0.05,0.24246383310553096,0.24246383310553096,0.24246383310553096,0.1284975366127035,0.1284975366127035,0.1284975366127035,4.0,0.23400748761508108,0.7659925123849189,0.0
0.9796655806289962,0.9796655806289962,0.9796655806289962,0.05,0.34220957054822754,0.34220957054822754,0.34220957054822754,0.16566517204644138,0.16566517204644138,0.16566517204644138,4.0,0.24562453340265186,0.7543754665973481,0.0
0.9891924731923524,0.9891924731923524,0.9891924731923524,0.05,0.5638392696937378,0.5638392696937378,0.5638392696937378,0.3075390266987796,0.3075390266987796,0.3075390266987796,4.0,0.4624960697504673,0.5375039302495327,0.0
0.8541773105537305,0.8541773105537305,0.8541773105537305,0.05,0.6556943038331494,0.6556943038331494,0.6556943038331494,0.1691635640265519,0.1691635640265519,0.1691635640265519,4.0,0.1367109095277524,0.8632890904722477,0.0
0.7966248793487622,0.7966248793487622,0.7966248793487622,0.05,0.47013901352268933,0.47013901352268933,0.47013901352268933,0.16443076769506693,0.16443076769506693,0.16443076769506693,4.0,0.677884354240795,0.32211564575920504,0.0
0.7376979623889389,0.7376979623889389,0.7376979623889389,0.05,0.4704215399473693,0.4704215399473693,0.4704215399473693,0.20290541643893847,0.20290541643893847,0.20290541643893847,4.0,0.13768784496752506,0.8623121550324749,0.0
0.9908052652090316,0.9908052652090316,0.9908052652090316,0.05,0.08661908636643514,0.08661908636643514,0.08661908636643514,0.005220814950078049,0.005220814950078049,0.005220814950078049,4.0,0.1746017206414309,0.8253982793585691,0.0
0.928934717199556,0.928934717199556,0.928934717199556,0.05,0.3831227248433801,0.3831227248433801,0.3831227248433801,0.26322723156099553,0.26322723156099553,0.26322723156099553,4.0,0.015382110697551068,0.984617889302449,0.0
0.953770255843962,0.953770255843962,0.953770255843962,0.05,0.8851766353731139,0.8851766353731139,0.8851766353731139,0.000746619147532484,0.000746619147532484,0.000746619147532484,4.0,0.9929552376791835,0.007044762320816522,0.0
0.9885238180768421,0.9885238180768421,0.9885238180768421,0.05,0.4981535930567066,0.4981535930567066,0.4981535930567066,0.1921604903704129,0.1921604903704129,0.1921604903704129,4.0,0.9340512034581879,0.06594879654181207,0.0
0.7464125191716416,0.7464125191716416,0.7464125191716416,0.05,0.6267657859665883,0.6267657859665883,0.6267657859665883,0.06973604459246448,0.06973604459246448,0.06973604459246448,4.0,0.8020461226608544,0.1979538773391456,0.0
0.3222444642787368,0.3222444642787368,0.3222444642787368,0.05,0.16709484236732702,0.16709484236732702,0.16709484236732702,0.14791628908495058,0.14791628908495058,0.14791628908495058,4.0,0.4096338643282029,0.5903661356717971,0.0
0.5745048058879739,0.5745048058879739,0.5745048058879739,0.05,0.3509205649585681,0.3509205649585681,0.3509205649585681,0.11414922571670966,0.11414922571670966,0.11414922571670966,4.0,0.0656604698418757,0.9343395301581243,0.0
0.6849321651016357,0.6849321651016357,0.6849321651016357,0.05,0.5391693105315094,0.5391693105315094,0.5391693105315094,0.06973161597818005,0.06973161597818005,0.06973161597818005,4.0,0.8027571349438674,0.19724286505613264,0.0
0.7527919086327565,0.7527919086327565,0.7527919086327565,0.05,0.11894489276642523,0.11894489276642523,0.11894489276642523,0.010642963391645617,0.010642963391645617,0.010642963391645617,4.0,0.2871824817704785,0.7128175182295216,0.0
0.5284027088019759,0.5284027088019759,0.5284027088019759,0.05,0.2704736653074319,0.2704736653074319,0.2704736653074319,0.14743739226686753,0.14743739226686753,0.14743739226686753,4.0,0.6835421834051995,0.31645781659480055,0.0
0.9894070341117766,0.9894070341117766,0.9894070341117766,0.05,0.19035643984100611,0.19035643984100611,0.19035643984100611,0.16748067038133413,0.16748067038133413,0.16748067038133413,4.0,0.7277758921286593,0.27222410787134066,0.0
0.666126430596758,0.666126430596758,0.666126430596758,0.05,0.24724199433003205,0.24724199433003205,0.24724199433003205,0.12978214899717064,0.12978214899717064,0.12978214899717064,4.0,0.19042544664247302,0.8095745533575269,0.0
0.40256156755339195,0.40256156755339195,0.40256156755339195,0.05,0.16496718118289444,0.16496718118289444,0.16496718118289444,0.07994719363124203,0.07994719363124203,0.07994719363124203,4.0,0.07873331884230488,0.9212666811576952,0.0
0.5068930748834448,0.5068930748834448,0.5068930748834448,0.05,0.07719285234106588,0.07719285234106588,0.07719285234106588,0.008577854287094847,0.008577854287094847,0.008577854287094847,4.0,0.351327945975315,0.648672054024685,0.0
0.341839027918596,0.341839027918596,0.341839027918596,0.05,0.08943944667096969,0.08943944667096969,0.08943944667096969,0.007004889912651204,0.007004889912651204,0.007004889912651204,4.0,0.3081665386365824,0.6918334613634176,0.0
0.6120770433428576,0.6120770433428576,0.6120770433428576,0.05,0.16044217741996444,0.16044217741996444,0.16044217741996444,0.026288144596794998,0.026288144596794998,0.026288144596794998,4.0,0.8609454260440126,0.13905457395598741,0.0
0.7633648421539444,0.7633648421539444,0.7633648421539444,0.05,0.40165981683180285,0.40165981683180285,0.40165981683180285,0.11332229437365461,0.11332229437365461,0.11332229437365461,4.0,0.14825275232503365,0.8517472476749663,0.0
0.6303712434729769,0.6303712434729769,0.6303712434729769,0.05,0.3715115949203644,0.3715115949203644,0.3715115949203644,0.16985200180404067,0.16985200180404067,0.16985200180404067,4.0,0.42293297725317147,0.5770670227468285,0.0
0.9088918325358459,0.9088918325358459,0.9088918325358459,0.05,0.5879733371109629,0.5879733371109629,0.5879733371109629,0.06573378394686295,0.06573378394686295,0.06573378394686295,4.0,0.18771994337719225,0.8122800566228078,0.0
0.7833554713884706,0.7833554713884706,0.7833554713884706,0.05,0.6220784201361408,0.6220784201361408,0.6220784201361408,0.0874605606836781,0.0874605606836781,0.0874605606836781,4.0,0.616357869991096,0.383642130008904,0.0
0.740373836214146,0.740373836214146,0.740373836214146,0.05,0.36979335906011496,0.36979335906011496,0.36979335906011496,0.3208482103799712,0.3208482103799712,0.3208482103799712,4.0,0.7733335030984861,0.22666649690151386,0.0
0.3812176927834236,0.3812176927834236,0.3812176927834236,0.05,0.14172705783071193,0.14172705783071193,0.14172705783071193,0.045721989981128315,0.045721989981128315,0.045721989981128315,4.0,0.17605060504250505,0.823949394957495,0.0
0.8059109824017171,0.8059109824017171,0.8059109824017171,0.05,0.4624772089800022,0.4624772089800022,0.4624772089800022,0.10902064116688623,0.10902064116688623,0.10902064116688623,4.0,0.874554395099907,0.12544560490009304,0.0
0.8443105997890954,0.8443105997890954,0.8443105997890954,0.05,0.5677233383232435,0.5677233383232435,0.5677233383232435,0.055506671075107934,0.055506671075107934,0.055506671075107934,4.0,0.8552598015080235,0.1447401984919765,0.0
0.810261072014781,0.810261072014781,0.810261072014781,0.05,0.4322522795065162,0.4322522795065162,0.4322522795065162,0.10960003764558222,0.10960003764558222,0.10960003764558222,4.0,0.9193637870962965,0.08063621290370349,0.0
0.8358555154817654,0.8358555154817654,0.8358555154817654,0.05,0.5686455538056252,0.5686455538056252,0.5686455538056252,0.009613178307405027,0.009613178307405027,0.009613178307405027,4.0,0.4943060338661912,0.5056939661338088,0.0
0.8984240512770528,0.8984240512770528,0.8984240512770528,0.05,0.27104987832720173,0.27104987832720173,0.27104987832720173,0.24664315956736682,0.24664315956736682,0.24664315956736682,4.0,0.7197173328534309,0.28028266714656913,0.0
0.793774685859446,0.793774685859446,0.793774685859446,0.05,0.46404302084990257,0.46404302084990257,0.46404302084990257,0.07039349065156267,0.07039349065156267,0.07039349065156267,4.0,0.16188114781712548,0.8381188521828745,0.0
0.8057941454680376,0.8057941454680376,0.8057941454680376,0.05,0.35275830860575746,0.35275830860575746,0.35275830860575746,0.3368554263883725,0.3368554263883725,0.3368554263883725,4.0,0.7174248727273416,0.28257512727265843,0.0
0.9282796238511322,0.9282796238511322,0.9282796238511322,0.05,0.5891871857719205,0.5891871857719205,0.5891871857719205,0.16055937393032962,0.16055937393032962,0.16055937393032962,4.0,0.7348543868229787,0.26514561317702134,0.0
0.7419549602965979,0.7419549602965979,0.7419549602965979,0.05,0.33966624660858963,0.33966624660858963,0.33966624660858963,0.0902399682529402,0.0902399682529402,0.0902399682529402,4.0,0.9260052588232801,0.07399474117671989,0.0
0.9621044750670414,0.9621044750670414,0.9621044750670414,0.05,0.49758965052827064,0.49758965052827064,0.49758965052827064,0.13152862075628022,0.13152862075628022,0.13152862075628022,4.0,0.8989333421091322,0.10106665789086777,0.0
0.7747063474215733,0.7747063474215733,0.7747063474215733,0.05,0.2976324879850809,0.2976324879850809,0.2976324879850809,0.018904660815095033,0.018904660815095033,0.018904660815095033,4.0,0.8221335890203445,0.1778664109796555,0.0
0.18454333614406182,0.18454333614406182,0.18454333614406182,0.05,0.08694756583320053,0.08694756583320053,0.08694756583320053,0.009464559092345528,0.009464559092345528,0.009464559092345528,4.0,0.22984760163294018,0.7701523983670598,0.0
0.878421609437445,0.878421609437445,0.878421609437445,0.05,0.7168618879703479,0.7168618879703479,0.7168618879703479,0.11776329104069151,0.11776329104069151,0.11776329104069151,4.0,0.48103585517808517,0.5189641448219149,0.0
0.9956692189556282,0.9956692189556282,0.9956692189556282,0.05,0.7806796318561354,0.7806796318561354,0.7806796318561354,0.11581577440360588,0.11581577440360588,0.11581577440360588,4.0,0.8918966315411636,0.10810336845883639,0.0
0.7740545532249908,0.7740545532249908,0.7740545532249908,0.05,0.7362378819225768,0.7362378819225768,0.7362378819225768,0.005464286374566778,0.005464286374566778,0.005464286374566778,4.0,0.396671088397629,0.603328911602371,0.0
0.8220494374099868,0.8220494374099868,0.8220494374099868,0.05,0.302543926212783,0.302543926212783,0.302543926212783,0.2645134996158689,0.2645134996158689,0.2645134996158689,4.0,0.8765941272189371,0.12340587278106285,0.0
0.9706267273423548,0.9706267273423548,0.9706267273423548,0.05,0.5432870648125514,0.5432870648125514,0.5432870648125514,0.07174385708898925,0.07174385708898925,0.07174385708898925,4.0,0.9033667356397346,0.09663326436026543,0.0
0.5874012330808412,0.5874012330808412,0.5874012330808412,0.05,0.2929949426416229,0.2929949426416229,0.2929949426416229,0.17426980265377853,0.17426980265377853,0.17426980265377853,4.0,0.5086654321167597,0.49133456788324026,0.0
0.7975877834838131,0.7975877834838131,0.7975877834838131,0.05,0.3258900298516285,0.3258900298516285,0.3258900298516285,0.0520516230890512,0.0520516230890512,0.0520516230890512,4.0,0.609769422819246,0.39023057718075405,0.0
0.6712024207537546,0.6712024207537546,0.6712024207537546,0.05,0.33872978013076754,0.33872978013076754,0.33872978013076754,0.017877041431244942,0.017877041431244942,0.017877041431244942,4.0,0.5143235923306692,0.48567640766933085,0.0
0.6475796137829618,0.6475796137829618,0.6475796137829618,0.05,0.5837905663886273,0.5837905663886273,0.5837905663886273,0.06225179380714109,0.06225179380714109,0.06225179380714109,4.0,0.2826783373510297,0.7173216626489702,0.0
0.6408529783084388,0.6408529783084388,0.6408529783084388,0.05,0.46442711624348426,0.46442711624348426,0.46442711624348426,0.02649991574558723,0.02649991574558723,0.02649991574558723,4.0,0.10533914909278898,0.894660850907211,0.0
0.8128475649345517,0.8128475649345517,0.8128475649345517,0.05,0.3816417485964053,0.3816417485964053,0.3816417485964053,0.1267371849142851,0.1267371849142851,0.1267371849142851,4.0,0.2665920332081174,0.7334079667918826,0.0
0.9073465776787429,0.9073465776787429,0.9073465776787429,0.05,0.47162212558333244,0.47162212558333244,0.47162212558333244,0.30986348022229987,0.30986348022229987,0.30986348022229987,4.0,0.13368577907674484,0.8663142209232552,0.0
0.902038334165478,0.902038334165478,0.902038334165478,0.05,0.34811221968018785,0.34811221968018785,0.34811221968018785,0.3185388482229972,0.3185388482229972,0.3185388482229972,4.0,0.08662944651908211,0.9133705534809179,0.0
0.993891545745719,0.993891545745719,0.993891545745719,0.05,0.5976354557136716,0.5976354557136716,0.5976354557136716,0.15304573863657453,0.15304573863657453,0.15304573863657453,4.0,0.9970284444318867,0.0029715555681133488,0.0
0.9311960905525893,0.9311960905525893,0.9311960905525893,0.05,0.5318274828461471,0.5318274828461471,0.5318274828461471,0.001918693005782165,0.001918693005782165,0.001918693005782165,4.0,0.8726897098133405,0.1273102901866595,0.0
0.6826386505167344,0.6826386505167344,0.6826386505167344,0.05,0.4840565034861818,0.4840565034861818,0.4840565034861818,0.14366438657699615,0.14366438657699615,0.14366438657699615,4.0,0.7043179713510647,0.29568202864893534,0.0
0.9500088421376722,0.9500088421376722,0.9500088421376722,0.05,0.7629383729070858,0.7629383729070858,0.7629383729070858,0.16903724721622984,0.16903724721622984,0.16903724721622984,4.0,0.1591317112241274,0.8408682887758726,0.0
0.49790359939864043,0.49790359939864043,0.49790359939864043,0.05,0.3800760177775511,0.3800760177775511,0.3800760177775511,0.03168785472994997,0.03168785472994997,0.03168785472994997,4.0,0.6362748876296898,0.36372511237031024,0.0
0.5987391252516298,0.5987391252516298,0.5987391252516298,0.05,0.24495447775675092,0.24495447775675092,0.24495447775675092,0.24238977553202037,0.24238977553202037,0.24238977553202037,4.0,0.6392664902484274,0.3607335097515726,0.0
0.8406023675049494,0.8406023675049494,0.8406023675049494,0.05,0.3844646960269407,0.3844646960269407,0.3844646960269407,0.325910845224591,0.325910845224591,0.325910845224591,4.0,0.8243061489413043,0.17569385105869573,0.0
0.9859535979727597,0.9859535979727597,0.9859535979727597,0.05,0.8867422776022799,0.8867422776022799,0.8867422776022799,0.06116877733165391,0.06116877733165391,0.06116877733165391,4.0,0.9481947021288936,0.05180529787110644,0.0
0.8112713263472576,0.8112713263472576,0.8112713263472576,0.05,0.725659823905999,0.725659823905999,0.725659823905999,0.07881960209357584,0.07881960209357584,0.07881960209357584,4.0,0.979682755820882,0.020317244179117955,0.0
0.9739993198151089,0.9739993198151089,0.9739993198151089,0.05,0.27213281121243577,0.27213281121243577,0.27213281121243577,0.03851157159683003,0.03851157159683003,0.03851157159683003,4.0,0.8510742605048437,0.1489257394951563,0.0
0.33118496259848706,0.33118496259848706,0.33118496259848706,0.05,0.135507566505546,0.135507566505546,0.135507566505546,0.11265284642892127,0.11265284642892127,0.11265284642892127,4.0,0.6824743306034513,0.3175256693965487,0.0
0.5862815211944947,0.5862815211944947,0.5862815211944947,0.05,0.4277052383066459,0.4277052383066459,0.4277052383066459,0.14939409332795325,0.14939409332795325,0.14939409332795325,4.0,0.3867304673481201,0.6132695326518799,0.0
0.9435657065966447,0.9435657065966447,0.9435657065966447,0.05,0.3283450579848423,0.3283450579848423,0.3283450579848423,0.046078175868100736,0.046078175868100736,0.046078175868100736,4.0,0.45347977184829114,0.5465202281517089,0.0
0.8169217547889864,0.8169217547889864,0.8169217547889864,0.05,0.19475619179905296,0.19475619179905296,0.19475619179905296,0.12014224954375446,0.12014224954375446,0.12014224954375446,4.0,0.6126679775038255,0.3873320224961745,0.0
0.9882101470742131,0.9882101470742131,0.9882101470742131,0.05,0.5592006647466685,0.5592006647466685,0.5592006647466685,0.05155320590111206,0.05155320590111206,0.05155320590111206,4.0,0.9426805614044663,0.05731943859553368,0.0
0.9537809985084074,0.9537809985084074,0.9537809985084074,0.05,0.7505613417406586,0.7505613417406586,0.7505613417406586,0.05036430183120134,0.05036430183120134,0.05036430183120134,4.0,0.8438657179828449,0.15613428201715507,0.0
0.7200653077732252,0.7200653077732252,0.7200653077732252,0.05,0.08931639006586395,0.08931639006586395,0.08931639006586395,0.03850112194788549,0.03850112194788549,0.03850112194788549,4.0,0.9927962028567241,0.007203797143275903,0.0
0.38834424343314017,0.38834424343314017,0.38834424343314017,0.05,0.19729687140152846,0.19729687140152846,0.19729687140152846,0.11746813707330878,0.11746813707330878,0.11746813707330878,4.0,0.6980314086040045,0.3019685913959955,0.0
0.8071863979517718,0.8071863979517718,0.8071863979517718,0.05,0.6320406828524682,0.6320406828524682,0.6320406828524682,0.08035792971372804,0.08035792971372804,0.08035792971372804,4.0,0.2663260983217495,0.7336739016782505,0.0
0.41939275334901926,0.41939275334901926,0.41939275334901926,0.05,0.22075732370228426,0.22075732370228426,0.22075732370228426,0.0221133155533705,0.0221133155533705,0.0221133155533705,4.0,0.3241549875226145,0.6758450124773855,0.0
0.971844702214261,0.971844702214261,0.971844702214261,0.05,0.045921854977731234,0.045921854977731234,0.045921854977731234,0.030184003681560004,0.030184003681560004,0.030184003681560004,4.0,0.8366569483040363,0.16334305169596375,0.0
0.7258984640598265,0.7258984640598265,0.7258984640598265,0.05,0.028782488152744274,0.028782488152744274,0.028782488152744274,0.0005466192863403657,0.0005466192863403657,0.0005466192863403657,4.0,0.13551530709815035,0.8644846929018497,0.0
0.7273241775037377,0.7273241775037377,0.7273241775037377,0.05,0.16010771222580536,0.16010771222580536,0.16010771222580536,0.011577549151354035,0.011577549151354035,0.011577549151354035,4.0,0.03365490282749874,0.9663450971725013,0.0
0.4819761038628167,0.4819761038628167,0.4819761038628167,0.05,0.2327704320891594,0.2327704320891594,0.2327704320891594,0.0906887796123732,0.0906887796123732,0.0906887796123732,4.0,0.10294344367109226,0.8970565563289077,0.0
0.690001015029109,0.690001015029109,0.690001015029109,0.05,0.4000739661201525,0.4000739661201525,0.4000739661201525,0.25113420175036727,0.25113420175036727,0.25113420175036727,4.0,0.908345258155242,0.09165474184475797,0.0
0.9682234013641017,0.9682234013641017,0.9682234013641017,0.05,0.38255484764637454,0.38255484764637454,0.38255484764637454,0.11216361192420628,0.11216361192420628,0.11216361192420628,4.0,0.9137577490532758,0.08624225094672422,0.0
0.3162065560430177,0.3162065560430177,0.3162065560430177,0.05,0.11896062256081656,0.11896062256081656,0.11896062256081656,0.05532026241829952,0.05532026241829952,0.05532026241829952,4.0,0.4720296888742166,0.5279703111257834,0.0
0.7123661951870245,0.7123661951870245,0.7123661951870245,0.05,0.5587091525587672,0.5587091525587672,0.5587091525587672,0.13362571588696842,0.13362571588696842,0.13362571588696842,4.0,0.3037132748761927,0.6962867251238073,0.0
0.9264115150298442,0.9264115150298442,0.9264115150298442,0.05,0.6468672310843625,0.6468672310843625,0.6468672310843625,0.1432009665297509,0.1432009665297509,0.1432009665297509,4.0,0.9487216593154754,0.05127834068452464,0.0
0.8759825696154551,0.8759825696154551,0.8759825696154551,0.05,0.6253479410166922,0.6253479410166922,0.6253479410166922,0.04380677817430829,0.04380677817430829,0.04380677817430829,4.0,0.822250935345912,0.17774906465408802,0.0
0.49447282155821476,0.49447282155821476,0.49447282155821476,0.05,0.20036203285038795,0.20036203285038795,0.20036203285038795,0.07854515010193756,0.07854515010193756,0.07854515010193756,4.0,0.24877525066064607,0.7512247493393539,0.0
0.6632342423351268,0.6632342423351268,0.6632342423351268,0.05,0.3158170067452736,0.3158170067452736,0.3158170067452736,0.21505954429846855,0.21505954429846855,0.21505954429846855,4.0,0.33993382296298896,0.6600661770370111,0.0
0.9674480368190338,0.9674480368190338,0.9674480368190338,0.05,0.5784479052544244,0.5784479052544244,0.5784479052544244,0.05250874260296478,0.05250874260296478,0.05250874260296478,4.0,0.7954541955656398,0.2045458044343602,0.0
0.8355197488892109,0.8355197488892109,0.8355197488892109,0.05,0.4475463201697036,0.4475463201697036,0.4475463201697036,0.18875912980594567,0.18875912980594567,0.18875912980594567,4.0,0.6241554361959865,0.37584456380401354,0.0
0.9767526437574123,0.9767526437574123,0.9767526437574123,0.05,0.8966253311964628,0.8966253311964628,0.8966253311964628,0.013970126609848093,0.013970126609848093,0.013970126609848093,4.0,0.9453111924608494,0.05468880753915062,0.0
0.7010203215604058,0.7010203215604058,0.7010203215604058,0.05,0.428164966938693,0.428164966938693,0.428164966938693,0.11082808771648806,0.11082808771648806,0.11082808771648806,4.0,0.5017101561368618,0.49828984386313824,0.0
0.8527881793537665,0.8527881793537665,0.8527881793537665,0.05,0.5919641714867057,0.5919641714867057,0.5919641714867057,0.03379336844857869,0.03379336844857869,0.03379336844857869,4.0,0.51575937692447,0.48424062307552995,0.0
0.9455503450834433,0.9455503450834433,0.9455503450834433,0.05,0.23783392931173178,0.23783392931173178,0.23783392931173178,0.09037785086942036,0.09037785086942036,0.09037785086942036,4.0,0.07256778824167866,0.9274322117583214,0.0
0.6546019117253715,0.6546019117253715,0.6546019117253715,0.05,0.6147931002203251,0.6147931002203251,0.6147931002203251,0.03964828374548594,0.03964828374548594,0.03964828374548594,4.0,0.09170048703821193,0.9082995129617881,0.0
0.7212383948541091,0.7212383948541091,0.7212383948541091,0.05,0.33231137468729893,0.33231137468729893,0.33231137468729893,0.13013480799985808,0.13013480799985808,0.13013480799985808,4.0,0.9047936292011423,0.09520637079885774,0.0
0.6198281028140773,0.6198281028140773,0.6198281028140773,0.05,0.09124924140071097,0.09124924140071097,0.09124924140071097,0.015477691018294168,0.015477691018294168,0.015477691018294168,4.0,0.46406163171135084,0.5359383682886492,0.0
0.6296826782825252,0.6296826782825252,0.6296826782825252,0.05,0.32581648180202183,0.32581648180202183,0.32581648180202183,0.18890036493023615,0.18890036493023615,0.18890036493023615,4.0,0.15159244259659266,0.8484075574034073,0.0
0.9238571109793979,0.9238571109793979,0.9238571109793979,0.05,0.6364936561783949,0.6364936561783949,0.6364936561783949,0.2329185771573005,0.2329185771573005,0.2329185771573005,4.0,0.644315393579242,0.35568460642075805,0.0
0.8826923335490026,0.8826923335490026,0.8826923335490026,0.05,0.47064398462976875,0.47064398462976875,0.47064398462976875,0.2886213789269926,0.2886213789269926,0.2886213789269926,4.0,0.33544150399027517,0.6645584960097248,0.0
0.9252144678644336,0.9252144678644336,0.9252144678644336,0.05,0.6599987169792023,0.6599987169792023,0.6599987169792023,0.0341752973036109,0.0341752973036109,0.0341752973036109,4.0,0.25786120807575363,0.7421387919242464,0.0
0.9991218410073094,0.9991218410073094,0.9991218410073094,0.05,0.7049898258934169,0.7049898258934169,0.7049898258934169,0.2601809650390566,0.2601809650390566,0.2601809650390566,4.0,0.3594595094086855,0.6405404905913146,0.0
0.8433080177751832,0.8433080177751832,0.8433080177751832,0.05,0.3923284547012802,0.3923284547012802,0.3923284547012802,0.3252197699300587,0.3252197699300587,0.3252197699300587,4.0,0.42879381517198023,0.5712061848280198,0.0
0.9926404630282664,0.9926404630282664,0.9926404630282664,0.05,0.6531569971181429,0.6531569971181429,0.6531569971181429,0.1536097029039719,0.1536097029039719,0.1536097029039719,4.0,0.8895325088039003,0.11046749119609967,0.0
0.9484609301390584,0.9484609301390584,0.9484609301390584,0.05,0.9145605511604378,0.9145605511604378,0.9145605511604378,0.016354938471346586,0.016354938471346586,0.016354938471346586,4.0,0.6407389112340607,0.3592610887659393,0.0
0.7456569905376382,0.7456569905376382,0.7456569905376382,0.05,0.6253555090558713,0.6253555090558713,0.6253555090558713,0.06531999314441574,0.06531999314441574,0.06531999314441574,4.0,0.3254803575938887,0.6745196424061113,0.0
0.5046461906203866,0.5046461906203866,0.5046461906203866,0.05,0.24504376906155437,0.24504376906155437,0.24504376906155437,0.08194424030850875,0.08194424030850875,0.08194424030850875,4.0,0.2913022321567527,0.7086977678432473,0.0
0.5012094860833083,0.5012094860833083,0.5012094860833083,0.05,0.15413691026807352,0.15413691026807352,0.15413691026807352,0.12446150654623245,0.12446150654623245,0.12446150654623245,4.0,0.8170901385604923,0.18290986143950771,0.0
0.9523124768575302,0.9523124768575302,0.9523124768575302,0.05,0.39171506559330316,0.39171506559330316,0.39171506559330316,0.21201622037706822,0.21201622037706822,0.21201622037706822,4.0,0.4832279413060775,0.5167720586939225,0.0
0.6464588756006525,0.6464588756006525,0.6464588756006525,0.05,0.20177031169222945,0.20177031169222945,0.20177031169222945,0.10910759692070177,0.10910759692070177,0.10910759692070177,4.0,0.968292907012437,0.031707092987563024,0.0
0.8288699871353518,0.8288699871353518,0.8288699871353518,0.05,0.5483434937575815,0.5483434937575815,0.5483434937575815,0.06950587066717098,0.06950587066717098,0.06950587066717098,4.0,0.9142846928874269,0.08571530711257314,0.0
0.8115357914272382,0.8115357914272382,0.8115357914272382,0.05,0.6459145700079634,0.6459145700079634,0.6459145700079634,0.07616703732665475,0.07616703732665475,0.07616703732665475,4.0,0.764447986049613,0.23555201395038705,0.0
0.8468474702737784,0.8468474702737784,0.8468474702737784,0.05,0.6311619128886976,0.6311619128886976,0.6311619128886976,0.09240917661272056,0.09240917661272056,0.09240917661272056,4.0,0.6239686145351715,0.3760313854648285,0.0
0.8323000853173227,0.8323000853173227,0.8323000853173227,0.05,0.19291372075276925,0.19291372075276925,0.19291372075276925,0.06440448605307232,0.06440448605307232,0.06440448605307232,4.0,0.3287884694182882,0.6712115305817118,0.0
0.9677016471192812,0.9677016471192812,0.9677016471192812,0.05,0.23105684329237655,0.23105684329237655,0.23105684329237655,0.2064726864068633,0.2064726864068633,0.2064726864068633,4.0,0.07985905933635244,0.9201409406636476,0.0
0.9331062263069889,0.9331062263069889,0.9331062263069889,0.05,0.5461518243372693,0.5461518243372693,0.5461518243372693,0.3549129142484692,0.3549129142484692,0.3549129142484692,4.0,0.6790763845069508,0.32092361549304915,0.0
0.9037571531238663,0.9037571531238663,0.9037571531238663,0.05,0.2793344194987625,0.2793344194987625,0.2793344194987625,0.16239814461276966,0.16239814461276966,0.16239814461276966,4.0,0.3625580763719423,0.6374419236280577,0.0
0.5397167906013931,0.5397167906013931,0.5397167906013931,0.05,0.27828796260287303,0.27828796260287303,0.27828796260287303,0.029095278070062458,0.029095278070062458,0.029095278070062458,4.0,0.12353609169072542,0.8764639083092746,0.0
0.396519055990655,0.396519055990655,0.396519055990655,0.05,0.19373346758135573,0.19373346758135573,0.19373346758135573,0.1009152748450522,0.1009152748450522,0.1009152748450522,4.0,0.3737198872996528,0.6262801127003472,0.0
0.8313536319649648,0.8313536319649648,0.8313536319649648,0.05,0.5359074915851234,0.5359074915851234,0.5359074915851234,0.12123956644965385,0.12123956644965385,0.12123956644965385,4.0,0.8736238438815909,0.12637615611840913,0.0
0.5161945596580042,0.5161945596580042,0.5161945596580042,0.05,0.16468897363761026,0.16468897363761026,0.16468897363761026,0.11386910615076958,0.11386910615076958,0.11386910615076958,4.0,0.9421279237543791,0.05787207624562085,0.0
0.8469203776405875,0.8469203776405875,0.8469203776405875,0.05,0.20988158989372993,0.20988158989372993,0.20988158989372993,0.18558696265808022,0.18558696265808022,0.18558696265808022,4.0,0.7342965452772541,0.2657034547227459,0.0
0.9499540871809252,0.9499540871809252,0.9499540871809252,0.05,0.7634300581365749,0.7634300581365749,0.7634300581365749,0.18384615802366736,0.18384615802366736,0.18384615802366736,4.0,0.4667149690177444,0.5332850309822557,0.0
0.8323632422430358,0.8323632422430358,0.8323632422430358,0.05,0.4755779104943199,0.4755779104943199,0.4755779104943199,0.02484232575426789,0.02484232575426789,0.02484232575426789,4.0,0.36399274138278204,0.636007258617218,0.0
0.884160092961149,0.884160092961149,0.884160092961149,0.05,0.6815423282069035,0.6815423282069035,0.6815423282069035,0.1257129579081071,0.1257129579081071,0.1257129579081071,4.0,0.9636104201338481,0.03638957986615188,0.0
0.9824932747300172,0.9824932747300172,0.9824932747300172,0.05,0.7833441341562511,0.7833441341562511,0.7833441341562511,0.048643080214984195,0.048643080214984195,0.048643080214984195,4.0,0.7505483344602617,0.2494516655397383,0.0
0.9851566536974062,0.9851566536974062,0.9851566536974062,0.05,0.746948280549338,0.746948280549338,0.746948280549338,0.04702404677369332,0.04702404677369332,0.04702404677369332,4.0,0.6522051268054024,0.34779487319459756,0.0
0.9445593614393735,0.9445593614393735,0.9445593614393735,0.05,0.6386529332133302,0.6386529332133302,0.6386529332133302,0.26010692724847606,0.26010692724847606,0.26010692724847606,4.0,0.8200598229511133,0.17994017704888665,0.0
0.7422261756148505,0.7422261756148505,0.7422261756148505,0.05,0.43085067230313223,0.43085067230313223,0.43085067230313223,0.24337373758723674,0.24337373758723674,0.24337373758723674,4.0,0.4203148144162666,0.5796851855837334,0.0
0.8525890511577537,0.8525890511577537,0.8525890511577537,0.05,0.40614185179135637,0.40614185179135637,0.40614185179135637,0.2725752933737145,0.2725752933737145,0.2725752933737145,4.0,0.13587718296217202,0.864122817037828,0.0
0.7054010310607154,0.7054010310607154,0.7054010310607154,0.05,0.169004350986881,0.169004350986881,0.169004350986881,0.03205300596622521,0.03205300596622521,0.03205300596622521,4.0,0.1339988526438191,0.8660011473561808,0.0
0.9769404951928158,0.9769404951928158,0.9769404951928158,0.05,0.6643476048953428,0.6643476048953428,0.6643476048953428,0.08547404643872565,0.08547404643872565,0.08547404643872565,4.0,0.7502772531167051,0.24972274688329488,0.0
0.6401955658335763,0.6401955658335763,0.6401955658335763,0.05,0.22987198955587337,0.22987198955587337,0.22987198955587337,0.0280933005635475,0.0280933005635475,0.0280933005635475,4.0,0.7646058689954985,0.23539413100450146,0.0
0.8703105980507849,0.8703105980507849,0.8703105980507849,0.05,0.22488042524719504,0.22488042524719504,0.22488042524719504,0.10884680536309863,0.10884680536309863,0.10884680536309863,4.0,0.17938682724360308,0.8206131727563969,0.0
0.5680417457308157,0.5680417457308157,0.5680417457308157,0.05,0.2314302476234859,0.2314302476234859,0.2314302476234859,0.13477133385935502,0.13477133385935502,0.13477133385935502,4.0,0.27940907948144084,0.7205909205185592,0.0
0.6869605704899078,0.6869605704899078,0.6869605704899078,0.05,0.3351988347192189,0.3351988347192189,0.3351988347192189,0.04934990771219786,0.04934990771219786,0.04934990771219786,4.0,0.08115589427437643,0.9188441057256236,0.0
0.8634497758875372,0.8634497758875372,0.8634497758875372,0.05,0.4812083987122688,0.4812083987122688,0.4812083987122688,0.32597579332621135,0.32597579332621135,0.32597579332621135,4.0,0.18553325247212582,0.8144667475278742,0.0
0.8140127744250263,0.8140127744250263,0.8140127744250263,0.05,0.6698917900386858,0.6698917900386858,0.6698917900386858,0.05783534477885933,0.05783534477885933,0.05783534477885933,4.0,0.5759074755661736,0.4240925244338264,0.0
0.9875183499557559,0.9875183499557559,0.9875183499557559,0.05,0.722740089152629,0.722740089152629,0.722740089152629,0.09732369035162285,0.09732369035162285,0.09732369035162285,4.0,0.1387909509293726,0.8612090490706275,0.0
0.8307377372916956,0.8307377372916956,0.8307377372916956,0.05,0.2820686072546679,0.2820686072546679,0.2820686072546679,0.2642300293313969,0.2642300293313969,0.2642300293313969,4.0,0.32313452891676425,0.6768654710832358,0.0
0.6391140403665376,0.6391140403665376,0.6391140403665376,0.05,0.21895769017696973,0.21895769017696973,0.21895769017696973,0.15121203038547695,0.15121203038547695,0.15121203038547695,4.0,0.6819437800890973,0.3180562199109027,0.0
0.7104414855886845,0.7104414855886845,0.7104414855886845,0.05,0.41101107784841906,0.41101107784841906,0.41101107784841906,0.12690322752829328,0.12690322752829328,0.12690322752829328,4.0,0.46681729947054007,0.5331827005294599,0.0
0.9400088937418869,0.9400088937418869,0.9400088937418869,0.05,0.5191058571992365,0.5191058571992365,0.5191058571992365,0.2437401780999032,0.2437401780999032,0.2437401780999032,4.0,0.9797424343026845,0.020257565697315516,0.0
0.8157691771927837,0.8157691771927837,0.8157691771927837,0.05,0.3695661984326074,0.3695661984326074,0.3695661984326074,0.20248708568091975,0.20248708568091975,0.20248708568091975,4.0,0.8086777092593549,0.1913222907406451,0.0
0.9315680726634328,0.9315680726634328,0.9315680726634328,0.05,0.41630613068094574,0.41630613068094574,0.41630613068094574,0.30455607674030843,0.30455607674030843,0.30455607674030843,4.0,0.5924483221576129,0.4075516778423871,0.0
0.375409082945341,0.375409082945341,0.375409082945341,0.05,0.032077483940440535,0.032077483940440535,0.032077483940440535,0.016633932844697333,0.016633932844697333,0.016633932844697333,4.0,0.3131108952632682,0.6868891047367318,0.0
0.617438404030414,0.617438404030414,0.617438404030414,0.05,0.35937915460903036,0.35937915460903036,0.35937915460903036,0.08611606960369443,0.08611606960369443,0.08611606960369443,4.0,0.35974590909676774,0.6402540909032323,0.0
0.928222730218279,0.928222730218279,0.928222730218279,0.05,0.3766502542396771,0.3766502542396771,0.3766502542396771,0.2783705014015041,0.2783705014015041,0.2783705014015041,4.0,0.4183746297964422,0.5816253702035579,0.0
0.9693902531269165,0.9693902531269165,0.9693902531269165,0.05,0.3803316102462461,0.3803316102462461,0.3803316102462461,0.3712434782219896,0.3712434782219896,0.3712434782219896,4.0,0.9111648762889895,0.08883512371101054,0.0
0.6188047802359763,0.6188047802359763,0.6188047802359763,0.05,0.10816855275285761,0.10816855275285761,0.10816855275285761,0.10409897031026005,0.10409897031026005,0.10409897031026005,4.0,0.981943325148112,0.018056674851888,0.0
0.9845024659321513,0.9845024659321513,0.9845024659321513,0.05,0.5204056185282604,0.5204056185282604,0.5204056185282604,0.06875743256427319,0.06875743256427319,0.06875743256427319,4.0,0.5793138879522787,0.42068611204772133,0.0
0.9260784343736473,0.9260784343736473,0.9260784343736473,0.05,0.642657499931292,0.642657499931292,0.642657499931292,0.07949994835580541,0.07949994835580541,0.07949994835580541,4.0,0.29416608660483373,0.7058339133951663,0.0
0.6054104515597687,0.6054104515597687,0.6054104515597687,0.05,0.29735226383500607,0.29735226383500607,0.29735226383500607,0.19287322248807592,0.19287322248807592,0.19287322248807592,4.0,0.2192876526703724,0.7807123473296276,0.0
0.7152714254789131,0.7152714254789131,0.7152714254789131,0.05,0.6352080812790654,0.6352080812790654,0.6352080812790654,0.04739087859928365,0.04739087859928365,0.04739087859928365,4.0,0.4091096559880414,0.5908903440119586,0.0
0.6191867375212556,0.6191867375212556,0.6191867375212556,0.05,0.31436703029684604,0.31436703029684604,0.31436703029684604,0.04725077522663342,0.04725077522663342,0.04725077522663342,4.0,0.40573281693335406,0.5942671830666459,0.0
0.6160296022447128,0.6160296022447128,0.6160296022447128,0.05,0.23468278508865043,0.23468278508865043,0.23468278508865043,0.0310872399395329,0.0310872399395329,0.0310872399395329,4.0,0.026360919648793908,0.973639080351206,0.0
0.8166038026611651,0.8166038026611651,0.8166038026611651,0.05,0.4653036494697243,0.4653036494697243,0.4653036494697243,0.15283659588498796,0.15283659588498796,0.15283659588498796,4.0,0.06869704763606446,0.9313029523639356,0.0
0.7741435652521693,0.7741435652521693,0.7741435652521693,0.05,0.355764253652922,0.355764253652922,0.355764253652922,0.13192488834293054,0.13192488834293054,0.13192488834293054,4.0,0.0571188327247608,0.9428811672752392,0.0
0.8402715138607164,0.8402715138607164,0.8402715138607164,0.05,0.19594640566119975,0.19594640566119975,0.19594640566119975,0.1925970839656793,0.1925970839656793,0.1925970839656793,4.0,0.4315326546963528,0.5684673453036472,0.0
0.25204192958000493,0.25204192958000493,0.25204192958000493,0.05,0.1795222723125182,0.1795222723125182,0.1795222723125182,0.0015335212495015257,0.0015335212495015257,0.0015335212495015257,4.0,0.08170422897438591,0.9182957710256141,0.0
0.8737873870641689,0.8737873870641689,0.8737873870641689,0.05,0.5627707694137859,0.5627707694137859,0.5627707694137859,0.29313843048014643,0.29313843048014643,0.29313843048014643,4.0,0.11925605096567686,0.8807439490343232,0.0
0.9960209782206546,0.9960209782206546,0.9960209782206546,0.05,0.7365832848835953,0.7365832848835953,0.7365832848835953,0.25310205676736075,0.25310205676736075,0.25310205676736075,4.0,0.2614367759720554,0.7385632240279446,0.0
0.9725728344430574,0.9725728344430574,0.9725728344430574,0.05,0.41386637302553747,0.41386637302553747,0.41386637302553747,0.13830659987178223,0.13830659987178223,0.13830659987178223,4.0,0.8824076619398434,0.11759233806015656,0.0
0.12327375354159392,0.12327375354159392,0.12327375354159392,0.05,0.04560504389742444,0.04560504389742444,0.04560504389742444,0.015901587029733304,0.015901587029733304,0.015901587029733304,4.0,0.7335394055229202,0.2664605944770798,0.0
0.9159866194336808,0.9159866194336808,0.9159866194336808,0.05,0.16900227323869965,0.16900227323869965,0.16900227323869965,0.12746401936659899,0.12746401936659899,0.12746401936659899,4.0,0.25568767201553133,0.7443123279844687,0.0
0.2824842201582299,0.2824842201582299,0.2824842201582299,0.05,0.14525750317009303,0.14525750317009303,0.14525750317009303,0.03214228086767988,0.03214228086767988,0.03214228086767988,4.0,0.7712148375990264,0.22878516240097357,0.0
0.4386025822493564,0.4386025822493564,0.4386025822493564,0.05,0.18031712763308172,0.18031712763308172,0.18031712763308172,0.03492086406810363,0.03492086406810363,0.03492086406810363,4.0,0.4078452502938077,0.5921547497061923,0.0
0.8029367014711335,0.8029367014711335,0.8029367014711335,0.05,0.3922988739391433,0.3922988739391433,0.3922988739391433,0.02386961801604125,0.02386961801604125,0.02386961801604125,4.0,0.7915544931731028,0.20844550682689722,0.0
0.6410481920445429,0.6410481920445429,0.6410481920445429,0.05,0.47148813898371417,0.47148813898371417,0.47148813898371417,0.09180388011210526,0.09180388011210526,0.09180388011210526,4.0,0.5203394363327527,0.4796605636672473,0.0
0.8735784608358018,0.8735784608358018,0.8735784608358018,0.05,0.19091419471127669,0.19091419471127669,0.19091419471127669,0.0831048333022411,0.0831048333022411,0.0831048333022411,4.0,0.8871144955243249,0.11288550447567514,0.0
0.9402184404468062,0.9402184404468062,0.9402184404468062,0.05,0.15892458420060318,0.15892458420060318,0.15892458420060318,0.07862078669270672,0.07862078669270672,0.07862078669270672,4.0,0.1416657468736739,0.858334253126326,0.0
0.9917590291034447,0.9917590291034447,0.9917590291034447,0.05,0.31270946189363047,0.31270946189363047,0.31270946189363047,0.17778745487859057,0.17778745487859057,0.17778745487859057,4.0,0.9892191629804367,0.010780837019563339,0.0
0.5104434300639703,0.5104434300639703,0.5104434300639703,0.05,0.2523631518699721,0.2523631518699721,0.2523631518699721,0.10185937609168869,0.10185937609168869,0.10185937609168869,4.0,0.8644963093760137,0.13550369062398626,0.0
0.6955183956584454,0.6955183956584454,0.6955183956584454,0.05,0.38214866906395134,0.38214866906395134,0.38214866906395134,0.0661421869198705,0.0661421869198705,0.0661421869198705,4.0,0.6308063965247559,0.3691936034752441,0.0
0.855213186462798,0.855213186462798,0.855213186462798,0.05,0.6276805691680722,0.6276805691680722,0.6276805691680722,0.08472558001934945,0.08472558001934945,0.08472558001934945,4.0,0.2813509385772167,0.7186490614227833,0.0
0.3243573608959224,0.3243573608959224,0.3243573608959224,0.05,0.15549219821135443,0.15549219821135443,0.15549219821135443,0.05511990749804278,0.05511990749804278,0.05511990749804278,4.0,0.0019786633768951478,0.9980213366231049,0.0
0.908021608453674,0.908021608453674,0.908021608453674,0.05,0.35413320736647735,0.35413320736647735,0.35413320736647735,0.26613009373999763,0.26613009373999763,0.26613009373999763,4.0,0.6761237030633753,0.3238762969366247,0.0
0.9533120497785635,0.9533120497785635,0.9533120497785635,0.05,0.39079326806651177,0.39079326806651177,0.39079326806651177,0.33362061378026525,0.33362061378026525,0.33362061378026525,4.0,0.3471887821469203,0.6528112178530797,0.0
0.33347898767247763,0.33347898767247763,0.33347898767247763,0.05,0.10206164376907817,0.10206164376907817,0.10206164376907817,0.09570868953894152,0.09570868953894152,0.09570868953894152,4.0,0.9745321966986515,0.025467803301348457,0.0
0.6836785650271157,0.6836785650271157,0.6836785650271157,0.05,0.5804747116015191,0.5804747116015191,0.5804747116015191,0.10296166691608649,0.10296166691608649,0.10296166691608649,4.0,0.04789258445761913,0.9521074155423809,0.0
0.9119947274308001,0.9119947274308001,0.9119947274308001,0.05,0.526233176761151,0.526233176761151,0.526233176761151,0.035750869920148205,0.035750869920148205,0.035750869920148205,4.0,0.7594008321021158,0.24059916789788416,0.0
0.9906269479385809,0.9906269479385809,0.9906269479385809,0.05,0.4042746580251927,0.4042746580251927,0.4042746580251927,0.19696867648801197,0.19696867648801197,0.19696867648801197,4.0,0.2852293252339298,0.7147706747660703,0.0
0.9396682350658656,0.9396682350658656,0.9396682350658656,0.05,0.23493812959530286,0.23493812959530286,0.23493812959530286,0.13243609103199247,0.13243609103199247,0.13243609103199247,4.0,0.15321279195148083,0.8467872080485191,0.0
0.2906634098624165,0.2906634098624165,0.2906634098624165,0.05,0.16269990220891115,0.16269990220891115,0.16269990220891115,0.11742114425350898,0.11742114425350898,0.11742114425350898,4.0,0.6088968476531653,0.3911031523468347,0.0
0.871882111605091,0.871882111605091,0.871882111605091,0.05,0.36766583968624617,0.36766583968624617,0.36766583968624617,0.1620643721349284,0.1620643721349284,0.1620643721349284,4.0,0.30862956543136105,0.6913704345686389,0.0
0.798068579007779,0.798068579007779,0.798068579007779,0.05,0.312545797561376,0.312545797561376,0.312545797561376,0.019877418010073082,0.019877418010073082,0.019877418010073082,4.0,0.39507526604117515,0.6049247339588248,0.0
0.6192427324523083,0.6192427324523083,0.6192427324523083,0.05,0.2925279350228472,0.2925279350228472,0.2925279350228472,0.22648393765122218,0.22648393765122218,0.22648393765122218,4.0,0.31346389270854813,0.6865361072914519,0.0
0.43700829203368996,0.43700829203368996,0.43700829203368996,0.05,0.1489398235152994,0.1489398235152994,0.1489398235152994,0.013459511981356179,0.013459511981356179,0.013459511981356179,4.0,0.8212622775899479,0.17873772241005215,0.0
0.5482306911699534,0.5482306911699534,0.5482306911699534,0.05,0.3084028172383833,0.3084028172383833,0.3084028172383833,0.09734489688468127,0.09734489688468127,0.09734489688468127,4.0,0.62309920748144,0.37690079251856,0.0
0.8873623619982538,0.8873623619982538,0.8873623619982538,0.05,0.485731367042236,0.485731367042236,0.485731367042236,0.05948018985611253,0.05948018985611253,0.05948018985611253,4.0,0.0035498978257376933,0.9964501021742623,0.0
0.4118336061129997,0.4118336061129997,0.4118336061129997,0.05,0.2575811055184436,0.2575811055184436,0.2575811055184436,0.0881421905746222,0.0881421905746222,0.0881421905746222,4.0,0.477468648027394,0.522531351972606,0.0
0.32065937817779355,0.32065937817779355,0.32065937817779355,0.05,0.10255565510474855,0.10255565510474855,0.10255565510474855,0.04499495031998726,0.04499495031998726,0.04499495031998726,4.0,0.3227847729624326,0.6772152270375674,0.0
0.583872872308572,0.583872872308572,0.583872872308572,0.05,0.5814072947915199,0.5814072947915199,0.5814072947915199,0.0021953871577639803,0.0021953871577639803,0.0021953871577639803,4.0,0.7331488120631893,0.26685118793681073,0.0
0.8524983025441296,0.8524983025441296,0.8524983025441296,0.05,0.2882337414457343,0.2882337414457343,0.2882337414457343,0.10581177551629922,0.10581177551629922,0.10581177551629922,4.0,0.19892663434815447,0.8010733656518455,0.0
0.6683355003766276,0.6683355003766276,0.6683355003766276,0.05,0.2024663822307396,0.2024663822307396,0.2024663822307396,0.19513055463893936,0.19513055463893936,0.19513055463893936,4.0,0.2666063623085219,0.733393637691478,0.0
0.8712270048071934,0.8712270048071934,0.8712270048071934,0.05,0.6400075843743217,0.6400075843743217,0.6400075843743217,0.14608152490822046,0.14608152490822046,0.14608152490822046,4.0,0.056449389527411936,0.943550610472588,0.0
0.8048978480787599,0.8048978480787599,0.8048978480787599,0.05,0.36220937028875927,0.36220937028875927,0.36220937028875927,0.30351039312445616,0.30351039312445616,0.30351039312445616,4.0,0.02647055835582411,0.9735294416441759,0.0
0.675921126803801,0.675921126803801,0.675921126803801,0.05,0.0649933565401012,0.0649933565401012,0.0649933565401012,0.0631617576925527,0.0631617576925527,0.0631617576925527,4.0,0.5842394567568845,0.4157605432431155,0.0
0.7327472496109789,0.7327472496109789,0.7327472496109789,0.05,0.28532046707178343,0.28532046707178343,0.28532046707178343,0.044984136649654054,0.044984136649654054,0.044984136649654054,4.0,0.3764161057045896,0.6235838942954104,0.0
0.9478399628219322,0.9478399628219322,0.9478399628219322,0.05,0.52464882645202,0.52464882645202,0.52464882645202,0.10641057425827698,0.10641057425827698,0.10641057425827698,4.0,0.33263553937328355,0.6673644606267164,0.0
0.9485222472163595,0.9485222472163595,0.9485222472163595,0.05,0.3341430875902479,0.3341430875902479,0.3341430875902479,0.14480308674022294,0.14480308674022294,0.14480308674022294,4.0,0.5263868908500753,0.4736131091499247,0.0
0.827118587289966,0.827118587289966,0.827118587289966,0.05,0.6928895439091968,0.6928895439091968,0.6928895439091968,0.13186393474298588,0.13186393474298588,0.13186393474298588,4.0,0.18849018209808532,0.8115098179019147,0.0
0.6427095375524479,0.6427095375524479,0.6427095375524479,0.05,0.31225805333239126,0.31225805333239126,0.31225805333239126,0.2957740331287384,0.2957740331287384,0.2957740331287384,4.0,0.05725167573138752,0.9427483242686124,0.0
0.6114539330694829,0.6114539330694829,0.6114539330694829,0.05,0.17816920955144705,0.17816920955144705,0.17816920955144705,0.05193934275922934,0.05193934275922934,0.05193934275922934,4.0,0.45330259131126005,0.54669740868874,0.0
0.7030793872098374,0.7030793872098374,0.7030793872098374,0.05,0.27209700703907497,0.27209700703907497,0.27209700703907497,0.1957039876726231,0.1957039876726231,0.1957039876726231,4.0,0.6923808601978135,0.30761913980218647,0.0
0.7256059994869897,0.7256059994869897,0.7256059994869897,0.05,0.42652968381013323,0.42652968381013323,0.42652968381013323,0.0413413296441767,0.0413413296441767,0.0413413296441767,4.0,0.9641500716369149,0.03584992836308509,0.0
0.6872949381772241,0.6872949381772241,0.6872949381772241,0.05,0.6249672861661947,0.6249672861661947,0.6249672861661947,0.05108922745940702,0.05108922745940702,0.05108922745940702,4.0,0.6410539273807206,0.35894607261927935,0.0
0.28140871091863473,0.28140871091863473,0.28140871091863473,0.05,0.1384472217382004,0.1384472217382004,0.1384472217382004,0.08071699540598232,0.08071699540598232,0.08071699540598232,4.0,0.47609359527848416,0.5239064047215158,0.0
0.8303349847599492,0.8303349847599492,0.8303349847599492,0.05,0.2897626579106962,0.2897626579106962,0.2897626579106962,0.2835973682138161,0.2835973682138161,0.2835973682138161,4.0,0.5729650111495337,0.4270349888504663,0.0
0.9594700738006624,0.9594700738006624,0.9594700738006624,0.05,0.474195000747271,0.474195000747271,0.474195000747271,0.3142738313087897,0.3142738313087897,0.3142738313087897,4.0,0.5110429168592383,0.4889570831407617,0.0
0.7623453770013403,0.7623453770013403,0.7623453770013403,0.05,0.2879254678612451,0.2879254678612451,0.2879254678612451,0.19049162237647055,0.19049162237647055,0.19049162237647055,4.0,0.8992769658708119,0.10072303412918815,0.0
0.5990474476464785,0.5990474476464785,0.5990474476464785,0.05,0.2960665450977815,0.2960665450977815,0.2960665450977815,0.13243730147350427,0.13243730147350427,0.13243730147350427,4.0,0.08175533826473536,0.9182446617352646,0.0
0.9451950336814564,0.9451950336814564,0.9451950336814564,0.05,0.34194006101553565,0.34194006101553565,0.34194006101553565,0.10413125801475766,0.10413125801475766,0.10413125801475766,4.0,0.016778297940400484,0.9832217020595995,0.0
0.6703969991270248,0.6703969991270248,0.6703969991270248,0.05,0.2114739058389213,0.2114739058389213,0.2114739058389213,0.12419713392150382,0.12419713392150382,0.12419713392150382,4.0,0.1500209623480133,0.8499790376519867,0.0
0.8821000368159678,0.8821000368159678,0.8821000368159678,0.05,0.39690109229731463,0.39690109229731463,0.39690109229731463,0.1796601849333608,0.1796601849333608,0.1796601849333608,4.0,0.4911033273783789,0.5088966726216211,0.0
0.997317350416717,0.997317350416717,0.997317350416717,0.05,0.8888290647764743,0.8888290647764743,0.8888290647764743,0.09222268756279296,0.09222268756279296,0.09222268756279296,4.0,0.830500892199218,0.16949910780078203,0.0
0.9388464190946135,0.9388464190946135,0.9388464190946135,0.05,0.33482344786015583,0.33482344786015583,0.33482344786015583,0.2745109233315198,0.2745109233315198,0.2745109233315198,4.0,0.8307304892059738,0.1692695107940262,0.0
0.393463691207764,0.393463691207764,0.393463691207764,0.05,0.04080817868417871,0.04080817868417871,0.04080817868417871,0.0016656766456218401,0.0016656766456218401,0.0016656766456218401,4.0,0.7267461801211086,0.2732538198788914,0.0
0.40781246972980734,0.40781246972980734,0.40781246972980734,0.05,0.04429352380343233,0.04429352380343233,0.04429352380343233,0.021340772774304403,0.021340772774304403,0.021340772774304403,4.0,0.8487427187360527,0.15125728126394733,0.0
0.8174081077135807,0.8174081077135807,0.8174081077135807,0.05,0.3931463049978497,0.3931463049978497,0.3931463049978497,0.041954578610817646,0.041954578610817646,0.041954578610817646,4.0,0.7769266361982321,0.2230733638017679,0.0
0.9418753619406866,0.9418753619406866,0.9418753619406866,0.05,0.1716073935166582,0.1716073935166582,0.1716073935166582,0.13892382994186114,0.13892382994186114,0.13892382994186114,4.0,0.8106480343249253,0.18935196567507473,0.0
0.805554678637454,0.805554678637454,0.805554678637454,0.05,0.36077637071253377,0.36077637071253377,0.36077637071253377,0.06932148942875538,0.06932148942875538,0.06932148942875538,4.0,0.12426198206666474,0.8757380179333353,0.0
0.8067024805239805,0.8067024805239805,0.8067024805239805,0.05,0.600469722498959,0.600469722498959,0.600469722498959,0.07888724612889247,0.07888724612889247,0.07888724612889247,4.0,0.0521228744328611,0.9478771255671389,0.0
0.9187611424310689,0.9187611424310689,0.9187611424310689,0.05,0.6657562810293349,0.6657562810293349,0.6657562810293349,0.1987630261618845,0.1987630261618845,0.1987630261618845,4.0,0.40236402817938294,0.597635971820617,0.0
0.9559214850713107,0.9559214850713107,0.9559214850713107,0.05,0.2714729360740375,0.2714729360740375,0.2714729360740375,0.04656466199164986,0.04656466199164986,0.04656466199164986,4.0,0.8167783913694628,0.18322160863053716,0.0
0.8892708174960017,0.8892708174960017,0.8892708174960017,0.05,0.2728154835263314,0.2728154835263314,0.2728154835263314,0.258014364379355,0.258014364379355,0.258014364379355,4.0,0.03123660136485857,0.9687633986351414,0.0
0.9450079453955582,0.9450079453955582,0.9450079453955582,0.05,0.4478938080927926,0.4478938080927926,0.4478938080927926,0.07909490868333857,0.07909490868333857,0.07909490868333857,4.0,0.3712470765864654,0.6287529234135346,0.0
0.2629503605843309,0.2629503605843309,0.2629503605843309,0.05,0.045466529108301595,0.045466529108301595,0.045466529108301595,0.038063429276468,0.038063429276468,0.038063429276468,4.0,0.19634039957830643,0.8036596004216936,0.0
0.9329782027435254,0.9329782027435254,0.9329782027435254,0.05,0.6258423199776479,0.6258423199776479,0.6258423199776479,0.25045831262048046,0.25045831262048046,0.25045831262048046,4.0,0.09763194102817149,0.9023680589718285,0.0
0.92459984124506,0.92459984124506,0.92459984124506,0.05,0.8343494268728259,0.8343494268728259,0.8343494268728259,0.010908586158856837,0.010908586158856837,0.010908586158856837,4.0,0.3994167726645547,0.6005832273354452,0.0
0.9048662767894798,0.9048662767894798,0.9048662767894798,0.05,0.08354688492694073,0.08354688492694073,0.08354688492694073,0.06298762409963911,0.06298762409963911,0.06298762409963911,4.0,0.45576227076671516,0.5442377292332848,0.0
0.32358162550219943,0.32358162550219943,0.32358162550219943,0.05,0.17227295619842709,0.17227295619842709,0.17227295619842709,0.014420794137579252,0.014420794137579252,0.014420794137579252,4.0,0.010996332072721235,0.9890036679272788,0.0
0.28101640134151823,0.28101640134151823,0.28101640134151823,0.05,0.24135378588338,0.24135378588338,0.24135378588338,0.0005352245069836698,0.0005352245069836698,0.0005352245069836698,4.0,0.11917519013447975,0.8808248098655203,0.0
0.9872061616714316,0.9872061616714316,0.9872061616714316,0.05,0.4827598418091077,0.4827598418091077,0.4827598418091077,0.10958620699100831,0.10958620699100831,0.10958620699100831,4.0,0.9465458590828724,0.053454140917127635,0.0
0.7096235285499332,0.7096235285499332,0.7096235285499332,0.05,0.3885417978409079,0.3885417978409079,0.3885417978409079,0.0594180545644671,0.0594180545644671,0.0594180545644671,4.0,0.02764546310069403,0.972354536899306,0.0
0.8964531502104428,0.8964531502104428,0.8964531502104428,0.05,0.3929701785449993,0.3929701785449993,0.3929701785449993,0.08220527937004252,0.08220527937004252,0.08220527937004252,4.0,0.8760085558923898,0.1239914441076102,0.0
0.7012854877589808,0.7012854877589808,0.7012854877589808,0.05,0.3875912133641973,0.3875912133641973,0.3875912133641973,0.19730828595930267,0.19730828595930267,0.19730828595930267,4.0,0.8237314158028275,0.1762685841971725,0.0
0.7340119488831404,0.7340119488831404,0.7340119488831404,0.05,0.5426894164500008,0.5426894164500008,0.5426894164500008,0.13263902044131706,0.13263902044131706,0.13263902044131706,4.0,0.09773103546565248,0.9022689645343476,0.0
0.7049767312885479,0.7049767312885479,0.7049767312885479,0.05,0.2774963118433602,0.2774963118433602,0.2774963118433602,0.10590664584170359,0.10590664584170359,0.10590664584170359,4.0,0.13799698137293542,0.8620030186270646,0.0
0.897473822046974,0.897473822046974,0.897473822046974,0.05,0.6530724823637561,0.6530724823637561,0.6530724823637561,0.1286524047868656,0.1286524047868656,0.1286524047868656,4.0,0.9560521312081915,0.04394786879180845,0.0
0.6689073872859748,0.6689073872859748,0.6689073872859748,0.05,0.27507758534740145,0.27507758534740145,0.27507758534740145,0.09661844463539743,0.09661844463539743,0.09661844463539743,4.0,0.7631163719996475,0.23688362800035245,0.0
0.7145272077957613,0.7145272077957613,0.7145272077957613,0.05,0.4389263889204693,0.4389263889204693,0.4389263889204693,0.11708893087727663,0.11708893087727663,0.11708893087727663,4.0,0.13956294070219952,0.8604370592978005,0.0
0.6647043854216759,0.6647043854216759,0.6647043854216759,0.05,0.21210109389166157,0.21210109389166157,0.21210109389166157,0.08788967601992843,0.08788967601992843,0.08788967601992843,4.0,0.09187494677960231,0.9081250532203977,0.0
0.8656843202661161,0.8656843202661161,0.8656843202661161,0.05,0.1782144046152763,0.1782144046152763,0.1782144046152763,0.01437553893624244,0.01437553893624244,0.01437553893624244,4.0,0.00022374961144078643,0.9997762503885592,0.0
0.8077024699922867,0.8077024699922867,0.8077024699922867,0.05,0.3101827012196702,0.3101827012196702,0.3101827012196702,0.22383957806119545,0.22383957806119545,0.22383957806119545,4.0,0.5942013213969672,0.40579867860303276,0.0
0.8970494247558768,0.8970494247558768,0.8970494247558768,0.05,0.4765785547646223,0.4765785547646223,0.4765785547646223,0.32997154477211454,0.32997154477211454,0.32997154477211454,4.0,0.020851418894462043,0.9791485811055379,0.0
0.8656370667456668,0.8656370667456668,0.8656370667456668,0.05,0.6646191403420519,0.6646191403420519,0.6646191403420519,0.019573731408932593,0.019573731408932593,0.019573731408932593,4.0,0.2302292038285041,0.7697707961714959,0.0
0.9402403013566283,0.9402403013566283,0.9402403013566283,0.05,0.5110807011350943,0.5110807011350943,0.5110807011350943,0.327600367447054,0.327600367447054,0.327600367447054,4.0,0.42495566337576285,0.5750443366242372,0.0
0.9900843784282084,0.9900843784282084,0.9900843784282084,0.05,0.4431710137409858,0.4431710137409858,0.4431710137409858,0.38575061611688194,0.38575061611688194,0.38575061611688194,4.0,0.2132415149301663,0.7867584850698337,0.0
0.8019475371589199,0.8019475371589199,0.8019475371589199,0.05,0.27068861591716775,0.27068861591716775,0.27068861591716775,0.2578152317509245,0.2578152317509245,0.2578152317509245,4.0,0.10205897738121283,0.8979410226187872,0.0
0.8996353384536735,0.8996353384536735,0.8996353384536735,0.05,0.3235950843281302,0.3235950843281302,0.3235950843281302,0.3192256895791594,0.3192256895791594,0.3192256895791594,4.0,0.06262384181779519,0.9373761581822048,0.0
0.7319689332501176,0.7319689332501176,0.7319689332501176,0.05,0.34039254160289745,0.34039254160289745,0.34039254160289745,0.1878755374292226,0.1878755374292226,0.1878755374292226,4.0,0.6549762665908571,0.34502373340914294,0.0
0.6931493938754233,0.6931493938754233,0.6931493938754233,0.05,0.4300207123453025,0.4300207123453025,0.4300207123453025,0.17329231072301032,0.17329231072301032,0.17329231072301032,4.0,0.0581558231873782,0.9418441768126218,0.0
0.8334005956982039,0.8334005956982039,0.8334005956982039,0.05,0.8001449101852752,0.8001449101852752,0.8001449101852752,0.02960915537168168,0.02960915537168168,0.02960915537168168,4.0,0.10293702178022636,0.8970629782197737,0.0
0.7107306850932512,0.7107306850932512,0.7107306850932512,0.05,0.2568747335530253,0.2568747335530253,0.2568747335530253,0.24323990583456045,0.24323990583456045,0.24323990583456045,4.0,0.2601913183435059,0.7398086816564942,0.0
0.7129859428786591,0.7129859428786591,0.7129859428786591,0.05,0.3011517845760388,0.3011517845760388,0.3011517845760388,0.08236303556411527,0.08236303556411527,0.08236303556411527,4.0,0.13467049902701933,0.8653295009729807,0.0
0.7950444565208086,0.7950444565208086,0.7950444565208086,0.05,0.6143259001191476,0.6143259001191476,0.6143259001191476,0.03640498378846373,0.03640498378846373,0.03640498378846373,4.0,0.32401075878670504,0.675989241213295,0.0
0.7636473614609882,0.7636473614609882,0.7636473614609882,0.05,0.5038128102535177,0.5038128102535177,0.5038128102535177,0.11812203877970753,0.11812203877970753,0.11812203877970753,4.0,0.3127144432667185,0.6872855567332815,0.0
0.6550862311386924,0.6550862311386924,0.6550862311386924,0.05,0.3712402675914727,0.3712402675914727,0.3712402675914727,0.2542169562315735,0.2542169562315735,0.2542169562315735,4.0,0.04355190838267518,0.9564480916173248,0.0
0.7690197948943633,0.7690197948943633,0.7690197948943633,0.05,0.37186934076251815,0.37186934076251815,0.37186934076251815,0.1867342960692462,0.1867342960692462,0.1867342960692462,4.0,0.8544539937376028,0.14554600626239722,0.0
0.8527437445575481,0.8527437445575481,0.8527437445575481,0.05,0.2715348097255339,0.2715348097255339,0.2715348097255339,0.18287637841220317,0.18287637841220317,0.18287637841220317,4.0,0.8306915712976768,0.1693084287023232,0.0
0.6671875485705497,0.6671875485705497,0.6671875485705497,0.05,0.2530411479183311,0.2530411479183311,0.2530411479183311,0.008370251446112972,0.008370251446112972,0.008370251446112972,4.0,0.4997155094765225,0.5002844905234776,0.0
0.7573669505775209,0.7573669505775209,0.7573669505775209,0.05,0.15902916227945385,0.15902916227945385,0.15902916227945385,0.04815307312313716,0.04815307312313716,0.04815307312313716,4.0,0.7380703467004216,0.2619296532995784,0.0
0.9925630661067942,0.9925630661067942,0.9925630661067942,0.05,0.26392299504020744,0.26392299504020744,0.26392299504020744,0.04063558367593342,0.04063558367593342,0.04063558367593342,4.0,0.7842062477131106,0.21579375228688935,0.0
0.9139345030890511,0.9139345030890511,0.9139345030890511,0.05,0.5263392946370895,0.5263392946370895,0.5263392946370895,0.30358463105586847,0.30358463105586847,0.30358463105586847,4.0,0.5024653810025453,0.49753461899745466,0.0
0.9269676043378627,0.9269676043378627,0.9269676043378627,0.05,0.37217276693856904,0.37217276693856904,0.37217276693856904,0.08785058751446327,0.08785058751446327,0.08785058751446327,4.0,0.758281770827429,0.24171822917257102,0.0
0.8140105786607108,0.8140105786607108,0.8140105786607108,0.05,0.09131110075888747,0.09131110075888747,0.09131110075888747,0.01941390181330218,0.01941390181330218,0.01941390181330218,4.0,0.11715034681627069,0.8828496531837293,0.0
0.9740155879062252,0.9740155879062252,0.9740155879062252,0.05,0.321498365663635,0.321498365663635,0.321498365663635,0.17436550465136685,0.17436550465136685,0.17436550465136685,4.0,0.01939848733407999,0.98060151266592,0.0
0.8505820294555748,0.8505820294555748,0.8505820294555748,0.05,0.4919263141072038,0.4919263141072038,0.4919263141072038,0.2771247475999511,0.2771247475999511,0.2771247475999511,4.0,0.8329079302530825,0.16709206974691748,0.0
0.6798877690570573,0.6798877690570573,0.6798877690570573,0.05,0.4014028570273594,0.4014028570273594,0.4014028570273594,0.0952837941371065,0.0952837941371065,0.0952837941371065,4.0,0.7527805522070206,0.24721944779297944,0.0
0.7500930789815791,0.7500930789815791,0.7500930789815791,0.05,0.49547217967784346,0.49547217967784346,0.49547217967784346,0.23075631379309305,0.23075631379309305,0.23075631379309305,4.0,0.1875513716672494,0.8124486283327506,0.0
0.87284609806928,0.87284609806928,0.87284609806928,0.05,0.24750739983100856,0.24750739983100856,0.24750739983100856,0.10136229674056811,0.10136229674056811,0.10136229674056811,4.0,0.7664459193102614,0.2335540806897386,0.0
0.9699858961880358,0.9699858961880358,0.9699858961880358,0.05,0.4966631396269904,0.4966631396269904,0.4966631396269904,0.12249077577927042,0.12249077577927042,0.12249077577927042,4.0,0.42037814144619057,0.5796218585538094,0.0
0.6240706839460239,0.6240706839460239,0.6240706839460239,0.05,0.270219626938198,0.270219626938198,0.270219626938198,0.1789263282450265,0.1789263282450265,0.1789263282450265,4.0,0.5969022477288711,0.4030977522711289,0.0
0.9647492380828203,0.9647492380828203,0.9647492380828203,0.05,0.1866883712127236,0.1866883712127236,0.1866883712127236,0.16948137104183156,0.16948137104183156,0.16948137104183156,4.0,0.6054486735097014,0.39455132649029856,0.0
0.7758570475037843,0.7758570475037843,0.7758570475037843,0.05,0.48659244794139445,0.48659244794139445,0.48659244794139445,0.24004825433597887,0.24004825433597887,0.24004825433597887,4.0,0.7724173153349521,0.22758268466504794,0.0
0.46232843453047395,0.46232843453047395,0.46232843453047395,0.05,0.21744302296692986,0.21744302296692986,0.21744302296692986,0.10420948239427054,0.10420948239427054,0.10420948239427054,4.0,0.1201090792355744,0.8798909207644257,0.0
0.891533587401743,0.891533587401743,0.891533587401743,0.05,0.5923142902422923,0.5923142902422923,0.5923142902422923,0.28942230092891225,0.28942230092891225,0.28942230092891225,4.0,0.19000632197069656,0.8099936780293034,0.0
0.6543110225129761,0.6543110225129761,0.6543110225129761,0.05,0.26720185936211654,0.26720185936211654,0.26720185936211654,0.25805606329960945,0.25805606329960945,0.25805606329960945,4.0,0.11223997073521942,0.8877600292647806,0.0
0.7542427497607368,0.7542427497607368,0.7542427497607368,0.05,0.5262338099396219,0.5262338099396219,0.5262338099396219,0.19189271817922332,0.19189271817922332,0.19189271817922332,4.0,0.6895705783925419,0.3104294216074581,0.0
0.2243957540779832,0.2243957540779832,0.2243957540779832,0.05,0.10661839972676977,0.10661839972676977,0.10661839972676977,0.021869016842920842,0.021869016842920842,0.021869016842920842,4.0,0.42606076366621093,0.5739392363337891,0.0
0.8505744897234704,0.8505744897234704,0.8505744897234704,0.05,0.24306655984641232,0.24306655984641232,0.24306655984641232,0.22371546858981609,0.22371546858981609,0.22371546858981609,4.0,0.8857962067637898,0.11420379323621022,0.0
0.7942964587393263,0.7942964587393263,0.7942964587393263,0.05,0.09783957457141032,0.09783957457141032,0.09783957457141032,0.02467283972406365,0.02467283972406365,0.02467283972406365,4.0,0.5244476619639687,0.47555233803603125,0.0
0.5425354693429595,0.5425354693429595,0.5425354693429595,0.05,0.3066903918591932,0.3066903918591932,0.3066903918591932,0.11951293531114864,0.11951293531114864,0.11951293531114864,4.0,0.12948773243358797,0.8705122675664121,0.0
0.7104290380466189,0.7104290380466189,0.7104290380466189,0.05,0.5426563547423368,0.5426563547423368,0.5426563547423368,0.08603422982201822,0.08603422982201822,0.08603422982201822,4.0,0.8831015890959458,0.11689841090405417,0.0
0.941917430824984,0.941917430824984,0.941917430824984,0.05,0.5220900502571403,0.5220900502571403,0.5220900502571403,0.22208175958734855,0.22208175958734855,0.22208175958734855,4.0,0.2760336627907494,0.7239663372092506,0.0
0.7207417855518664,0.7207417855518664,0.7207417855518664,0.05,0.42168482972062876,0.42168482972062876,0.42168482972062876,0.29637258501102454,0.29637258501102454,0.29637258501102454,4.0,0.8543593078886333,0.14564069211136665,0.0
0.4547315283782646,0.4547315283782646,0.4547315283782646,0.05,0.3905535701127321,0.3905535701127321,0.3905535701127321,0.03965380407093391,0.03965380407093391,0.03965380407093391,4.0,0.8023155968783721,0.19768440312162794,0.0
0.7071010067982453,0.7071010067982453,0.7071010067982453,0.05,0.3448615679702017,0.3448615679702017,0.3448615679702017,0.22918847528887776,0.22918847528887776,0.22918847528887776,4.0,0.9383804633146595,0.06161953668534048,0.0
0.8740387287497782,0.8740387287497782,0.8740387287497782,0.05,0.1350506637540756,0.1350506637540756,0.1350506637540756,0.07165763637972875,0.07165763637972875,0.07165763637972875,4.0,0.7351834775833745,0.26481652241662545,0.0
0.7109649391189058,0.7109649391189058,0.7109649391189058,0.05,0.5364934287363646,0.5364934287363646,0.5364934287363646,0.10189867787679976,0.10189867787679976,0.10189867787679976,4.0,0.41220025503020474,0.5877997449697953,0.0
0.7202099265262206,0.7202099265262206,0.7202099265262206,0.05,0.30570463887153093,0.30570463887153093,0.30570463887153093,0.08477790745288184,0.08477790745288184,0.08477790745288184,4.0,0.16293304500226785,0.8370669549977321,0.0
0.8723000640553179,0.8723000640553179,0.8723000640553179,0.05,0.5334834594872175,0.5334834594872175,0.5334834594872175,0.16630549746166434,0.16630549746166434,0.16630549746166434,4.0,0.5940398219155644,0.40596017808443563,0.0
0.9315836144109737,0.9315836144109737,0.9315836144109737,0.05,0.09408160471744982,0.09408160471744982,0.09408160471744982,0.06984715884733161,0.06984715884733161,0.06984715884733161,4.0,0.29912066335479665,0.7008793366452033,0.0
0.7953191141095094,0.7953191141095094,0.7953191141095094,0.05,0.49699582961740485,0.49699582961740485,0.49699582961740485,0.08175929475054877,0.08175929475054877,0.08175929475054877,4.0,0.8521596000555068,0.14784039994449316,0.0
0.5650314540046263,0.5650314540046263,0.5650314540046263,0.05,0.1608009976388445,0.1608009976388445,0.1608009976388445,0.15198681293404873,0.15198681293404873,0.15198681293404873,4.0,0.7105528958333266,0.2894471041666734,0.0
0.7465170786131259,0.7465170786131259,0.7465170786131259,0.05,0.20790952368069138,0.20790952368069138,0.20790952368069138,0.1673860735751108,0.1673860735751108,0.1673860735751108,4.0,0.6501441817257351,0.34985581827426493,0.0
0.8953346422042584,0.8953346422042584,0.8953346422042584,0.05,0.17822058013490671,0.17822058013490671,0.17822058013490671,0.046131156455098396,0.046131156455098396,0.046131156455098396,4.0,0.5492931809382007,0.4507068190617993,0.0
0.9981270399043591,0.9981270399043591,0.9981270399043591,0.05,0.3842402493074642,0.3842402493074642,0.3842402493074642,0.17322777235204875,0.17322777235204875,0.17322777235204875,4.0,0.002020831779913446,0.9979791682200866,0.0
0.2768478116641927,0.2768478116641927,0.2768478116641927,0.05,0.12732953053183704,0.12732953053183704,0.12732953053183704,0.014724699787921026,0.014724699787921026,0.014724699787921026,4.0,0.41341941666377086,0.5865805833362292,0.0
0.9731090493125649,0.9731090493125649,0.9731090493125649,0.05,0.45968126573844625,0.45968126573844625,0.45968126573844625,0.3009931392886585,0.3009931392886585,0.3009931392886585,4.0,0.5983089042524731,0.4016910957475269,0.0
0.9719026463866457,0.9719026463866457,0.9719026463866457,0.05,0.3618209109134184,0.3618209109134184,0.3618209109134184,0.21364882402469604,0.21364882402469604,0.21364882402469604,4.0,0.9690474374574249,0.030952562542575057,0.0
0.5166182294049078,0.5166182294049078,0.5166182294049078,0.05,0.22614815942474972,0.22614815942474972,0.22614815942474972,0.03209816030846939,0.03209816030846939,0.03209816030846939,4.0,0.6608627850655466,0.33913721493445337,0.0
0.9904499168347217,0.9904499168347217,0.9904499168347217,0.05,0.4775033503759859,0.4775033503759859,0.4775033503759859,0.014022001710946187,0.014022001710946187,0.014022001710946187,4.0,0.7344332637074517,0.26556673629254834,0.0
0.5493851351073356,0.5493851351073356,0.5493851351073356,0.05,0.42266201216256916,0.42266201216256916,0.42266201216256916,0.04809189382161752,0.04809189382161752,0.04809189382161752,4.0,0.840997046798699,0.15900295320130098,0.0
0.6269594894621,0.6269594894621,0.6269594894621,0.05,0.06325247125885469,0.06325247125885469,0.06325247125885469,0.05916612825829065,0.05916612825829065,0.05916612825829065,4.0,0.6614563209876565,0.3385436790123435,0.0
0.8353802195059548,0.8353802195059548,0.8353802195059548,0.05,0.6464938106405161,0.6464938106405161,0.6464938106405161,0.11827719830190968,0.11827719830190968,0.11827719830190968,4.0,0.014699514513082042,0.985300485486918,0.0
0.3132004879438554,0.3132004879438554,0.3132004879438554,0.05,0.12754982226328795,0.12754982226328795,0.12754982226328795,0.07877891734421043,0.07877891734421043,0.07877891734421043,4.0,0.10021335601224725,0.8997866439877528,0.0
0.41888078686195224,0.41888078686195224,0.41888078686195224,0.05,0.2595168090430992,0.2595168090430992,0.2595168090430992,0.14609171293319292,0.14609171293319292,0.14609171293319292,4.0,0.24236043098750235,0.7576395690124976,0.0
