c2,c32,c31,e1,e2,e32,e31,mu21,mu32,mu31,z,alpha,beta,gamma
0.9818807825911228,0.9818807825911228,0.9818807825911228,0.19806551912143408,0.6330024895620256,0.6330024895620256,0.6330024895620256,0.08170176453999285,0.08170176453999285,0.08170176453999285,4.0,0.9406458328287638,0.059354167171236205,0.11376342965471534
0.8938077225850815,0.8938077225850815,0.8938077225850815,0.07068096529891343,0.685842167331707,0.685842167331707,0.685842167331707,0.12290313299033581,0.12290313299033581,0.12290313299033581,4.0,0.8392369343886807,0.16076306561131926,0.5089258770089854
0.6892003607097132,0.6892003607097132,0.6892003607097132,0.02595863348898986,0.219040897645623,0.219040897645623,0.219040897645623,0.0358564559496907,0.0358564559496907,0.0358564559496907,4.0,0.9403188399891661,0.0596811600108339,0.06528478370913385
0.7521938921769784,0.7521938921769784,0.7521938921769784,0.2053662100908497,0.26290306831682775,0.26290306831682775,0.26290306831682775,0.09661520476808827,0.09661520476808827,0.09661520476808827,4.0,0.1426983360525753,0.8573016639474247,0.14990161592695309
0.6339552048119391,0.6339552048119391,0.6339552048119391,0.0365893793252905,0.24296401462494197,0.24296401462494197,0.24296401462494197,0.16298516111877717,0.16298516111877717,0.16298516111877717,4.0,0.4262076429052434,0.5737923570947566,0.08431523972923238
0.9788174470971641,0.9788174470971641,0.9788174470971641,0.1672422712974394,0.2167413719800074,0.2167413719800074,0.2167413719800074,0.19952758355827752,0.19952758355827752,0.19952758355827752,4.0,0.8784200097760168,0.12157999022398325,0.19116821872295373
0.9856817486394495,0.9856817486394495,0.9856817486394495,0.1819089258938931,0.4394937037159325,0.4394937037159325,0.4394937037159325,0.05508621688520526,0.05508621688520526,0.05508621688520526,4.0,0.7370334867262139,0.26296651327378606,0.4441487396081147
0.879541167345546,0.879541167345546,0.879541167345546,0.30563819847221624,0.3185893275062916,0.3185893275062916,0.3185893275062916,0.039148320340450876,0.039148320340450876,0.039148320340450876,4.0,0.52087689150476,0.47912310849524,0.22726187671104536
0.8662138463773695,0.8662138463773695,0.8662138463773695,0.3143628177427875,0.538686442184093,0.538686442184093,0.538686442184093,0.11337805882485213,0.11337805882485213,0.11337805882485213,4.0,0.4571493623261947,0.5428506376738054,0.1412684602119745
0.7823776876252583,0.7823776876252583,0.7823776876252583,0.03454383937914403,0.41156951603579706,0.41156951603579706,0.41156951603579706,0.20147630690547746,0.20147630690547746,0.20147630690547746,4.0,0.730781193962415,0.26921880603758497,0.0589148509903616
0.8270428388681045,0.8270428388681045,0.8270428388681045,0.11735886129477889,0.3837056122849018,0.3837056122849018,0.3837056122849018,0.14765358842907353,0.14765358842907353,0.14765358842907353,4.0,0.507864553012935,0.492135446987065,0.5677116213947141
0.7925202710296587,0.7925202710296587,0.7925202710296587,0.18453523621633913,0.24519995421235186,0.24519995421235186,0.24519995421235186,0.19767170231768175,0.19767170231768175,0.19767170231768175,4.0,0.16029925829195238,0.8397007417080476,0.13168518973622842
0.9654981536002243,0.9654981536002243,0.9654981536002243,0.26622330354904783,0.5554713781053896,0.5554713781053896,0.5554713781053896,0.22980828386286875,0.22980828386286875,0.22980828386286875,4.0,0.6833936328874648,0.3166063671125352,0.2159965110006169
0.9640152263222751,0.9640152263222751,0.9640152263222751,0.027877615800535084,0.44261758035821036,0.44261758035821036,0.44261758035821036,0.3232524431378817,0.3232524431378817,0.3232524431378817,4.0,0.5660164035417494,0.4339835964582506,0.5213161065385908
0.5431333689763844,0.5431333689763844,0.5431333689763844,0.05267060330161465,0.2043616678543085,0.2043616678543085,0.2043616678543085,0.17001144746655986,0.17001144746655986,0.17001144746655986,4.0,0.22999203812453883,0.7700079618754612,0.2113943742665645
0.8359540247893121,0.8359540247893121,0.8359540247893121,0.20945981509017947,0.6925166495935278,0.6925166495935278,0.6925166495935278,0.013998799349007097,0.013998799349007097,0.013998799349007097,4.0,0.38247435915211875,0.6175256408478813,0.08868923694668301
0.7153603081632345,0.7153603081632345,0.7153603081632345,0.026312301908639354,0.3606116464495767,0.3606116464495767,0.3606116464495767,0.12665848836012622,0.12665848836012622,0.12665848836012622,4.0,0.9054671967295587,0.09453280327044133,0.4700238503650806
0.9375116841909871,0.9375116841909871,0.9375116841909871,0.11102644170412689,0.8214300159988985,0.8214300159988985,0.8214300159988985,0.07664707516831744,0.07664707516831744,0.07664707516831744,4.0,0.7892301478938158,0.21076985210618415,0.6966885027181925
0.869734613983981,0.869734613983981,0.869734613983981,0.04815845572141478,0.5976606514908974,0.5976606514908974,0.5976606514908974,0.11995094333925331,0.11995094333925331,0.11995094333925331,4.0,0.4466447239945374,0.5533552760054625,0.48084895447388554
0.7920902853173201,0.7920902853173201,0.7920902853173201,0.2503740626153897,0.499589624532071,0.499589624532071,0.499589624532071,0.1474831261272229,0.1474831261272229,0.1474831261272229,4.0,0.6141277865787683,0.3858722134212317,0.02377819890923357
0.5646095903163355,0.5646095903163355,0.5646095903163355,0.2104944499637036,0.10409947366288454,0.10409947366288454,0.10409947366288454,0.06328167821217207,0.06328167821217207,0.06328167821217207,4.0,0.3204175654931088,0.6795824345068913,0.07217218278381704
0.5769154825600495,0.5769154825600495,0.5769154825600495,0.061524965511061964,0.26900508328063,0.26900508328063,0.26900508328063,0.0682011244779437,0.0682011244779437,0.0682011244779437,4.0,0.8222865773252954,0.17771342267470458,0.0010130958243033572
0.9919517388748166,0.9919517388748166,0.9919517388748166,0.12686102378017663,0.6348353287283379,0.6348353287283379,0.6348353287283379,0.052593977621162157,0.052593977621162157,0.052593977621162157,4.0,0.41421665314585676,0.5857833468541432,0.5162719505885028
0.820597489703883,0.820597489703883,0.820597489703883,0.08921614519121387,0.42647749921045686,0.42647749921045686,0.42647749921045686,0.377807842552506,0.377807842552506,0.377807842552506,4.0,0.03062916225114631,0.9693708377488537,0.4858896779072209
0.5784061609721862,0.5784061609721862,0.5784061609721862,0.07248260998006784,0.18524762110107557,0.18524762110107557,0.18524762110107557,0.14212064722188383,0.14212064722188383,0.14212064722188383,4.0,0.6981446335415026,0.3018553664584974,0.11372643911502271
0.7986552789469771,0.7986552789469771,0.7986552789469771,0.09655956408180057,0.22016470453247486,0.22016470453247486,0.22016470453247486,0.18911161768218268,0.18911161768218268,0.18911161768218268,4.0,0.944697604628383,0.055302395371616964,0.5096959578465993
0.8259907309402674,0.8259907309402674,0.8259907309402674,0.038299513617734,0.219433742569773,0.219433742569773,0.219433742569773,0.18156918136164615,0.18156918136164615,0.18156918136164615,4.0,0.2545273182136829,0.7454726817863171,0.24008062487656348
0.7943805683939824,0.7943805683939824,0.7943805683939824,0.11709011888625323,0.614875060974226,0.614875060974226,0.614875060974226,0.13254617199960755,0.13254617199960755,0.13254617199960755,4.0,0.02903032789632011,0.9709696721036799,0.06114205954640911
0.9447947371951615,0.9447947371951615,0.9447947371951615,0.17007839876914396,0.36225482165754747,0.36225482165754747,0.36225482165754747,0.06709190473246436,0.06709190473246436,0.06709190473246436,4.0,0.31052687907425114,0.6894731209257489,0.5517478886796812
0.9744322621223092,0.9744322621223092,0.9744322621223092,0.3757167343483275,0.49697143761568097,0.49697143761568097,0.49697143761568097,0.24384948244519716,0.24384948244519716,0.24384948244519716,4.0,0.11084249023562799,0.889157509764372,0.14387212842996291
0.8978048962160271,0.8978048962160271,0.8978048962160271,0.3232112024693137,0.030876611316655755,0.030876611316655755,0.030876611316655755,0.0006032413197668104,0.0006032413197668104,0.0006032413197668104,4.0,0.26656711309402537,0.7334328869059746,0.09657897029473776
0.9293238681560042,0.9293238681560042,0.9293238681560042,0.2032648448366824,0.8926731715194273,0.8926731715194273,0.8926731715194273,0.026930937954204794,0.026930937954204794,0.026930937954204794,4.0,0.6648139614135995,0.3351860385864005,0.28606861568230424
0.8979148300482159,0.8979148300482159,0.8979148300482159,0.22384679905728538,0.23898172350373806,0.23898172350373806,0.23898172350373806,0.21838772242117482,0.21838772242117482,0.21838772242117482,4.0,0.11896611236047036,0.8810338876395296,0.12273319107877849
0.8021224295632207,0.8021224295632207,0.8021224295632207,0.10920645449907944,0.5298246590662499,0.5298246590662499,0.5298246590662499,0.12802989460499942,0.12802989460499942,0.12802989460499942,4.0,0.003409904311515972,0.996590095688484,0.22725889501561883
0.9694419905949954,0.9694419905949954,0.9694419905949954,0.0890450112255132,0.7504542958636183,0.7504542958636183,0.7504542958636183,0.15736993190388424,0.15736993190388424,0.15736993190388424,4.0,0.9379127227238223,0.06208727727617769,0.1261903418375427
0.973880680733151,0.973880680733151,0.973880680733151,0.08310027029546206,0.5759818927117465,0.5759818927117465,0.5759818927117465,0.22259566651431398,0.22259566651431398,0.22259566651431398,4.0,0.13093721780394116,0.8690627821960588,0.7296337075278352
0.8828871967629115,0.8828871967629115,0.8828871967629115,0.044062007560787035,0.3852240702825102,0.3852240702825102,0.3852240702825102,0.18715579471942345,0.18715579471942345,0.18715579471942345,4.0,0.20401671648470068,0.7959832835152993,0.05325786401522259
0.9172655987233289,0.9172655987233289,0.9172655987233289,0.3750685649256694,0.3862003460198604,0.3862003460198604,0.3862003460198604,0.32766357440185534,0.32766357440185534,0.32766357440185534,4.0,0.7752959554527904,0.2247040445472096,0.15434776981920376
0.8017778575041363,0.8017778575041363,0.8017778575041363,0.09474893723266037,0.522017891492114,0.522017891492114,0.522017891492114,0.14384924663408752,0.14384924663408752,0.14384924663408752,4.0,0.050869593421108056,0.9491304065788919,0.3000488659645233
0.6044752501784819,0.6044752501784819,0.6044752501784819,0.0400128404753815,0.32542679316974216,0.32542679316974216,0.32542679316974216,0.2236373214531599,0.2236373214531599,0.2236373214531599,4.0,0.28825035138552707,0.711749648614473,0.45252451580654307
0.6734509521744211,0.6734509521744211,0.6734509521744211,0.04338544011599918,0.33447369221632334,0.33447369221632334,0.33447369221632334,0.3344381957893433,0.3344381957893433,0.3344381957893433,4.0,0.6102091883718477,0.3897908116281523,0.30990272190121415
0.5260951317271423,0.5260951317271423,0.5260951317271423,0.02868412359291277,0.1336911597322536,0.1336911597322536,0.1336911597322536,0.1138364073197253,0.1138364073197253,0.1138364073197253,4.0,0.41123011825673755,0.5887698817432625,0.2265677142818928
0.7718434507751466,0.7718434507751466,0.7718434507751466,0.11466427740167365,0.5348751153292051,0.5348751153292051,0.5348751153292051,0.2327125223692459,0.2327125223692459,0.2327125223692459,4.0,0.06605387125733762,0.9339461287426624,0.40387063263657547
0.8833528334838198,0.8833528334838198,0.8833528334838198,0.047411832950960166,0.24212972300106014,0.24212972300106014,0.24212972300106014,0.05950904526748684,0.05950904526748684,0.05950904526748684,4.0,0.3111207952798583,0.6888792047201417,0.14679713910937914
0.9591413681949013,0.9591413681949013,0.9591413681949013,0.11067175688013546,0.4155570887859269,0.4155570887859269,0.4155570887859269,0.10938645602571624,0.10938645602571624,0.10938645602571624,4.0,0.2952197840224253,0.7047802159775747,0.01198540795143992
0.9092096983661959,0.9092096983661959,0.9092096983661959,0.09700507554239325,0.530455011241359,0.530455011241359,0.530455011241359,0.23673291142339895,0.23673291142339895,0.23673291142339895,4.0,0.9921865297663208,0.007813470233679176,0.6001080721769154
0.7545339547236535,0.7545339547236535,0.7545339547236535,0.31814822255341446,0.3824251511181795,0.3824251511181795,0.3824251511181795,0.14487370857748028,0.14487370857748028,0.14487370857748028,4.0,0.826564370350489,0.17343562964951098,0.047808629219918
0.8473289304551035,0.8473289304551035,0.8473289304551035,0.17355330067562078,0.3110657526524504,0.3110657526524504,0.3110657526524504,0.21737160353107807,0.21737160353107807,0.21737160353107807,4.0,0.665414420430009,0.334585579569991,0.03315864310664555
0.6231382378719048,0.6231382378719048,0.6231382378719048,0.12913179730757776,0.5107301078019962,0.5107301078019962,0.5107301078019962,0.004476300538069585,0.004476300538069585,0.004476300538069585,4.0,0.9433819262821452,0.05661807371785477,0.24178201562050333
0.7870584803664147,0.7870584803664147,0.7870584803664147,0.13828006859152608,0.49409408774491703,0.49409408774491703,0.49409408774491703,0.06066382317636641,0.06066382317636641,0.06066382317636641,4.0,0.38341207710557623,0.6165879228944238,0.470040980710908
0.8066345713026528,0.8066345713026528,0.8066345713026528,0.3213370775594255,0.43198057183416066,0.43198057183416066,0.43198057183416066,0.10364048642556337,0.10364048642556337,0.10364048642556337,4.0,0.4836874026786374,0.5163125973213626,0.05759751481203463
0.9468557967667435,0.9468557967667435,0.9468557967667435,0.3656638150177006,0.7795309679003886,0.7795309679003886,0.7795309679003886,0.05506989474150151,0.05506989474150151,0.05506989474150151,4.0,0.7746515419715154,0.22534845802848458,0.1677799722042865
0.973389312794695,0.973389312794695,0.973389312794695,0.28851323635720105,0.12946044501614867,0.12946044501614867,0.12946044501614867,0.022025482584493213,0.022025482584493213,0.022025482584493213,4.0,0.9097777688351061,0.09022223116489392,0.36663325625993964
0.8180373721905998,0.8180373721905998,0.8180373721905998,0.3504976321013187,0.4344090451165083,0.4344090451165083,0.4344090451165083,0.04498143607435537,0.04498143607435537,0.04498143607435537,4.0,0.7859052971988332,0.21409470280116683,0.03712399292570425
0.9897276664998759,0.9897276664998759,0.9897276664998759,0.06219607082020199,0.15128364202625866,0.15128364202625866,0.15128364202625866,0.09487136309675813,0.09487136309675813,0.09487136309675813,4.0,0.47416906806421133,0.5258309319357887,0.7969882097329302
0.7747072502791584,0.7747072502791584,0.7747072502791584,0.13093080897601977,0.47405969770667444,0.47405969770667444,0.47405969770667444,0.2672032659492882,0.2672032659492882,0.2672032659492882,4.0,0.28996489394402897,0.7100351060559711,0.3833057212895456
0.9381810818400225,0.9381810818400225,0.9381810818400225,0.3317495504839629,0.4012909208779068,0.4012909208779068,0.4012909208779068,0.2523658222722677,0.2523658222722677,0.2523658222722677,4.0,0.6075717942025982,0.3924282057974018,0.18495076372648145
0.9796085262172646,0.9796085262172646,0.9796085262172646,0.2026478994138773,0.4886737406313518,0.4886737406313518,0.4886737406313518,0.26848642051059335,0.26848642051059335,0.26848642051059335,4.0,0.0872792500825553,0.9127207499174447,0.5220974356515229
0.8621577649400327,0.8621577649400327,0.8621577649400327,0.09009453900806531,0.6190179678361815,0.6190179678361815,0.6190179678361815,0.10294242088916299,0.10294242088916299,0.10294242088916299,4.0,0.20630814422164986,0.7936918557783501,0.39385140235364596
0.7555363664062316,0.7555363664062316,0.7555363664062316,0.11434302268254654,0.4668641012434419,0.4668641012434419,0.4668641012434419,0.14073358494852356,0.14073358494852356,0.14073358494852356,4.0,0.6848391984398755,0.3151608015601245,0.016464526862376455
0.6352122006870967,0.6352122006870967,0.6352122006870967,0.20884506537983522,0.5104934476490449,0.5104934476490449,0.5104934476490449,0.0708914030479794,0.0708914030479794,0.0708914030479794,4.0,0.8919716008723982,0.10802839912760176,0.04127568173601847
0.9167961509220092,0.9167961509220092,0.9167961509220092,0.09508628348737318,0.7833804624762652,0.7833804624762652,0.7833804624762652,0.07479003717228692,0.07479003717228692,0.07479003717228692,4.0,0.5189792022836174,0.4810207977163826,0.695113237707093
0.9075623080384513,0.9075623080384513,0.9075623080384513,0.25050959123466077,0.29362675899154866,0.29362675899154866,0.29362675899154866,0.07102157764027395,0.07102157764027395,0.07102157764027395,4.0,0.31036117547134184,0.6896388245286582,0.20739736025913036
0.7984799624953576,0.7984799624953576,0.7984799624953576,0.059909653288164604,0.5615836907472244,0.5615836907472244,0.5615836907472244,0.16244891861944952,0.16244891861944952,0.16244891861944952,4.0,0.3603518305153851,0.6396481694846149,0.31371497019194433
0.8922186211661624,0.8922186211661624,0.8922186211661624,0.07839777450171993,0.4094152656064078,0.4094152656064078,0.4094152656064078,0.2190926725388734,0.2190926725388734,0.2190926725388734,4.0,0.9402272561262174,0.05977274387378262,0.059619042546217235
0.8859305973952245,0.8859305973952245,0.8859305973952245,0.09902464733314792,0.19661264588361435,0.19661264588361435,0.19661264588361435,0.10555125991046403,0.10555125991046403,0.10555125991046403,4.0,0.7181299639755342,0.2818700360244658,0.28014643599957556
0.9069226998489948,0.9069226998489948,0.9069226998489948,0.22554534118541208,0.6281555272457975,0.6281555272457975,0.6281555272457975,0.07460193082481842,0.07460193082481842,0.07460193082481842,4.0,0.34262485206071114,0.6573751479392889,0.022759167702369056
0.9438043247297244,0.9438043247297244,0.9438043247297244,0.06241541449328547,0.20663130536127386,0.20663130536127386,0.20663130536127386,0.19627219410155625,0.19627219410155625,0.19627219410155625,4.0,0.019634564548114367,0.9803654354518856,0.718372803103915
0.8885634950777802,0.8885634950777802,0.8885634950777802,0.02790382014559677,0.26760324227690196,0.26760324227690196,0.26760324227690196,0.13819859195572856,0.13819859195572856,0.13819859195572856,4.0,0.8228452785350815,0.1771547214649185,0.22832214085432248
0.8745392586185129,0.8745392586185129,0.8745392586185129,0.361225592943842,0.2753412755664909,0.2753412755664909,0.2753412755664909,0.2735629034171748,0.2735629034171748,0.2735629034171748,4.0,0.7661357742862243,0.23386422571377574,0.11406912501004612
0.9367433847995207,0.9367433847995207,0.9367433847995207,0.07343710847616718,0.29928837505067923,0.29928837505067923,0.29928837505067923,0.16525636750715134,0.16525636750715134,0.16525636750715134,4.0,0.6060816225600807,0.3939183774399193,0.654744933220215
0.7286940669074877,0.7286940669074877,0.7286940669074877,0.10250637033413239,0.3351369995897771,0.3351369995897771,0.3351369995897771,0.311810546125284,0.311810546125284,0.311810546125284,4.0,0.6646250442214143,0.33537495577858567,0.19811820375068423
0.9367735609167248,0.9367735609167248,0.9367735609167248,0.2504509457147848,0.3935632163789161,0.3935632163789161,0.3935632163789161,0.20968762750944686,0.20968762750944686,0.20968762750944686,4.0,0.5862184616229702,0.4137815383770298,0.2584123437557684
0.9869891480001558,0.9869891480001558,0.9869891480001558,0.3015181391149309,0.6611267664369682,0.6611267664369682,0.6611267664369682,0.17631264293933663,0.17631264293933663,0.17631264293933663,4.0,0.659824007121893,0.34017599287810696,0.26733276560184754
0.9066273351843522,0.9066273351843522,0.9066273351843522,0.09864383502721173,0.23746953651835245,0.23746953651835245,0.23746953651835245,0.23709675998937257,0.23709675998937257,0.23709675998937257,4.0,0.28732826975810827,0.7126717302418917,0.6459061059461783
0.9676265578756795,0.9676265578756795,0.9676265578756795,0.12261676358839536,0.5740801674298764,0.5740801674298764,0.5740801674298764,0.03404043610020562,0.03404043610020562,0.03404043610020562,4.0,0.6234805363413142,0.3765194636586858,0.5231036112724639
0.9198519503126411,0.9198519503126411,0.9198519503126411,0.25386056150605074,0.3615721030144905,0.3615721030144905,0.3615721030144905,0.34592668546928995,0.34592668546928995,0.34592668546928995,4.0,0.16307368806344893,0.8369263119365511,0.3879397123818072
0.7764379847250348,0.7764379847250348,0.7764379847250348,0.19995601992269865,0.5819850478826479,0.5819850478826479,0.5819850478826479,0.05754494648928674,0.05754494648928674,0.05754494648928674,4.0,0.9333998507397488,0.06660014926025115,0.19660535262794443
0.7162993418111381,0.7162993418111381,0.7162993418111381,0.11043716798606229,0.5539951024427071,0.5539951024427071,0.5539951024427071,0.0010872672052108644,0.0010872672052108644,0.0010872672052108644,4.0,0.2958856257646398,0.7041143742353602,0.16789494048629236
0.7531804192590691,0.7531804192590691,0.7531804192590691,0.02649349438204026,0.4257768982555945,0.4257768982555945,0.4257768982555945,0.1294582311673892,0.1294582311673892,0.1294582311673892,4.0,0.33095893538009735,0.6690410646199026,0.032490269973841274
0.762718328451269,0.762718328451269,0.762718328451269,0.061971732106238187,0.3635389737323756,0.3635389737323756,0.3635389737323756,0.19027483637127285,0.19027483637127285,0.19027483637127285,4.0,0.5561030130878236,0.4438969869121764,0.2754192296891437
0.8158887734346563,0.8158887734346563,0.8158887734346563,0.06146487595730539,0.48567200044511194,0.48567200044511194,0.48567200044511194,0.1287987328116347,0.1287987328116347,0.1287987328116347,4.0,0.12580096282091838,0.8741990371790817,0.1645768183380099
0.7007451211799294,0.7007451211799294,0.7007451211799294,0.19885713917747483,0.24728657446479319,0.24728657446479319,0.24728657446479319,0.1305838534064914,0.1305838534064914,0.1305838534064914,4.0,0.8526466350760117,0.14735336492398832,0.18954510086950507
0.9083279336343486,0.9083279336343486,0.9083279336343486,0.05119381071675544,0.3726749496617491,0.3726749496617491,0.3726749496617491,0.2761230880866636,0.2761230880866636,0.2761230880866636,4.0,0.9108517646488952,0.08914823535110483,0.4518532110719643
0.7003439206581303,0.7003439206581303,0.7003439206581303,0.14021520462152964,0.5571631830359008,0.5571631830359008,0.5571631830359008,0.06428790512066582,0.06428790512066582,0.06428790512066582,4.0,0.15471759141307811,0.8452824085869219,0.25931852655343807
0.9943999641219817,0.9943999641219817,0.9943999641219817,0.1156308466520865,0.23446070990379986,0.23446070990379986,0.23446070990379986,0.23032897389116552,0.23032897389116552,0.23032897389116552,4.0,0.6708551204092233,0.32914487959077665,0.46914031624616825
0.9895472031020761,0.9895472031020761,0.9895472031020761,0.20422694123036303,0.07132510683635439,0.07132510683635439,0.07132510683635439,0.009977894686071215,0.009977894686071215,0.009977894686071215,4.0,0.1468624841953877,0.8531375158046123,0.5120661888089996
0.7522545446391075,0.7522545446391075,0.7522545446391075,0.29646085160865615,0.41517520328873797,0.41517520328873797,0.41517520328873797,0.14561814421401353,0.14561814421401353,0.14561814421401353,4.0,0.19522750176780182,0.8047724982321982,0.11722620642680844
0.9902876063677302,0.9902876063677302,0.9902876063677302,0.038223350118433363,0.6440933990951513,0.6440933990951513,0.6440933990951513,0.0030519268633526046,0.0030519268633526046,0.0030519268633526046,4.0,0.1237913542983961,0.8762086457016038,0.26825688734535563
0.8963659586587659,0.8963659586587659,0.8963659586587659,0.33741364884862207,0.2405467649678073,0.2405467649678073,0.2405467649678073,0.08730000480441416,0.08730000480441416,0.08730000480441416,4.0,0.6696520958672216,0.33034790413277837,0.17423864301992784
0.7776895002747192,0.7776895002747192,0.7776895002747192,0.23977547637925853,0.5257731779938434,0.5257731779938434,0.5257731779938434,0.01260774993448454,0.01260774993448454,0.01260774993448454,4.0,0.7084233343218326,0.2915766656781674,0.15059643421501814
0.5290908985246875,0.5290908985246875,0.5290908985246875,0.02823613708870121,0.3109756735269725,0.3109756735269725,0.3109756735269725,0.1626756094680711,0.1626756094680711,0.1626756094680711,4.0,0.550123780225028,0.44987621977497205,0.3064349983770808
0.9558099773793992,0.9558099773793992,0.9558099773793992,0.15809730429463037,0.37238223198279813,0.37238223198279813,0.37238223198279813,0.06980772157005476,0.06980772157005476,0.06980772157005476,4.0,0.9980865285344772,0.001913471465522787,0.5346872648396402
0.8728126413109453,0.8728126413109453,0.8728126413109453,0.08535163063928713,0.503284407472405,0.503284407472405,0.503284407472405,0.14385200264655007,0.14385200264655007,0.14385200264655007,4.0,0.9093901242982511,0.09060987570174894,0.42505342545577723
0.5365562544207689,0.5365562544207689,0.5365562544207689,0.04043634746890015,0.2488003195046594,0.2488003195046594,0.2488003195046594,0.06532922712721592,0.06532922712721592,0.06532922712721592,4.0,0.33207403868457264,0.6679259613154274,0.22653504637503552
0.9586356866285795,0.9586356866285795,0.9586356866285795,0.05716611864908882,0.39626167280110147,0.39626167280110147,0.39626167280110147,0.017176250842936027,0.017176250842936027,0.017176250842936027,4.0,0.7536641768319039,0.2463358231680961,0.46637882327029545
0.9936555587850358,0.9936555587850358,0.9936555587850358,0.10499873036392725,0.6796496379295114,0.6796496379295114,0.6796496379295114,0.30337700887756214,0.30337700887756214,0.30337700887756214,4.0,0.9310164445374122,0.06898355546258783,0.2723423215366324
0.6331345375204005,0.6331345375204005,0.6331345375204005,0.22326458435475144,0.3646176443698735,0.3646176443698735,0.3646176443698735,0.08011144378298367,0.08011144378298367,0.08011144378298367,4.0,0.9174513281621482,0.08254867183785175,0.15835122394021842
0.4958671821747513,0.4958671821747513,0.4958671821747513,0.14301684149077237,0.25237625131211583,0.25237625131211583,0.25237625131211583,8.65654044666896e-5,8.65654044666896e-5,8.65654044666896e-5,4.0,0.5417881373773475,0.45821186262265245,0.15607937624428522
0.9367663266422472,0.9367663266422472,0.9367663266422472,0.10201483292897441,0.6334031429137431,0.6334031429137431,0.6334031429137431,0.2609450450704316,0.2609450450704316,0.2609450450704316,4.0,0.6765330456522094,0.3234669543477906,0.5014202854442398
0.7588987589267079,0.7588987589267079,0.7588987589267079,0.11248351849535335,0.5154959671650298,0.5154959671650298,0.5154959671650298,0.04373783989087294,0.04373783989087294,0.04373783989087294,4.0,0.41956348859250603,0.580436511407494,0.007545090245624929
0.9531362608281415,0.9531362608281415,0.9531362608281415,0.3642584771461906,0.29405270194428357,0.29405270194428357,0.29405270194428357,0.08024879573441658,0.08024879573441658,0.08024879573441658,4.0,0.5279730262248756,0.47202697377512437,0.03605787405221986
0.7622877083663097,0.7622877083663097,0.7622877083663097,0.07528550645769351,0.5889941635979916,0.5889941635979916,0.5889941635979916,0.1005386952843534,0.1005386952843534,0.1005386952843534,4.0,0.8815297982582253,0.1184702017417747,0.06779730735464594
0.9436801808764924,0.9436801808764924,0.9436801808764924,0.23055566485279483,0.783916929494847,0.783916929494847,0.783916929494847,0.1461396788730964,0.1461396788730964,0.1461396788730964,4.0,0.6544590652131931,0.3455409347868069,0.195984835862025
0.981944179056125,0.981944179056125,0.981944179056125,0.3374805287885725,0.766712728147722,0.766712728147722,0.766712728147722,0.17203669338165106,0.17203669338165106,0.17203669338165106,4.0,0.5380493797778753,0.46195062022212474,0.10514358645714644
0.5364782124404289,0.5364782124404289,0.5364782124404289,0.06195821459559193,0.37504538556376504,0.37504538556376504,0.37504538556376504,0.14670076261671705,0.14670076261671705,0.14670076261671705,4.0,0.8694131565816839,0.13058684341831606,0.22252601383918977
0.8801700907617059,0.8801700907617059,0.8801700907617059,0.09611897146774775,0.2597535713211356,0.2597535713211356,0.2597535713211356,0.07866679950028457,0.07866679950028457,0.07866679950028457,4.0,0.8363551855771575,0.1636448144228425,0.15564702703522806
0.8524687574289724,0.8524687574289724,0.8524687574289724,0.06952380839226635,0.5502529108097101,0.5502529108097101,0.5502529108097101,0.004786141029047732,0.004786141029047732,0.004786141029047732,4.0,0.8199377328644818,0.1800622671355182,0.09412904649499546
0.9155185501059723,0.9155185501059723,0.9155185501059723,0.14382394932307432,0.4825718355539035,0.4825718355539035,0.4825718355539035,0.051790215997476484,0.051790215997476484,0.051790215997476484,4.0,0.9629200436545494,0.03707995634545058,0.1462049963525106
0.806299953698686,0.806299953698686,0.806299953698686,0.18160727560209441,0.281071149239018,0.281071149239018,0.281071149239018,0.11277679888312478,0.11277679888312478,0.11277679888312478,4.0,0.4597569356352284,0.5402430643647715,0.2778682008931168
0.9927297840124927,0.9927297840124927,0.9927297840124927,0.11586997553550403,0.6720488424147578,0.6720488424147578,0.6720488424147578,0.2523456962896745,0.2523456962896745,0.2523456962896745,4.0,0.65356786862153,0.34643213137846995,0.24181893425577328
0.8103909843594722,0.8103909843594722,0.8103909843594722,0.2359533621847756,0.2851767951976306,0.2851767951976306,0.2851767951976306,0.2618759995594374,0.2618759995594374,0.2618759995594374,4.0,0.04376624757197517,0.9562337524280249,0.27831202669277805
0.6456374439156966,0.6456374439156966,0.6456374439156966,0.15309115860596403,0.36308055685758234,0.36308055685758234,0.36308055685758234,0.24707099288901685,0.24707099288901685,0.24707099288901685,4.0,0.7898269755578509,0.21017302444214914,0.2702121584409703
0.9475730387635969,0.9475730387635969,0.9475730387635969,0.16869973951829104,0.5779892498196606,0.5779892498196606,0.5779892498196606,0.2590781753523467,0.2590781753523467,0.2590781753523467,4.0,0.14478779411462905,0.855212205885371,0.5234629667065024
0.9075300776065655,0.9075300776065655,0.9075300776065655,0.16000624267331373,0.770747437964258,0.770747437964258,0.770747437964258,0.11896314322807218,0.11896314322807218,0.11896314322807218,4.0,0.8778400189147919,0.12215998108520809,0.4371336388866428
0.9092862707785169,0.9092862707785169,0.9092862707785169,0.10269324690066954,0.3493235400960185,0.3493235400960185,0.3493235400960185,0.2332120747769431,0.2332120747769431,0.2332120747769431,4.0,0.7567104665645086,0.24328953343549142,0.3541538089587768
0.7954484110569336,0.7954484110569336,0.7954484110569336,0.13343862880101257,0.29635870880356124,0.29635870880356124,0.29635870880356124,0.23309164246212308,0.23309164246212308,0.23309164246212308,4.0,0.9348217745024676,0.06517822549753238,0.27258212371373897
0.972899890937727,0.972899890937727,0.972899890937727,0.031061856015701692,0.333756425078757,0.333756425078757,0.333756425078757,0.21966034399178658,0.21966034399178658,0.21966034399178658,4.0,0.8360503306473716,0.16394966935262845,0.6254799367012146
0.718157204279205,0.718157204279205,0.718157204279205,0.25334593384402193,0.14674980543119695,0.14674980543119695,0.14674980543119695,0.12228527146446844,0.12228527146446844,0.12228527146446844,4.0,0.21203783999500575,0.7879621600049942,0.11351917328157163
0.9513733542726385,0.9513733542726385,0.9513733542726385,0.05560530102611449,0.8443531107827998,0.8443531107827998,0.8443531107827998,0.0466898821544748,0.0466898821544748,0.0466898821544748,4.0,0.4507240163314829,0.549275983668517,0.082391633109986
0.9728450364194087,0.9728450364194087,0.9728450364194087,0.24289264908059063,0.838243951317148,0.838243951317148,0.838243951317148,0.00425025166368612,0.00425025166368612,0.00425025166368612,4.0,0.5155497454892508,0.4844502545107492,0.40010953842488756
0.9947868364617491,0.9947868364617491,0.9947868364617491,0.062134090643281494,0.8163696743184143,0.8163696743184143,0.8163696743184143,0.06029442724161486,0.06029442724161486,0.06029442724161486,4.0,0.7421526026595919,0.25784739734040807,0.4886096589752612
0.9269185946380605,0.9269185946380605,0.9269185946380605,0.27217931318895433,0.839818860681046,0.839818860681046,0.839818860681046,0.07500414053060388,0.07500414053060388,0.07500414053060388,4.0,0.9870835293013811,0.012916470698618898,0.3289298458230378
0.6424952357969688,0.6424952357969688,0.6424952357969688,0.08338771322245542,0.12329008199956173,0.12329008199956173,0.12329008199956173,0.07272838553148378,0.07272838553148378,0.07272838553148378,4.0,0.4845417153617345,0.5154582846382655,0.13963975985781055
0.8357193793706083,0.8357193793706083,0.8357193793706083,0.33134152126160454,0.6098174917303655,0.6098174917303655,0.6098174917303655,0.149185582815805,0.149185582815805,0.149185582815805,4.0,0.28098208618636356,0.7190179138136364,0.11968695142891222
0.9897228874546541,0.9897228874546541,0.9897228874546541,0.06638809361711027,0.37987467742593783,0.37987467742593783,0.37987467742593783,0.01692707824909071,0.01692707824909071,0.01692707824909071,4.0,0.5114988994345138,0.48850110056548623,0.08717539788239322
0.8635661998015777,0.8635661998015777,0.8635661998015777,0.2684598517264395,0.14084626367406727,0.14084626367406727,0.14084626367406727,0.12152836289765256,0.12152836289765256,0.12152836289765256,4.0,0.5853786519587908,0.4146213480412092,0.3136487047024842
0.9151426034192194,0.9151426034192194,0.9151426034192194,0.2405679903445227,0.16156149232823463,0.16156149232823463,0.16156149232823463,0.04968332994357312,0.04968332994357312,0.04968332994357312,4.0,0.7045969946036708,0.29540300539632924,0.4159590949177373
0.7779767758647216,0.7779767758647216,0.7779767758647216,0.3648460307552444,0.5163637051205275,0.5163637051205275,0.5163637051205275,0.05219972149241835,0.05219972149241835,0.05219972149241835,4.0,0.6090360702002491,0.3909639297997509,0.021504583394429504
0.5942012111203939,0.5942012111203939,0.5942012111203939,0.04712821272796128,0.49558807000527644,0.49558807000527644,0.49558807000527644,0.07269238694755276,0.07269238694755276,0.07269238694755276,4.0,0.5372606654699252,0.46273933453007476,0.16313281414257008
0.9564469055612043,0.9564469055612043,0.9564469055612043,0.2778855261989356,0.6909922117570275,0.6909922117570275,0.6909922117570275,0.05331355725684475,0.05331355725684475,0.05331355725684475,4.0,0.9011228563223066,0.0988771436776934,0.2890236104460287
0.8730673307984158,0.8730673307984158,0.8730673307984158,0.19311076057964796,0.80084050978208,0.80084050978208,0.80084050978208,0.025273418942620838,0.025273418942620838,0.025273418942620838,4.0,0.8668353641707534,0.13316463582924665,0.3757043934075949
0.7587131424569441,0.7587131424569441,0.7587131424569441,0.19444114764261686,0.34778196399704947,0.34778196399704947,0.34778196399704947,0.1110368295082023,0.1110368295082023,0.1110368295082023,4.0,0.546068350975234,0.453931649024766,0.1963022078567685
0.7212291424899355,0.7212291424899355,0.7212291424899355,0.13973575268748933,0.158266867744082,0.158266867744082,0.158266867744082,0.0911697521866182,0.0911697521866182,0.0911697521866182,4.0,0.5683762415486323,0.4316237584513677,0.11282145043649017
0.942550404631534,0.942550404631534,0.942550404631534,0.13082756033642345,0.5517459683036231,0.5517459683036231,0.5517459683036231,0.36760525909328473,0.36760525909328473,0.36760525909328473,4.0,0.6730073790073728,0.32699262099262716,0.6585271397404949
0.9567524394777848,0.9567524394777848,0.9567524394777848,0.10048294683896099,0.44609045370359424,0.44609045370359424,0.44609045370359424,0.15601183748764993,0.15601183748764993,0.15601183748764993,4.0,0.09288975815674062,0.9071102418432594,0.05671647826092336
0.9167444000775765,0.9167444000775765,0.9167444000775765,0.15629361466374017,0.8152277421102928,0.8152277421102928,0.8152277421102928,0.08125504782437552,0.08125504782437552,0.08125504782437552,4.0,0.4093412716810057,0.5906587283189944,0.5587370585374548
0.992047067565268,0.992047067565268,0.992047067565268,0.06622652395794303,0.23694889410281073,0.23694889410281073,0.23694889410281073,0.004039126588736126,0.004039126588736126,0.004039126588736126,4.0,0.4370344460018355,0.5629655539981645,0.3014346818960768
0.5898539619873364,0.5898539619873364,0.5898539619873364,0.03392607510125178,0.40457087275946296,0.40457087275946296,0.40457087275946296,0.17116311605463486,0.17116311605463486,0.17116311605463486,4.0,0.018904336653510403,0.9810956633464896,0.41181005854970654
0.8417963480405198,0.8417963480405198,0.8417963480405198,0.25300325007486674,0.384584339508548,0.384584339508548,0.384584339508548,0.27120520875857795,0.27120520875857795,0.27120520875857795,4.0,0.4132934232147761,0.586706576785224,0.2893883659623503
0.5306276822695686,0.5306276822695686,0.5306276822695686,0.08340174737975517,0.1771864865438762,0.1771864865438762,0.1771864865438762,0.016437424739795998,0.016437424739795998,0.016437424739795998,4.0,0.15561476929494833,0.8443852307050517,0.15709040467989127
0.7986340841408258,0.7986340841408258,0.7986340841408258,0.13055021898125937,0.3416985034035456,0.3416985034035456,0.3416985034035456,0.08860076847347813,0.08860076847347813,0.08860076847347813,4.0,0.8467879387196254,0.15321206128037457,0.5107068355716418
0.8014827618303538,0.8014827618303538,0.8014827618303538,0.04296541743251473,0.49355043991445596,0.49355043991445596,0.49355043991445596,0.17712097707784025,0.17712097707784025,0.17712097707784025,4.0,0.8723752753543529,0.12762472464564711,0.506755529740739
0.7274515284674614,0.7274515284674614,0.7274515284674614,0.15339340629084341,0.3285987483795908,0.3285987483795908,0.3285987483795908,0.11619536128813246,0.11619536128813246,0.11619536128813246,4.0,0.06989808554076354,0.9301019144592364,0.2897743139575827
0.9824022073275893,0.9824022073275893,0.9824022073275893,0.22486000533008088,0.9286524196708439,0.9286524196708439,0.9286524196708439,0.014263239023505148,0.014263239023505148,0.014263239023505148,4.0,0.891517852084701,0.10848214791529898,0.32657740590761936
0.5193612124667211,0.5193612124667211,0.5193612124667211,0.06045257539652414,0.33219334248395604,0.33219334248395604,0.33219334248395604,0.07018584002535058,0.07018584002535058,0.07018584002535058,4.0,0.9086136964049408,0.09138630359505917,0.2694160923078262
0.909924146546801,0.909924146546801,0.909924146546801,0.0836136899195073,0.6671647304348048,0.6671647304348048,0.6671647304348048,0.2129519926232124,0.2129519926232124,0.2129519926232124,4.0,0.6408447698653722,0.3591552301346278,0.08908537739661587
0.969297272620449,0.969297272620449,0.969297272620449,0.2689609309589186,0.4295835797820095,0.4295835797820095,0.4295835797820095,0.27838923010783945,0.27838923010783945,0.27838923010783945,4.0,0.05276106543400223,0.9472389345659977,0.21145546957207892
0.8331662681661717,0.8331662681661717,0.8331662681661717,0.09842685302162137,0.4734666672071941,0.4734666672071941,0.4734666672071941,0.3110381003559953,0.3110381003559953,0.3110381003559953,4.0,0.1445571628941778,0.8554428371058223,0.14994047481643588
0.7774092696781497,0.7774092696781497,0.7774092696781497,0.24273137273980502,0.3119699774102442,0.3119699774102442,0.3119699774102442,0.15049828273596202,0.15049828273596202,0.15049828273596202,4.0,0.212770730898267,0.787229269101733,0.15003227420672888
0.7808193533558481,0.7808193533558481,0.7808193533558481,0.056262645078627445,0.663212237103523,0.663212237103523,0.663212237103523,0.0954554293625801,0.0954554293625801,0.0954554293625801,4.0,0.33081365680898317,0.6691863431910168,0.24473229205112323
0.9187754502743288,0.9187754502743288,0.9187754502743288,0.39595743606305633,0.650492971579543,0.650492971579543,0.650492971579543,0.16716058525027322,0.16716058525027322,0.16716058525027322,4.0,0.5460671922584788,0.4539328077415212,0.044275457135667565
0.856283857500691,0.856283857500691,0.856283857500691,0.1450938036069467,0.5996563509014845,0.5996563509014845,0.5996563509014845,0.04385485309047851,0.04385485309047851,0.04385485309047851,4.0,0.6780507488212529,0.32194925117874706,0.4100953557547179
0.9582617879155158,0.9582617879155158,0.9582617879155158,0.3148015421344612,0.4766321573547374,0.4766321573547374,0.4766321573547374,0.33875004209114884,0.33875004209114884,0.33875004209114884,4.0,0.03244372236059341,0.9675562776394065,0.10175786228249711
0.9358722082896712,0.9358722082896712,0.9358722082896712,0.2804937651075226,0.23381280413783714,0.23381280413783714,0.23381280413783714,0.15777761386134437,0.15777761386134437,0.15777761386134437,4.0,0.7890875904221799,0.2109124095778201,0.26841906203783406
0.9770343390833302,0.9770343390833302,0.9770343390833302,0.05060286508433261,0.6033976243820393,0.6033976243820393,0.6033976243820393,0.17632751805055663,0.17632751805055663,0.17632751805055663,4.0,0.7759417654234831,0.22405823457651686,0.21697508522052295
0.49719191698448795,0.49719191698448795,0.49719191698448795,0.03378994253996417,0.29135812567149244,0.29135812567149244,0.29135812567149244,0.17116950897612732,0.17116950897612732,0.17116950897612732,4.0,0.5674977771415408,0.4325022228584592,0.1959556822699923
0.7525283432806008,0.7525283432806008,0.7525283432806008,0.07469752684116716,0.12924376570751067,0.12924376570751067,0.12924376570751067,0.07671435470959102,0.07671435470959102,0.07671435470959102,4.0,0.0074675392288177265,0.9925324607711823,0.04447955300364617
0.8831342513678737,0.8831342513678737,0.8831342513678737,0.1581517033938319,0.2828950136010588,0.2828950136010588,0.2828950136010588,0.04164977983061595,0.04164977983061595,0.04164977983061595,4.0,0.099523099959541,0.900476900040459,0.4723716758176679
0.674150540795806,0.674150540795806,0.674150540795806,0.2412179162633278,0.4929052931940367,0.4929052931940367,0.4929052931940367,0.1290012254620822,0.1290012254620822,0.1290012254620822,4.0,0.5078664487394512,0.4921335512605488,0.18664544062665345
0.9803961178214518,0.9803961178214518,0.9803961178214518,0.03534783258929157,0.7946195112776249,0.7946195112776249,0.7946195112776249,0.0569507630899463,0.0569507630899463,0.0569507630899463,4.0,0.5509915016886914,0.4490084983113086,0.14022131055288725
0.9696374380463227,0.9696374380463227,0.9696374380463227,0.08964996785950399,0.1637122525819059,0.1637122525819059,0.1637122525819059,0.14379762919369043,0.14379762919369043,0.14379762919369043,4.0,0.1701973675998479,0.8298026324001521,0.24977633484078587
0.9746276118262336,0.9746276118262336,0.9746276118262336,0.25462894922165813,0.720558591876668,0.720558591876668,0.720558591876668,0.1661986520278008,0.1661986520278008,0.1661986520278008,4.0,0.5741907726379585,0.4258092273620415,0.05029511944542417
0.7991638117667745,0.7991638117667745,0.7991638117667745,0.037965628547573335,0.18877010882793926,0.18877010882793926,0.18877010882793926,0.06887730511457556,0.06887730511457556,0.06887730511457556,4.0,0.05940050937221334,0.9405994906277867,0.1066298857711647
0.9397970607873672,0.9397970607873672,0.9397970607873672,0.22456452555926584,0.4899060921115856,0.4899060921115856,0.4899060921115856,0.4292535378642324,0.4292535378642324,0.4292535378642324,4.0,0.12964696352078184,0.8703530364792181,0.3259668680754128
0.9588262754236349,0.9588262754236349,0.9588262754236349,0.12642808576535078,0.5627015343739984,0.5627015343739984,0.5627015343739984,0.001283899768752176,0.001283899768752176,0.001283899768752176,4.0,0.5172422714087311,0.48275772859126886,0.5820726099567579
0.9025053529832993,0.9025053529832993,0.9025053529832993,0.0514575300520696,0.6901625853021076,0.6901625853021076,0.6901625853021076,0.02241106711476877,0.02241106711476877,0.02241106711476877,4.0,0.3795399169250489,0.6204600830749512,0.7631238177274886
0.9690234550854309,0.9690234550854309,0.9690234550854309,0.3533707512003765,0.4377168651384117,0.4377168651384117,0.4377168651384117,0.3053673006808016,0.3053673006808016,0.3053673006808016,4.0,0.8488333487975255,0.15116665120247452,0.13962268035289652
0.9179864194369716,0.9179864194369716,0.9179864194369716,0.027290004272454767,0.23446241110876667,0.23446241110876667,0.23446241110876667,0.18958739797201735,0.18958739797201735,0.18958739797201735,4.0,0.12530278583103613,0.8746972141689638,0.4160724722776809
0.7199791184802752,0.7199791184802752,0.7199791184802752,0.02509780421461758,0.0435344523240143,0.0435344523240143,0.0435344523240143,0.04250477999257194,0.04250477999257194,0.04250477999257194,4.0,0.7543674082707853,0.2456325917292147,0.14488037919932525
0.8160696484523678,0.8160696484523678,0.8160696484523678,0.23395424101994866,0.7745701150254405,0.7745701150254405,0.7745701150254405,0.029654425888461285,0.029654425888461285,0.029654425888461285,4.0,0.14045263932150523,0.8595473606784948,0.32355987396749775
0.8565975229571597,0.8565975229571597,0.8565975229571597,0.24311545252419806,0.462154554325949,0.462154554325949,0.462154554325949,0.010828885151528612,0.010828885151528612,0.010828885151528612,4.0,0.16246570321206594,0.837534296787934,0.2304540869648938
0.8915731269694087,0.8915731269694087,0.8915731269694087,0.13193951790042152,0.6278105573360617,0.6278105573360617,0.6278105573360617,0.11081611502758931,0.11081611502758931,0.11081611502758931,4.0,0.9274040405050002,0.07259595949499975,0.028764876215954815
0.8101980175827026,0.8101980175827026,0.8101980175827026,0.07879382031035657,0.6877124717739905,0.6877124717739905,0.6877124717739905,0.10836244768804357,0.10836244768804357,0.10836244768804357,4.0,0.7183400391380742,0.2816599608619258,0.6422909892852032
0.9490748358451535,0.9490748358451535,0.9490748358451535,0.17061554326772216,0.5338695790710672,0.5338695790710672,0.5338695790710672,0.3340497586704182,0.3340497586704182,0.3340497586704182,4.0,0.6579517556288677,0.34204824437113235,0.1943227331444369
0.8488089167937978,0.8488089167937978,0.8488089167937978,0.2083258593643182,0.45735707971920614,0.45735707971920614,0.45735707971920614,0.12728595447595312,0.12728595447595312,0.12728595447595312,4.0,0.10528270129082226,0.8947172987091777,0.3574820709921683
0.9006609922842921,0.9006609922842921,0.9006609922842921,0.0968974664335916,0.48170184983033176,0.48170184983033176,0.48170184983033176,0.09117308571763079,0.09117308571763079,0.09117308571763079,4.0,0.455681208084733,0.544318791915267,0.5388854021765281
0.9059952962654877,0.9059952962654877,0.9059952962654877,0.3777803271047953,0.19588011667536057,0.19588011667536057,0.19588011667536057,0.009524641067493298,0.009524641067493298,0.009524641067493298,4.0,0.8372228948114029,0.16277710518859712,0.14317612687333026
0.31599676072867344,0.31599676072867344,0.31599676072867344,0.05845896028045598,0.12507947866075167,0.12507947866075167,0.12507947866075167,0.09039760309107318,0.09039760309107318,0.09039760309107318,4.0,0.9324072200565412,0.0675927799434588,0.10352667056375295
0.7467264762941525,0.7467264762941525,0.7467264762941525,0.0956592866290299,0.18572991473268752,0.18572991473268752,0.18572991473268752,0.004241056346428371,0.004241056346428371,0.004241056346428371,4.0,0.6049622016185832,0.39503779838141684,0.09042528492090073
0.868694756244777,0.868694756244777,0.868694756244777,0.3433509098448065,0.24925882026130658,0.24925882026130658,0.24925882026130658,0.21516696272988198,0.21516696272988198,0.21516696272988198,4.0,0.20173648005917227,0.7982635199408277,0.07803614931858961
0.9401155318709135,0.9401155318709135,0.9401155318709135,0.08215226351831188,0.43779452776701955,0.43779452776701955,0.43779452776701955,0.22392761763991095,0.22392761763991095,0.22392761763991095,4.0,0.6700712017524078,0.32992879824759225,0.35819512340333487
0.9285150118748978,0.9285150118748978,0.9285150118748978,0.1741285297449305,0.1837961192537684,0.1837961192537684,0.1837961192537684,0.1712417178344112,0.1712417178344112,0.1712417178344112,4.0,0.34999852100808754,0.6500014789919124,0.11880777869225435
0.6449880855016281,0.6449880855016281,0.6449880855016281,0.08266493402355216,0.48626916215298716,0.48626916215298716,0.48626916215298716,0.0520475062845301,0.0520475062845301,0.0520475062845301,4.0,0.6011574192451695,0.3988425807548305,0.38452268164121545
0.9760477636367779,0.9760477636367779,0.9760477636367779,0.12815724035889117,0.7837624011092604,0.7837624011092604,0.7837624011092604,0.11088833332590646,0.11088833332590646,0.11088833332590646,4.0,0.038379598609877726,0.9616204013901223,0.33545979451009056
0.6846838421405559,0.6846838421405559,0.6846838421405559,0.24251863620464392,0.42402717120858646,0.42402717120858646,0.42402717120858646,0.22610975772763564,0.22610975772763564,0.22610975772763564,4.0,0.3843632132559949,0.6156367867440051,0.07790338249051385
0.881974772605051,0.881974772605051,0.881974772605051,0.11759561425269198,0.4320981621567857,0.4320981621567857,0.4320981621567857,0.24826492571336609,0.24826492571336609,0.24826492571336609,4.0,0.9069560185736656,0.09304398142633441,0.37564534042749353
0.5709911666229801,0.5709911666229801,0.5709911666229801,0.08289658843664556,0.19729999938594375,0.19729999938594375,0.19729999938594375,0.033920180225023897,0.033920180225023897,0.033920180225023897,4.0,0.11360244483489221,0.8863975551651078,0.0524724671769549
0.9392137777293604,0.9392137777293604,0.9392137777293604,0.09219566978772166,0.16086368190315098,0.16086368190315098,0.16086368190315098,0.12590687342556137,0.12590687342556137,0.12590687342556137,4.0,0.5037328661864201,0.4962671338135799,0.22178709900720484
0.9884149983870357,0.9884149983870357,0.9884149983870357,0.11481016339105966,0.13338025545074597,0.13338025545074597,0.13338025545074597,0.017002225435309267,0.017002225435309267,0.017002225435309267,4.0,0.3674222877638355,0.6325777122361644,0.2911022132320912
0.784238356461397,0.784238356461397,0.784238356461397,0.10056313800098467,0.3545373966704018,0.3545373966704018,0.3545373966704018,0.3255791012058421,0.3255791012058421,0.3255791012058421,4.0,0.0480435141515799,0.9519564858484201,0.3064049724394972
0.6102113249484595,0.6102113249484595,0.6102113249484595,0.04341953299825027,0.36262108979921787,0.36262108979921787,0.36262108979921787,0.025470938488247476,0.025470938488247476,0.025470938488247476,4.0,0.4794869037800511,0.5205130962199489,0.3433937211958324
0.9482939784955747,0.9482939784955747,0.9482939784955747,0.0757875540077177,0.5256699720873979,0.5256699720873979,0.5256699720873979,0.29447924842118034,0.29447924842118034,0.29447924842118034,4.0,0.04439020378060515,0.9556097962193948,0.0625257584110753
0.6118727423600142,0.6118727423600142,0.6118727423600142,0.08978614300618909,0.2816263627003375,0.2816263627003375,0.2816263627003375,0.1073488044504989,0.1073488044504989,0.1073488044504989,4.0,0.24416527189155768,0.7558347281084423,0.09656013924219871
0.6363331021161615,0.6363331021161615,0.6363331021161615,0.0787593022133418,0.330913569820282,0.330913569820282,0.330913569820282,0.13945234309095925,0.13945234309095925,0.13945234309095925,4.0,0.20073040173565437,0.7992695982643456,0.09717669920759416
0.9791506126945637,0.9791506126945637,0.9791506126945637,0.139933569738478,0.8911747495551768,0.8911747495551768,0.8911747495551768,0.06664044021483287,0.06664044021483287,0.06664044021483287,4.0,0.4547529646472618,0.5452470353527382,0.34540416392146306
0.6533652410957881,0.6533652410957881,0.6533652410957881,0.20235667906999663,0.23148378901372635,0.23148378901372635,0.23148378901372635,0.1787364001351901,0.1787364001351901,0.1787364001351901,4.0,0.3269954466397752,0.6730045533602248,0.06094135285197359
0.661657828110058,0.661657828110058,0.661657828110058,0.13320538125296763,0.23318447050137195,0.23318447050137195,0.23318447050137195,0.040456341928215074,0.040456341928215074,0.040456341928215074,4.0,0.5448630226452664,0.4551369773547336,0.021278974001937068
0.8066544620136954,0.8066544620136954,0.8066544620136954,0.11382466892625248,0.2572263862777952,0.2572263862777952,0.2572263862777952,0.013508396790144175,0.013508396790144175,0.013508396790144175,4.0,0.9761358665349623,0.023864133465037685,0.1100757939261401
0.9223393249929922,0.9223393249929922,0.9223393249929922,0.2442339485348325,0.7288587573526143,0.7288587573526143,0.7288587573526143,0.18372346794218605,0.18372346794218605,0.18372346794218605,4.0,0.9995645187478537,0.00043548125214631916,0.20091057208650173
0.7440001068624337,0.7440001068624337,0.7440001068624337,0.2942870120916944,0.5078698732115089,0.5078698732115089,0.5078698732115089,0.07557005648273638,0.07557005648273638,0.07557005648273638,4.0,0.12101929129813635,0.8789807087018636,0.07954416972811165
0.7537378384561041,0.7537378384561041,0.7537378384561041,0.07286695774840132,0.6175352211585029,0.6175352211585029,0.6175352211585029,0.10803883427951758,0.10803883427951758,0.10803883427951758,4.0,0.8005905939735813,0.19940940602641866,0.14996914059596522
0.9889383704225336,0.9889383704225336,0.9889383704225336,0.04450514985426255,0.44200032213767837,0.44200032213767837,0.44200032213767837,0.12146365588951401,0.12146365588951401,0.12146365588951401,4.0,0.37636399370259405,0.623636006297406,0.2139180195919185
0.7166276838209116,0.7166276838209116,0.7166276838209116,0.25133374476180065,0.38433813839597514,0.38433813839597514,0.38433813839597514,0.07781983037654276,0.07781983037654276,0.07781983037654276,4.0,0.27589455352733555,0.7241054464726644,0.16745818219361883
0.9461944338440749,0.9461944338440749,0.9461944338440749,0.11198305088283657,0.6574836726819677,0.6574836726819677,0.6574836726819677,0.04284002795588347,0.04284002795588347,0.04284002795588347,4.0,0.5063290266806887,0.4936709733193113,0.7157746569518925
0.7947589623247105,0.7947589623247105,0.7947589623247105,0.06802427409540837,0.4340766691191987,0.4340766691191987,0.4340766691191987,0.32871783101781865,0.32871783101781865,0.32871783101781865,4.0,0.10918049208476467,0.8908195079152353,0.42813715650139983
0.9972385285399017,0.9972385285399017,0.9972385285399017,0.21269017017717992,0.5123598809129275,0.5123598809129275,0.5123598809129275,0.42430015407393945,0.42430015407393945,0.42430015407393945,4.0,0.46710940004484197,0.5328905999551581,0.21836034179784033
0.6011314798383883,0.6011314798383883,0.6011314798383883,0.044905654528922284,0.3627072001997353,0.3627072001997353,0.3627072001997353,0.1768610968633106,0.1768610968633106,0.1768610968633106,4.0,0.6494683406337091,0.35053165936629094,0.01906034107951496
0.9049550944228211,0.9049550944228211,0.9049550944228211,0.42073563514534784,0.15113636642603404,0.15113636642603404,0.15113636642603404,0.03693228734034804,0.03693228734034804,0.03693228734034804,4.0,0.12564923332179984,0.8743507666782002,0.04213041882184586
0.916827563661946,0.916827563661946,0.916827563661946,0.08452946518070126,0.390742610373697,0.390742610373697,0.390742610373697,0.2597796259042564,0.2597796259042564,0.2597796259042564,4.0,0.5722740740193661,0.42772592598063386,0.3248361568155418
0.7288740852012642,0.7288740852012642,0.7288740852012642,0.0665833372836825,0.43125148194938523,0.43125148194938523,0.43125148194938523,0.2228367773236914,0.2228367773236914,0.2228367773236914,4.0,0.3375300684623336,0.6624699315376664,0.009181587363381316
0.7541629353697296,0.7541629353697296,0.7541629353697296,0.24842043303457315,0.46687225976144425,0.46687225976144425,0.46687225976144425,0.19502331498057557,0.19502331498057557,0.19502331498057557,4.0,0.45943048794988506,0.5405695120501149,0.18525211337513267
0.721849952125576,0.721849952125576,0.721849952125576,0.044852948151083795,0.32383731009676514,0.32383731009676514,0.32383731009676514,0.26900256333925,0.26900256333925,0.26900256333925,4.0,0.012199831475626739,0.9878001685243732,0.05923508216519481
0.9121996167853103,0.9121996167853103,0.9121996167853103,0.1917012259256178,0.5542492494477881,0.5542492494477881,0.5542492494477881,0.02154561787910225,0.02154561787910225,0.02154561787910225,4.0,0.14794220655891033,0.8520577934410897,0.15451035902518015
0.9730667480857267,0.9730667480857267,0.9730667480857267,0.3414493977229052,0.6203132904044327,0.6203132904044327,0.6203132904044327,0.34160015497207524,0.34160015497207524,0.34160015497207524,4.0,0.8405846865381985,0.1594153134618015,0.005118650600936276
0.8439139994977733,0.8439139994977733,0.8439139994977733,0.09595592344004876,0.4613406085932576,0.4613406085932576,0.4613406085932576,0.3154223472643512,0.3154223472643512,0.3154223472643512,4.0,0.466645834805905,0.533354165194095,0.5196004744128736
0.9889193010174261,0.9889193010174261,0.9889193010174261,0.03489770954660771,0.08701086336713909,0.08701086336713909,0.08701086336713909,0.04648721361810631,0.04648721361810631,0.04648721361810631,4.0,0.17820994352419015,0.8217900564758098,0.9054426381092646
0.9858547297226152,0.9858547297226152,0.9858547297226152,0.025951935760076823,0.2449017178053699,0.2449017178053699,0.2449017178053699,0.031312714968489995,0.031312714968489995,0.031312714968489995,4.0,0.3542582267599447,0.6457417732400552,0.7016751273691607
0.8622757733926701,0.8622757733926701,0.8622757733926701,0.09209040244606308,0.30686346147444254,0.30686346147444254,0.30686346147444254,0.2019534535554273,0.2019534535554273,0.2019534535554273,4.0,0.015665663886123688,0.9843343361138763,0.3888550332231593
0.5493475349719145,0.5493475349719145,0.5493475349719145,0.109257044789474,0.034266678047473,0.034266678047473,0.034266678047473,0.00835392343072852,0.00835392343072852,0.00835392343072852,4.0,0.4576649211268593,0.5423350788731407,0.1566500111597259
0.8856145538718005,0.8856145538718005,0.8856145538718005,0.07977520156995918,0.4504639249274025,0.4504639249274025,0.4504639249274025,0.35539196444500254,0.35539196444500254,0.35539196444500254,4.0,0.47720018930921393,0.5227998106907861,0.603302139895631
0.8826400361177619,0.8826400361177619,0.8826400361177619,0.21832108565683062,0.7742150590431559,0.7742150590431559,0.7742150590431559,0.005560115570542801,0.005560115570542801,0.005560115570542801,4.0,0.9477683302010479,0.05223166979895211,0.0867178498024253
0.9339473708014413,0.9339473708014413,0.9339473708014413,0.09833109680767314,0.17084521377025977,0.17084521377025977,0.17084521377025977,0.0019358715193542111,0.0019358715193542111,0.0019358715193542111,4.0,0.5259466043537137,0.47405339564628635,0.3695974108633886
0.6194252325067421,0.6194252325067421,0.6194252325067421,0.22488608445568004,0.453460568597009,0.453460568597009,0.453460568597009,0.12347088101342234,0.12347088101342234,0.12347088101342234,4.0,0.23339395210698768,0.7666060478930123,0.04374572304030659
0.7253622632399175,0.7253622632399175,0.7253622632399175,0.0626596089535834,0.6003376223133223,0.6003376223133223,0.6003376223133223,0.0008141339275928492,0.0008141339275928492,0.0008141339275928492,4.0,0.9599927717754818,0.04000722822451819,0.29315461062375303
0.5511356810246247,0.5511356810246247,0.5511356810246247,0.09395214945819852,0.09737463483380578,0.09737463483380578,0.09737463483380578,0.09621801465467819,0.09621801465467819,0.09621801465467819,4.0,0.8604193834387461,0.13958061656125387,0.08656124846251825
0.8456190104106232,0.8456190104106232,0.8456190104106232,0.19672040222577805,0.3195933210263575,0.3195933210263575,0.3195933210263575,0.09641102888962062,0.09641102888962062,0.09641102888962062,4.0,0.05106448835333465,0.9489355116466653,0.1984745623487111
0.5825381187425872,0.5825381187425872,0.5825381187425872,0.07387590709914015,0.3327212889032167,0.3327212889032167,0.3327212889032167,0.04826561977371796,0.04826561977371796,0.04826561977371796,4.0,0.3255749869829858,0.6744250130170142,0.3914933953561895
0.9504872083012534,0.9504872083012534,0.9504872083012534,0.03440652553184643,0.5181923510778749,0.5181923510778749,0.5181923510778749,0.12245797374685628,0.12245797374685628,0.12245797374685628,4.0,0.8251347458174785,0.17486525418252152,0.39898273302173526
0.7335565179741556,0.7335565179741556,0.7335565179741556,0.10067897140612138,0.5111948079370027,0.5111948079370027,0.5111948079370027,0.1372633572798721,0.1372633572798721,0.1372633572798721,4.0,0.2501140551370461,0.7498859448629539,0.276116108779717
0.9863096098672894,0.9863096098672894,0.9863096098672894,0.24238744466152673,0.7630739834120828,0.7630739834120828,0.7630739834120828,0.042140141245103825,0.042140141245103825,0.042140141245103825,4.0,0.5939335944562838,0.4060664055437162,0.4899593640665525
0.9561082686420542,0.9561082686420542,0.9561082686420542,0.03438556801646795,0.8564823028958434,0.8564823028958434,0.8564823028958434,0.031145127156575438,0.031145127156575438,0.031145127156575438,4.0,0.9866125664844799,0.013387433515520075,0.35664061776778855
0.8655709803631221,0.8655709803631221,0.8655709803631221,0.22885764605276437,0.41022185203172656,0.41022185203172656,0.41022185203172656,0.06683462365602047,0.06683462365602047,0.06683462365602047,4.0,0.7494542877189858,0.2505457122810142,0.2591019169810993
0.6618685065561356,0.6618685065561356,0.6618685065561356,0.10663129057367123,0.2841230477748622,0.2841230477748622,0.2841230477748622,0.01848407123904817,0.01848407123904817,0.01848407123904817,4.0,0.17808848827193557,0.8219115117280644,0.4004308152622935
0.36850625204510823,0.36850625204510823,0.36850625204510823,0.06764034396444925,0.23117477086656402,0.23117477086656402,0.23117477086656402,0.04921608668839727,0.04921608668839727,0.04921608668839727,4.0,0.2403754767571794,0.7596245232428206,0.004607564309292141
0.7680762497271081,0.7680762497271081,0.7680762497271081,0.09517190660912697,0.615315533631267,0.615315533631267,0.615315533631267,0.08885489707783417,0.08885489707783417,0.08885489707783417,4.0,0.5584374786039188,0.4415625213960812,0.24983283032252987
0.815412906831426,0.815412906831426,0.815412906831426,0.3338586841286277,0.4199319932921753,0.4199319932921753,0.4199319932921753,0.16800488175366535,0.16800488175366535,0.16800488175366535,4.0,0.710139908906656,0.289860091093344,0.13506376893937444
0.5319099485317271,0.5319099485317271,0.5319099485317271,0.04576917443367338,0.38729026992524557,0.38729026992524557,0.38729026992524557,0.04490071590610028,0.04490071590610028,0.04490071590610028,4.0,0.8899306992077278,0.11006930079227217,0.21590777290673316
0.695348044404169,0.695348044404169,0.695348044404169,0.2670290991856319,0.4599845910067279,0.4599845910067279,0.4599845910067279,0.21487389060969844,0.21487389060969844,0.21487389060969844,4.0,0.008200232231171993,0.9917997677688281,0.00035103888985876965
0.9865443151968839,0.9865443151968839,0.9865443151968839,0.30941952044394705,0.48910539227044647,0.48910539227044647,0.48910539227044647,0.3436347538999423,0.3436347538999423,0.3436347538999423,4.0,0.09767121834622823,0.9023287816537717,0.26412559412729986
0.9107564444810965,0.9107564444810965,0.9107564444810965,0.3691349500915305,0.7199277141914022,0.7199277141914022,0.7199277141914022,0.0614218825671339,0.0614218825671339,0.0614218825671339,4.0,0.005046020089305894,0.9949539799106941,0.06438385108507323
0.9996419073460722,0.9996419073460722,0.9996419073460722,0.27185269908146603,0.5491817284980072,0.5491817284980072,0.5491817284980072,0.10441706413216452,0.10441706413216452,0.10441706413216452,4.0,0.055153923382407814,0.9448460766175922,0.3325991992641178
0.9375070787908121,0.9375070787908121,0.9375070787908121,0.166135543996981,0.39924617009144636,0.39924617009144636,0.39924617009144636,0.30912347658162115,0.30912347658162115,0.30912347658162115,4.0,0.5077591373171956,0.4922408626828044,0.21945117720193663
0.6958481238718958,0.6958481238718958,0.6958481238718958,0.15357010308411886,0.2846174324135657,0.2846174324135657,0.2846174324135657,0.07180079634380451,0.07180079634380451,0.07180079634380451,4.0,0.8773617974461978,0.1226382025538022,0.22236799552599507
0.965530027863354,0.965530027863354,0.965530027863354,0.11070286965055028,0.1872692466809491,0.1872692466809491,0.1872692466809491,0.02724708239621356,0.02724708239621356,0.02724708239621356,4.0,0.7459624836872684,0.25403751631273164,0.31115485347912797
0.7197920684285448,0.7197920684285448,0.7197920684285448,0.16184429507180112,0.07868194869916045,0.07868194869916045,0.07868194869916045,0.013596869111489444,0.013596869111489444,0.013596869111489444,4.0,0.37018557196552904,0.629814428034471,0.2293243146773623
0.6261882132106538,0.6261882132106538,0.6261882132106538,0.07195294956545867,0.4612044338835284,0.4612044338835284,0.4612044338835284,0.04995251963160502,0.04995251963160502,0.04995251963160502,4.0,0.8950188557333715,0.10498114426662852,0.4038492429926872
0.773246294608017,0.773246294608017,0.773246294608017,0.20039219867838218,0.06647430028302795,0.06647430028302795,0.06647430028302795,0.029603463329219613,0.029603463329219613,0.029603463329219613,4.0,0.20409055479484467,0.7959094452051554,0.2582659115276908
0.7788299591617869,0.7788299591617869,0.7788299591617869,0.27325977309065985,0.3989445119261458,0.3989445119261458,0.3989445119261458,0.21541610031260827,0.21541610031260827,0.21541610031260827,4.0,0.08594700351715759,0.9140529964828424,0.2310724108297267
0.8694614878480339,0.8694614878480339,0.8694614878480339,0.180580608380694,0.3750754528000326,0.3750754528000326,0.3750754528000326,0.27240733539380485,0.27240733539380485,0.27240733539380485,4.0,0.4565897028346129,0.5434102971653871,0.4020698087159068
0.9342490688056087,0.9342490688056087,0.9342490688056087,0.31037555600527755,0.7065492464523996,0.7065492464523996,0.7065492464523996,0.012164826044295708,0.012164826044295708,0.012164826044295708,4.0,0.4130280848228148,0.5869719151771853,0.19914678739258607
0.9828657464909779,0.9828657464909779,0.9828657464909779,0.11887041116738381,0.5828639320335396,0.5828639320335396,0.5828639320335396,0.05706881524903145,0.05706881524903145,0.05706881524903145,4.0,0.3305968209130654,0.6694031790869346,0.12147662458015664
0.9786403073188429,0.9786403073188429,0.9786403073188429,0.16893634092426535,0.8521816418989816,0.8521816418989816,0.8521816418989816,0.051899404313110985,0.051899404313110985,0.051899404313110985,4.0,0.325025096261097,0.674974903738903,0.30011141363610416
0.8225765096857374,0.8225765096857374,0.8225765096857374,0.16868737074986762,0.3282137013094411,0.3282137013094411,0.3282137013094411,0.2962823069979777,0.2962823069979777,0.2962823069979777,4.0,0.8734551653527898,0.12654483464721022,0.29823667659491604
0.9554049949646207,0.9554049949646207,0.9554049949646207,0.2614457004261099,0.2345651213510561,0.2345651213510561,0.2345651213510561,0.046507316173037216,0.046507316173037216,0.046507316173037216,4.0,0.8507510578936747,0.14924894210632533,0.01734466634809227
0.9385102614289099,0.9385102614289099,0.9385102614289099,0.31624821990047675,0.6087787344567385,0.6087787344567385,0.6087787344567385,0.1319917592830202,0.1319917592830202,0.1319917592830202,4.0,0.1881789132552986,0.8118210867447014,0.00908224576577679
0.82763563981388,0.82763563981388,0.82763563981388,0.24123006721118934,0.28516763884722246,0.28516763884722246,0.28516763884722246,0.14626068085464475,0.14626068085464475,0.14626068085464475,4.0,0.993680896584181,0.006319103415818983,0.1099141128700694
0.8404258429726917,0.8404258429726917,0.8404258429726917,0.3285645356965845,0.333408568741942,0.333408568741942,0.333408568741942,0.18351048527095906,0.18351048527095906,0.18351048527095906,4.0,0.9737297328673624,0.02627026713263758,0.07208298915315119
0.9156362653237735,0.9156362653237735,0.9156362653237735,0.12109200246891452,0.7858949964540417,0.7858949964540417,0.7858949964540417,0.029212394253945236,0.029212394253945236,0.029212394253945236,4.0,0.8195653326733553,0.1804346673266447,0.47957567711408783
0.9317769532033531,0.9317769532033531,0.9317769532033531,0.14126465393739343,0.5468826066797399,0.5468826066797399,0.5468826066797399,0.036187697914369925,0.036187697914369925,0.036187697914369925,4.0,0.9562774344308521,0.043722565569147886,0.32341654087760846
0.9985971889180605,0.9985971889180605,0.9985971889180605,0.03180871876291017,0.6601126483807481,0.6601126483807481,0.6601126483807481,0.2332502670178454,0.2332502670178454,0.2332502670178454,4.0,0.8699305783988966,0.13006942160110335,0.32741680446230714
0.8830198859817714,0.8830198859817714,0.8830198859817714,0.17264958744509673,0.457984948660029,0.457984948660029,0.457984948660029,0.3123338284108952,0.3123338284108952,0.3123338284108952,4.0,0.1888155865870938,0.8111844134129063,0.10941066178858273
0.6895664577915346,0.6895664577915346,0.6895664577915346,0.16722736445534647,0.12855803024715068,0.12855803024715068,0.12855803024715068,0.10545167808656959,0.10545167808656959,0.10545167808656959,4.0,0.5330476040300535,0.46695239596994653,0.33548147827912084
0.8544969411586865,0.8544969411586865,0.8544969411586865,0.32815267239184165,0.1349071459490807,0.1349071459490807,0.1349071459490807,0.07022775855597792,0.07022775855597792,0.07022775855597792,4.0,0.4684459404231652,0.5315540595768349,0.11166943415561237
0.727495142614208,0.727495142614208,0.727495142614208,0.1705526124951812,0.34900845494525135,0.34900845494525135,0.34900845494525135,0.2908162123680512,0.2908162123680512,0.2908162123680512,4.0,0.3116133319394526,0.6883866680605474,0.2964623845923951
0.8563673150699,0.8563673150699,0.8563673150699,0.09570938958847092,0.394776714721631,0.394776714721631,0.394776714721631,0.2866695096063693,0.2866695096063693,0.2866695096063693,4.0,0.48392354883058275,0.5160764511694172,0.31411123963291576
0.962588289321191,0.962588289321191,0.962588289321191,0.18108303698960407,0.8531336719526819,0.8531336719526819,0.8531336719526819,0.04417239507959278,0.04417239507959278,0.04417239507959278,4.0,0.477871815098142,0.522128184901858,0.4895179415745652
0.9562680113229167,0.9562680113229167,0.9562680113229167,0.2314920485514012,0.8766009713738904,0.8766009713738904,0.8766009713738904,0.0756837301877144,0.0756837301877144,0.0756837301877144,4.0,0.3261608607741438,0.6738391392258563,0.34065162034420005
0.7056116021432324,0.7056116021432324,0.7056116021432324,0.04317944403404416,0.38631041733900995,0.38631041733900995,0.38631041733900995,0.23768604658910927,0.23768604658910927,0.23768604658910927,4.0,0.9945006691494553,0.005499330850544659,0.04556752451342707
0.912252096119469,0.912252096119469,0.912252096119469,0.12234883707687257,0.45434364697518526,0.45434364697518526,0.45434364697518526,0.12702377684416127,0.12702377684416127,0.12702377684416127,4.0,0.4439020336021505,0.5560979663978495,0.2958922908531664
0.9569678452444543,0.9569678452444543,0.9569678452444543,0.17772884429975247,0.5308464063768615,0.5308464063768615,0.5308464063768615,0.06376427419043507,0.06376427419043507,0.06376427419043507,4.0,0.9210095872663245,0.07899041273367546,0.20985693995027943
0.6320167755649154,0.6320167755649154,0.6320167755649154,0.12956997851614532,0.23728007575664137,0.23728007575664137,0.23728007575664137,0.1824697956470056,0.1824697956470056,0.1824697956470056,4.0,0.21433036254318813,0.7856696374568118,0.12204342618251571
0.9610212590209035,0.9610212590209035,0.9610212590209035,0.26784040185883007,0.6776979997119071,0.6776979997119071,0.6776979997119071,0.06421722275603811,0.06421722275603811,0.06421722275603811,4.0,0.3756440304000337,0.6243559695999663,0.3441849559657801
0.8870520442134477,0.8870520442134477,0.8870520442134477,0.09669899992576969,0.5536125103960787,0.5536125103960787,0.5536125103960787,0.17981148695766333,0.17981148695766333,0.17981148695766333,4.0,0.2206895764710791,0.7793104235289209,0.4638968323455765
0.9622274374738965,0.9622274374738965,0.9622274374738965,0.10366225418521621,0.9189163164573179,0.9189163164573179,0.9189163164573179,0.02028954559782118,0.02028954559782118,0.02028954559782118,4.0,0.6794607517552715,0.32053924824472846,0.10323351953634201
0.8112088178232519,0.8112088178232519,0.8112088178232519,0.10141257743092638,0.3991585739899592,0.3991585739899592,0.3991585739899592,0.27316504507514794,0.27316504507514794,0.27316504507514794,4.0,0.5382780935531114,0.4617219064468886,0.05457081293503069
0.9309415639906237,0.9309415639906237,0.9309415639906237,0.21469403247434213,0.3446219511442419,0.3446219511442419,0.3446219511442419,0.19357425186322286,0.19357425186322286,0.19357425186322286,4.0,0.9897813907671619,0.010218609232838127,0.00036108095105695
0.9744368912282685,0.9744368912282685,0.9744368912282685,0.09488283085901444,0.445197551824438,0.445197551824438,0.445197551824438,0.396333015250496,0.396333015250496,0.396333015250496,4.0,0.5297944715563038,0.47020552844369623,0.1879820212362351
0.7201737194167408,0.7201737194167408,0.7201737194167408,0.06284757978230525,0.18316103326464375,0.18316103326464375,0.18316103326464375,0.08258292212110618,0.08258292212110618,0.08258292212110618,4.0,0.36792576750775374,0.6320742324922463,0.41754483770485873
0.7348898376242449,0.7348898376242449,0.7348898376242449,0.2402767098090058,0.33034480637216884,0.33034480637216884,0.33034480637216884,0.2789418739931595,0.2789418739931595,0.2789418739931595,4.0,0.19417389166640106,0.8058261083335989,0.1912618290071616
0.9773113176695996,0.9773113176695996,0.9773113176695996,0.2609341040852578,0.40922652636268786,0.40922652636268786,0.40922652636268786,0.1280898647614729,0.1280898647614729,0.1280898647614729,4.0,0.2723530612076144,0.7276469387923856,0.12515327702934337
0.8259605660325884,0.8259605660325884,0.8259605660325884,0.1372778646858814,0.43518144673851367,0.43518144673851367,0.43518144673851367,0.0719304940684925,0.0719304940684925,0.0719304940684925,4.0,0.3399862533472633,0.6600137466527367,0.43386347766210076
0.8196482937172952,0.8196482937172952,0.8196482937172952,0.20296808835152333,0.2198106605492262,0.2198106605492262,0.2198106605492262,0.15164199035446413,0.15164199035446413,0.15164199035446413,4.0,0.11628384093752756,0.8837161590624725,0.36791224225403585
0.542784518467162,0.542784518467162,0.542784518467162,0.05152352430456004,0.20721974562335566,0.20721974562335566,0.20721974562335566,0.1309524148023698,0.1309524148023698,0.1309524148023698,4.0,0.06338462031488824,0.9366153796851118,0.13116170488628767
0.6658048830901073,0.6658048830901073,0.6658048830901073,0.09023781460172604,0.5488586650364475,0.5488586650364475,0.5488586650364475,0.059890347321506957,0.059890347321506957,0.059890347321506957,4.0,0.6028387704070493,0.39716122959295075,0.33793331969161633
0.897373424672849,0.897373424672849,0.897373424672849,0.2977788646485434,0.4276701810958046,0.4276701810958046,0.4276701810958046,0.04302349371570279,0.04302349371570279,0.04302349371570279,4.0,0.9184981362433641,0.08150186375663593,0.050935389812617915
0.9920917851123993,0.9920917851123993,0.9920917851123993,0.10638232407996741,0.5909279323873483,0.5909279323873483,0.5909279323873483,0.1105572861375354,0.1105572861375354,0.1105572861375354,4.0,0.6035339147835787,0.39646608521642135,0.774513560002579
0.9365453977592656,0.9365453977592656,0.9365453977592656,0.05323531772242489,0.7273141178546962,0.7273141178546962,0.7273141178546962,0.11155396901506957,0.11155396901506957,0.11155396901506957,4.0,0.8572026635680878,0.14279733643191217,0.22675218258797758
0.6819873191709289,0.6819873191709289,0.6819873191709289,0.2526652800329094,0.08780250110381516,0.08780250110381516,0.08780250110381516,0.021155671279936176,0.021155671279936176,0.021155671279936176,4.0,0.4505981750078295,0.5494018249921705,0.03643857762152948
0.7624649457527143,0.7624649457527143,0.7624649457527143,0.030196644765780222,0.18908217401650979,0.18908217401650979,0.18908217401650979,0.011905201136647902,0.011905201136647902,0.011905201136647902,4.0,0.9965114521530338,0.0034885478469661724,0.37753449541216877
0.9371839912193393,0.9371839912193393,0.9371839912193393,0.06803014294198503,0.5875998405134435,0.5875998405134435,0.5875998405134435,0.05966007972412635,0.05966007972412635,0.05966007972412635,4.0,0.4063019190990267,0.5936980809009733,0.41426842656004864
0.7009740649482905,0.7009740649482905,0.7009740649482905,0.22206479886716635,0.3147833801834934,0.3147833801834934,0.3147833801834934,0.18106986199213823,0.18106986199213823,0.18106986199213823,4.0,0.3563836548635269,0.6436163451364731,0.11099216755554465
0.9791222911742055,0.9791222911742055,0.9791222911742055,0.10909712572455371,0.13757088540816412,0.13757088540816412,0.13757088540816412,0.032422754383977334,0.032422754383977334,0.032422754383977334,4.0,0.7114518719728194,0.28854812802718055,0.117427430072421
0.6962945321145029,0.6962945321145029,0.6962945321145029,0.22521548651902146,0.3906579296869764,0.3906579296869764,0.3906579296869764,0.06545320784447313,0.06545320784447313,0.06545320784447313,4.0,0.36038233732788444,0.6396176626721155,0.17163970644782922
0.6800149698080332,0.6800149698080332,0.6800149698080332,0.20977402434194709,0.48793748066833675,0.48793748066833675,0.48793748066833675,0.11742067596869762,0.11742067596869762,0.11742067596869762,4.0,0.4707119183318055,0.5292880816681945,0.15901503078315837
0.8243636436716374,0.8243636436716374,0.8243636436716374,0.049874519568985386,0.3884527598579596,0.3884527598579596,0.3884527598579596,0.1839626957318213,0.1839626957318213,0.1839626957318213,4.0,0.6518436247726138,0.3481563752273862,0.43945690034480767
0.706082789635448,0.706082789635448,0.706082789635448,0.07673719141286557,0.22856722586333086,0.22856722586333086,0.22856722586333086,0.024537948852956556,0.024537948852956556,0.024537948852956556,4.0,0.81794850298894,0.18205149701106005,0.08256949965520205
0.6837560893252711,0.6837560893252711,0.6837560893252711,0.11480677091166631,0.4014232136973635,0.4014232136973635,0.4014232136973635,0.24628091290983917,0.24628091290983917,0.24628091290983917,4.0,0.03411586304847009,0.9658841369515299,0.44433334938076224
0.9603725854785087,0.9603725854785087,0.9603725854785087,0.1804079426981134,0.5337148489425183,0.5337148489425183,0.5337148489425183,0.14405577426195518,0.14405577426195518,0.14405577426195518,4.0,0.9045036438098217,0.09549635619017827,0.47883677952161957
0.6248277847507453,0.6248277847507453,0.6248277847507453,0.17003582151037622,0.25164886983239465,0.25164886983239465,0.25164886983239465,0.17920556256584536,0.17920556256584536,0.17920556256584536,4.0,0.692688610316448,0.307311389683552,0.11200715445303183
0.9847714098118571,0.9847714098118571,0.9847714098118571,0.46312479309680626,0.5137810021815336,0.5137810021815336,0.5137810021815336,0.4515041903143526,0.4515041903143526,0.4515041903143526,4.0,0.8149404178886501,0.18505958211134987,0.022498332531048038
0.7800328762796205,0.7800328762796205,0.7800328762796205,0.12889399423591763,0.5422364200410452,0.5422364200410452,0.5422364200410452,0.19578434060960123,0.19578434060960123,0.19578434060960123,4.0,0.18169619759092193,0.8183038024090781,0.4132965949469301
0.9788857487608263,0.9788857487608263,0.9788857487608263,0.06971227622430831,0.3506434511045928,0.3506434511045928,0.3506434511045928,0.09674836041478112,0.09674836041478112,0.09674836041478112,4.0,0.36605353291512255,0.6339464670848775,0.4616893342848641
0.8391550709878253,0.8391550709878253,0.8391550709878253,0.11370356707679811,0.6368032571292416,0.6368032571292416,0.6368032571292416,0.18120603899413995,0.18120603899413995,0.18120603899413995,4.0,0.805771935760777,0.194228064239223,0.048525770217737796
0.6148183776559186,0.6148183776559186,0.6148183776559186,0.24671146348727732,0.3142114725142411,0.3142114725142411,0.3142114725142411,0.2011500988976705,0.2011500988976705,0.2011500988976705,4.0,0.8597928399830377,0.14020716001696232,0.08171250475377863
0.7579351961589178,0.7579351961589178,0.7579351961589178,0.06688295629787985,0.4082203499952351,0.4082203499952351,0.4082203499952351,0.20058156985663098,0.20058156985663098,0.20058156985663098,4.0,0.6425102181327929,0.35748978186720715,0.19477387196817555
0.9642971320354088,0.9642971320354088,0.9642971320354088,0.23013466812615008,0.5836067163586013,0.5836067163586013,0.5836067163586013,0.07530168997112156,0.07530168997112156,0.07530168997112156,4.0,0.6402848834805339,0.3597151165194661,0.3041485011671566
0.7959697317341305,0.7959697317341305,0.7959697317341305,0.13181117798761446,0.4477372424702674,0.4477372424702674,0.4477372424702674,0.11772966508676126,0.11772966508676126,0.11772966508676126,4.0,0.3543583209887352,0.6456416790112648,0.20513601531431763
0.990986512598786,0.990986512598786,0.990986512598786,0.2615562248590649,0.5882000554950013,0.5882000554950013,0.5882000554950013,0.04215126847994514,0.04215126847994514,0.04215126847994514,4.0,0.32139557169309013,0.6786044283069099,0.08765392789067482
0.9950869791741652,0.9950869791741652,0.9950869791741652,0.12568402871917342,0.353770108930021,0.353770108930021,0.353770108930021,0.2158006449486154,0.2158006449486154,0.2158006449486154,4.0,0.6449876873544004,0.3550123126455996,0.6728492359011902
0.7832042854172293,0.7832042854172293,0.7832042854172293,0.19715064821458855,0.7054749318031661,0.7054749318031661,0.7054749318031661,0.006464262673254245,0.006464262673254245,0.006464262673254245,4.0,0.806714013415238,0.19328598658476204,0.0009474326638153218
0.8092007150708544,0.8092007150708544,0.8092007150708544,0.1326849577731839,0.661534764836332,0.661534764836332,0.661534764836332,0.08074232074376443,0.08074232074376443,0.08074232074376443,4.0,0.5521851279180516,0.44781487208194837,0.44400525118225825
0.9149290396246136,0.9149290396246136,0.9149290396246136,0.03974793189764573,0.8047166830551303,0.8047166830551303,0.8047166830551303,0.10225969091880581,0.10225969091880581,0.10225969091880581,4.0,0.9795944823226219,0.020405517677378082,0.7440742231217424
0.7872247932958611,0.7872247932958611,0.7872247932958611,0.08795072461606383,0.3162903712577647,0.3162903712577647,0.3162903712577647,0.11456916153880543,0.11456916153880543,0.11456916153880543,4.0,0.32370726124011695,0.676292738759883,0.48359001527550544
0.9644267741848072,0.9644267741848072,0.9644267741848072,0.16028403902358132,0.4354583671630691,0.4354583671630691,0.4354583671630691,0.23570075033430024,0.23570075033430024,0.23570075033430024,4.0,0.7872604580921898,0.2127395419078102,0.43374274541093766
0.957672920578034,0.957672920578034,0.957672920578034,0.26656564059498733,0.20082116054548887,0.20082116054548887,0.20082116054548887,0.14685888923680854,0.14685888923680854,0.14685888923680854,4.0,0.5417007981546998,0.45829920184530015,0.07035030323270587
0.8103041240639948,0.8103041240639948,0.8103041240639948,0.10552892456270703,0.7041402877831419,0.7041402877831419,0.7041402877831419,0.07253407412882505,0.07253407412882505,0.07253407412882505,4.0,0.5755189422083941,0.42448105779160594,0.5854663906579428
0.9273262446694508,0.9273262446694508,0.9273262446694508,0.03484621778973721,0.5309220520852526,0.5309220520852526,0.5309220520852526,0.2682093646443293,0.2682093646443293,0.2682093646443293,4.0,0.3310684405087248,0.6689315594912753,0.7267705253979888
0.948060137953828,0.948060137953828,0.948060137953828,0.17647758561297058,0.5769114969209834,0.5769114969209834,0.5769114969209834,0.13040055030998546,0.13040055030998546,0.13040055030998546,4.0,0.8247708752372119,0.17522912476278807,0.5012284793885028
0.7892419726174108,0.7892419726174108,0.7892419726174108,0.03597164921015614,0.4160575068512345,0.4160575068512345,0.4160575068512345,0.15220285393180014,0.15220285393180014,0.15220285393180014,4.0,0.9819913686702486,0.01800863132975139,0.32876234701777923
0.9382523180390476,0.9382523180390476,0.9382523180390476,0.10267770977810506,0.6124433306456458,0.6124433306456458,0.6124433306456458,0.12113896284994194,0.12113896284994194,0.12113896284994194,4.0,0.03142328429120876,0.9685767157087912,0.6638014963429835
0.7128574941994027,0.7128574941994027,0.7128574941994027,0.10775720634957221,0.292440353437623,0.292440353437623,0.292440353437623,0.2730840892492948,0.2730840892492948,0.2730840892492948,4.0,0.128979490106121,0.871020509893879,0.0826411671767283
0.6552797888347954,0.6552797888347954,0.6552797888347954,0.19316371254969072,0.44512916021212995,0.44512916021212995,0.44512916021212995,0.18815841291889027,0.18815841291889027,0.18815841291889027,4.0,0.841256535026539,0.15874346497346103,0.21241667868558747
0.9723222672398346,0.9723222672398346,0.9723222672398346,0.19452577421920683,0.6930336846473786,0.6930336846473786,0.6930336846473786,0.163201060626399,0.163201060626399,0.163201060626399,4.0,0.6993640790358784,0.3006359209641216,0.46449164855197966
0.9384332921693626,0.9384332921693626,0.9384332921693626,0.2503081520412322,0.5223492748087394,0.5223492748087394,0.5223492748087394,0.12297872966473772,0.12297872966473772,0.12297872966473772,4.0,0.3002778743336963,0.6997221256663038,0.3217597783828962
0.9601300666883259,0.9601300666883259,0.9601300666883259,0.23969628894881162,0.3711794198292508,0.3711794198292508,0.3711794198292508,0.31993870287906334,0.31993870287906334,0.31993870287906334,4.0,0.2756999373639325,0.7243000626360675,0.13431610320253673
0.9803661950395867,0.9803661950395867,0.9803661950395867,0.08838054695642626,0.49639943100145795,0.49639943100145795,0.49639943100145795,0.31209225471947616,0.31209225471947616,0.31209225471947616,4.0,0.7012782687173552,0.2987217312826448,0.6184944360420904
0.8642236417811754,0.8642236417811754,0.8642236417811754,0.17410203398918717,0.5048689069800074,0.5048689069800074,0.5048689069800074,0.31477429280776703,0.31477429280776703,0.31477429280776703,4.0,0.9799961145259888,0.020003885474011218,0.25987997209346464
0.9641966994362606,0.9641966994362606,0.9641966994362606,0.043478799511093326,0.465926961034461,0.465926961034461,0.465926961034461,0.2341533657901453,0.2341533657901453,0.2341533657901453,4.0,0.6737921692621068,0.32620783073789317,0.583770417976139
0.6378471773403457,0.6378471773403457,0.6378471773403457,0.29397281355504834,0.5158017224369661,0.5158017224369661,0.5158017224369661,0.011168188917746501,0.011168188917746501,0.011168188917746501,4.0,0.7989877266949349,0.2010122733050651,0.037120992183900574
0.7455547374342728,0.7455547374342728,0.7455547374342728,0.13587839118780037,0.40237246022036266,0.40237246022036266,0.40237246022036266,0.21539192617490652,0.21539192617490652,0.21539192617490652,4.0,0.5179989895374424,0.4820010104625576,0.28840255868598236
0.8048169090707733,0.8048169090707733,0.8048169090707733,0.09489887015928991,0.27527410262480156,0.27527410262480156,0.27527410262480156,0.2568594306006997,0.2568594306006997,0.2568594306006997,4.0,0.5042984673613359,0.4957015326386641,0.5514674233528323
0.9248634049015896,0.9248634049015896,0.9248634049015896,0.026780644473667996,0.4357564203933741,0.4357564203933741,0.4357564203933741,0.021611873744289,0.021611873744289,0.021611873744289,4.0,0.2477979757187671,0.7522020242812328,0.30084225720554075
0.9452168404661092,0.9452168404661092,0.9452168404661092,0.07552759358740173,0.4305470509529558,0.4305470509529558,0.4305470509529558,0.3250963898007335,0.3250963898007335,0.3250963898007335,4.0,0.18479669103398483,0.8152033089660151,0.2547030545118676
0.8130806021180531,0.8130806021180531,0.8130806021180531,0.27678413652513134,0.3355016013566785,0.3355016013566785,0.3355016013566785,0.25739826490906453,0.25739826490906453,0.25739826490906453,4.0,0.5323895974450671,0.4676104025549329,0.055056867908516
0.9712797370036261,0.9712797370036261,0.9712797370036261,0.3272413509890973,0.5808280207082739,0.5808280207082739,0.5808280207082739,0.1444103356489261,0.1444103356489261,0.1444103356489261,4.0,0.08480764476690078,0.9151923552330992,0.30767905627651815
0.9728998830041067,0.9728998830041067,0.9728998830041067,0.07496517651011825,0.5683437065337681,0.5683437065337681,0.5683437065337681,0.13143038854352704,0.13143038854352704,0.13143038854352704,4.0,0.6982774800528713,0.30172251994712873,0.5792669661093669
0.9667712839766418,0.9667712839766418,0.9667712839766418,0.2813686739001884,0.28134037637308845,0.28134037637308845,0.28134037637308845,0.10537170345714773,0.10537170345714773,0.10537170345714773,4.0,0.5836391729925932,0.41636082700740684,0.3472563708953798
0.8170200408314316,0.8170200408314316,0.8170200408314316,0.17626865374403353,0.7213670493593162,0.7213670493593162,0.7213670493593162,0.05835283212345148,0.05835283212345148,0.05835283212345148,4.0,0.5721189396438866,0.4278810603561134,0.3137708313386712
0.6768644386316474,0.6768644386316474,0.6768644386316474,0.042397850627394366,0.5515928834016829,0.5515928834016829,0.5515928834016829,0.0503865081945482,0.0503865081945482,0.0503865081945482,4.0,0.31813747034841394,0.6818625296515861,0.5044633989066185
0.8305992987788583,0.8305992987788583,0.8305992987788583,0.19700138536435813,0.23872483326205743,0.23872483326205743,0.23872483326205743,0.11933772871446677,0.11933772871446677,0.11933772871446677,4.0,0.9516107563882513,0.04838924361174868,0.08077036696103383
0.7549105587154074,0.7549105587154074,0.7549105587154074,0.25769769390827857,0.47992522836621193,0.47992522836621193,0.47992522836621193,0.08871385248568309,0.08871385248568309,0.08871385248568309,4.0,0.9766235769279217,0.023376423072078323,0.18116864410756686
0.8415249434513702,0.8415249434513702,0.8415249434513702,0.07575087053475364,0.29715472873058946,0.29715472873058946,0.29715472873058946,0.13316420278635685,0.13316420278635685,0.13316420278635685,4.0,0.7879015949133341,0.2120984050866659,0.1468143394794146
0.7197763970057659,0.7197763970057659,0.7197763970057659,0.0313813713344133,0.6064351474362258,0.6064351474362258,0.6064351474362258,0.10406754127217564,0.10406754127217564,0.10406754127217564,4.0,0.9033967185675682,0.0966032814324318,0.4553877190164301
0.6922881723946434,0.6922881723946434,0.6922881723946434,0.045122701576050424,0.18507152358336781,0.18507152358336781,0.18507152358336781,0.007218815076038734,0.007218815076038734,0.007218815076038734,4.0,0.6767921713241605,0.3232078286758395,0.09198272952566462
0.822361178977728,0.822361178977728,0.822361178977728,0.04082641893151199,0.33295037574500286,0.33295037574500286,0.33295037574500286,0.07656080065238145,0.07656080065238145,0.07656080065238145,4.0,0.012831555704746533,0.9871684442952535,0.2834907305476698
0.9607284366633865,0.9607284366633865,0.9607284366633865,0.12855278590768743,0.43553517338636727,0.43553517338636727,0.43553517338636727,0.33125302930061834,0.33125302930061834,0.33125302930061834,4.0,0.7476749861820097,0.25232501381799033,0.24947408005031776
0.9140336415846319,0.9140336415846319,0.9140336415846319,0.03384197554683213,0.6689920084645459,0.6689920084645459,0.6689920084645459,0.013534327172955973,0.013534327172955973,0.013534327172955973,4.0,0.7663959344379121,0.2336040655620879,0.32188994713215935
0.4196886006517468,0.4196886006517468,0.4196886006517468,0.06094322941278197,0.30726389538968973,0.30726389538968973,0.30726389538968973,0.07268679132366294,0.07268679132366294,0.07268679132366294,4.0,0.8095840614501812,0.19041593854981875,0.11188406234871899
0.9035742646826592,0.9035742646826592,0.9035742646826592,0.06528469874636116,0.10366416918533479,0.10366416918533479,0.10366416918533479,0.06461049338062691,0.06461049338062691,0.06461049338062691,4.0,0.3870200114872375,0.6129799885127625,0.34471203757476276
0.6211033169204041,0.6211033169204041,0.6211033169204041,0.039548228341646445,0.3186038480979024,0.3186038480979024,0.3186038480979024,0.25806925828866084,0.25806925828866084,0.25806925828866084,4.0,0.16526667206878543,0.8347333279312146,0.16324532086009305
0.8607866872985591,0.8607866872985591,0.8607866872985591,0.11318902917816906,0.42939061956458535,0.42939061956458535,0.42939061956458535,0.3201512219894547,0.3201512219894547,0.3201512219894547,4.0,0.02663682627045143,0.9733631737295486,0.26874339303733236
0.9567068960667684,0.9567068960667684,0.9567068960667684,0.0723414917165993,0.40162352816731006,0.40162352816731006,0.40162352816731006,0.07631577057304384,0.07631577057304384,0.07631577057304384,4.0,0.8491332415124087,0.15086675848759135,0.7666017979782996
0.9074213204264854,0.9074213204264854,0.9074213204264854,0.12692744577618117,0.3094129551048136,0.3094129551048136,0.3094129551048136,0.1137373519752714,0.1137373519752714,0.1137373519752714,4.0,0.5616192512609832,0.4383807487390168,0.23879727140058105
0.9299363487969243,0.9299363487969243,0.9299363487969243,0.09089719105133236,0.3779274900359866,0.3779274900359866,0.3779274900359866,0.007418960867617126,0.007418960867617126,0.007418960867617126,4.0,0.6030603913262147,0.3969396086737853,0.026720954483914948
0.580030704247811,0.580030704247811,0.580030704247811,0.16304569904972627,0.45795885454684193,0.45795885454684193,0.45795885454684193,0.050877804013282305,0.050877804013282305,0.050877804013282305,4.0,0.0680644626489407,0.9319355373510593,0.01753807193752167
0.8299591349149781,0.8299591349149781,0.8299591349149781,0.05953921259677177,0.48715720851308564,0.48715720851308564,0.48715720851308564,0.3339782669879757,0.3339782669879757,0.3339782669879757,4.0,0.4462892906474731,0.5537107093525269,0.6434271988909386
0.7018385562294635,0.7018385562294635,0.7018385562294635,0.044078312486828766,0.36051419118410544,0.36051419118410544,0.36051419118410544,0.16885468976495072,0.16885468976495072,0.16885468976495072,4.0,0.3876017090306266,0.6123982909693735,0.2802410197872645
0.9561370720641316,0.9561370720641316,0.9561370720641316,0.31747085887565135,0.481233086824312,0.481233086824312,0.481233086824312,0.3143496672826581,0.3143496672826581,0.3143496672826581,4.0,0.4905266208624333,0.5094733791375667,0.031521135625403915
0.9802015028059123,0.9802015028059123,0.9802015028059123,0.2544125151033124,0.25529891414419215,0.25529891414419215,0.25529891414419215,0.17155703994416874,0.17155703994416874,0.17155703994416874,4.0,0.5914574701701083,0.4085425298298917,0.37629883268631087
0.819591852658374,0.819591852658374,0.819591852658374,0.2908266791162127,0.6453816736141121,0.6453816736141121,0.6453816736141121,0.1474695403133006,0.1474695403133006,0.1474695403133006,4.0,0.6105340478490083,0.38946595215099167,0.0393782789017217
0.9672902934326636,0.9672902934326636,0.9672902934326636,0.052283811663281214,0.5127227593713777,0.5127227593713777,0.5127227593713777,0.4135443750603353,0.4135443750603353,0.4135443750603353,4.0,0.4689786608291563,0.5310213391708437,0.21709541266569085
0.9642872691055318,0.9642872691055318,0.9642872691055318,0.16222337950761517,0.5967859260224337,0.5967859260224337,0.5967859260224337,0.1348528700919084,0.1348528700919084,0.1348528700919084,4.0,0.5325593896175173,0.46744061038248275,0.11208731384789491
0.9817013112532483,0.9817013112532483,0.9817013112532483,0.2752281955846656,0.7461057033400977,0.7461057033400977,0.7461057033400977,0.17849975431374496,0.17849975431374496,0.17849975431374496,4.0,0.20611369398561039,0.7938863060143896,0.15473464235645837
0.9375929809248572,0.9375929809248572,0.9375929809248572,0.13644106327991756,0.118990361231081,0.118990361231081,0.118990361231081,0.032136192258997484,0.032136192258997484,0.032136192258997484,4.0,0.2561830073303344,0.7438169926696656,0.06155750263294855
0.7709149396155809,0.7709149396155809,0.7709149396155809,0.054785290023464266,0.5094162390190379,0.5094162390190379,0.5094162390190379,0.01587240989882399,0.01587240989882399,0.01587240989882399,4.0,0.16244473771713797,0.837555262282862,0.4156455793726545
0.9906332055615222,0.9906332055615222,0.9906332055615222,0.07097978519965882,0.18397346863206995,0.18397346863206995,0.18397346863206995,0.15156195680193152,0.15156195680193152,0.15156195680193152,4.0,0.4217429732492615,0.5782570267507385,0.43512958885258257
0.6449476175128205,0.6449476175128205,0.6449476175128205,0.09004349187042014,0.30701726840079313,0.30701726840079313,0.30701726840079313,0.15217246557130296,0.15217246557130296,0.15217246557130296,4.0,0.7452731784008381,0.25472682159916193,0.20478107552876232
0.8952918500695118,0.8952918500695118,0.8952918500695118,0.2927399333468038,0.6518063905140158,0.6518063905140158,0.6518063905140158,0.04075684004732854,0.04075684004732854,0.04075684004732854,4.0,0.5024708019767031,0.49752919802329687,0.07360426008639222
0.7885715472791072,0.7885715472791072,0.7885715472791072,0.12223761140820978,0.5432457839938754,0.5432457839938754,0.5432457839938754,0.08785051059973602,0.08785051059973602,0.08785051059973602,4.0,0.9619575912539784,0.038042408746021605,0.11235494557052964
0.9949396549869368,0.9949396549869368,0.9949396549869368,0.377754821494791,0.5107755053805922,0.5107755053805922,0.5107755053805922,0.28413186255420914,0.28413186255420914,0.28413186255420914,4.0,0.46241818274825663,0.5375818172517434,0.17237210782986243
0.931972066414795,0.931972066414795,0.931972066414795,0.1572396363770042,0.44344586170697525,0.44344586170697525,0.44344586170697525,0.3063256293157702,0.3063256293157702,0.3063256293157702,4.0,0.829709879825878,0.17029012017412204,0.4321154107836028
0.920310131556031,0.920310131556031,0.920310131556031,0.15568369646003644,0.40068182420379195,0.40068182420379195,0.40068182420379195,0.32125794412051023,0.32125794412051023,0.32125794412051023,4.0,0.10228107232243924,0.8977189276775608,0.5033745391823579
0.8821947585314115,0.8821947585314115,0.8821947585314115,0.17297254032202897,0.4157481627279439,0.4157481627279439,0.4157481627279439,0.018437071040179873,0.018437071040179873,0.018437071040179873,4.0,0.9110929143523445,0.08890708564765548,0.2800513112071294
0.7310920836676061,0.7310920836676061,0.7310920836676061,0.030454464452366273,0.31782781775164337,0.31782781775164337,0.31782781775164337,0.22958558500878365,0.22958558500878365,0.22958558500878365,4.0,0.5782929851427143,0.4217070148572857,0.0028812191448811487
0.7407599767475095,0.7407599767475095,0.7407599767475095,0.17844008448100063,0.27768323924001337,0.27768323924001337,0.27768323924001337,0.205257471922653,0.205257471922653,0.205257471922653,4.0,0.7730277844326822,0.22697221556731784,0.1289839629542161
0.9846916991154555,0.9846916991154555,0.9846916991154555,0.2705236836248803,0.5144433551279546,0.5144433551279546,0.5144433551279546,0.04144923133066409,0.04144923133066409,0.04144923133066409,4.0,0.2201397187981867,0.7798602812018133,0.1267099433323656
0.9080092224025339,0.9080092224025339,0.9080092224025339,0.04731549009810944,0.15773047323569872,0.15773047323569872,0.15773047323569872,0.016644047720718206,0.016644047720718206,0.016644047720718206,4.0,0.4136648885131796,0.5863351114868204,0.16373597435510068
0.3999168104107815,0.3999168104107815,0.3999168104107815,0.06430723143176452,0.20381663381201381,0.20381663381201381,0.20381663381201381,0.04368612597949153,0.04368612597949153,0.04368612597949153,4.0,0.0671074172075506,0.9328925827924494,0.12243466902352568
0.9522593652690077,0.9522593652690077,0.9522593652690077,0.10665484153434157,0.31321427384239353,0.31321427384239353,0.31321427384239353,0.3029621021833744,0.3029621021833744,0.3029621021833744,4.0,0.5272233085227663,0.47277669147723367,0.425894699749093
0.8480718071774441,0.8480718071774441,0.8480718071774441,0.07546535283456775,0.37877491079462117,0.37877491079462117,0.37877491079462117,0.26771224373318925,0.26771224373318925,0.26771224373318925,4.0,0.5670162600157781,0.4329837399842219,0.027948832938025473
0.8112509145408358,0.8112509145408358,0.8112509145408358,0.055978407959151905,0.4289455755136808,0.4289455755136808,0.4289455755136808,0.11243981010580856,0.11243981010580856,0.11243981010580856,4.0,0.6977173944163032,0.3022826055836968,0.014508892286090253
0.8332385752402875,0.8332385752402875,0.8332385752402875,0.026927379323698264,0.4353022798129206,0.4353022798129206,0.4353022798129206,0.35289261236222275,0.35289261236222275,0.35289261236222275,4.0,0.06294371498137605,0.9370562850186239,0.7281546130913727
0.7652797950969237,0.7652797950969237,0.7652797950969237,0.1713241533928824,0.34655540515320454,0.34655540515320454,0.34655540515320454,0.2584535640119652,0.2584535640119652,0.2584535640119652,4.0,0.8797603765887285,0.12023962341127148,0.3343251597106716
0.8974245433399894,0.8974245433399894,0.8974245433399894,0.14725312607175634,0.2148306538435109,0.2148306538435109,0.2148306538435109,0.19660285953098092,0.19660285953098092,0.19660285953098092,4.0,0.527047514055002,0.47295248594499795,0.19712835307921275
0.5848881339759648,0.5848881339759648,0.5848881339759648,0.13449614073906146,0.2172826487189558,0.2172826487189558,0.2172826487189558,0.18423826835073573,0.18423826835073573,0.18423826835073573,4.0,0.11329909111570745,0.8867009088842925,0.004720554539974932
0.9446778251772897,0.9446778251772897,0.9446778251772897,0.18479530830086474,0.6359460912038541,0.6359460912038541,0.6359460912038541,0.023900646941351918,0.023900646941351918,0.023900646941351918,4.0,0.6009914599788074,0.39900854002119257,0.13345308137884007
0.9963603751130639,0.9963603751130639,0.9963603751130639,0.08497205427280634,0.615711043707998,0.615711043707998,0.615711043707998,0.22402164528189802,0.22402164528189802,0.22402164528189802,4.0,0.09808144573770128,0.9019185542622987,0.37076107626149596
0.8657961607274237,0.8657961607274237,0.8657961607274237,0.28817191432355654,0.07563890817418552,0.07563890817418552,0.07563890817418552,0.04632443185222142,0.04632443185222142,0.04632443185222142,4.0,0.6348660101121971,0.3651339898878029,0.2020819273430254
0.9707858245184935,0.9707858245184935,0.9707858245184935,0.22055938951344825,0.7003062610049129,0.7003062610049129,0.7003062610049129,0.04247990086452592,0.04247990086452592,0.04247990086452592,4.0,0.03906393942346396,0.960936060576536,0.006927292367230955
0.9596481794834336,0.9596481794834336,0.9596481794834336,0.29503541516482035,0.4509630365810291,0.4509630365810291,0.4509630365810291,0.2161603056381164,0.2161603056381164,0.2161603056381164,4.0,0.3084408888843893,0.6915591111156107,0.12953743977349808
0.9854406487111482,0.9854406487111482,0.9854406487111482,0.08662686760916741,0.5381340676420211,0.5381340676420211,0.5381340676420211,0.2100367295967299,0.2100367295967299,0.2100367295967299,4.0,0.586082356353658,0.413917643646342,0.2656290503322375
0.9519111127065522,0.9519111127065522,0.9519111127065522,0.1810971430711802,0.5337873967882059,0.5337873967882059,0.5337873967882059,0.07020146007474805,0.07020146007474805,0.07020146007474805,4.0,0.9731238203615742,0.026876179638425812,0.381030677546138
0.8317755341609713,0.8317755341609713,0.8317755341609713,0.13121973417898547,0.5751180236211054,0.5751180236211054,0.5751180236211054,0.1830211336137528,0.1830211336137528,0.1830211336137528,4.0,0.47194981788190365,0.5280501821180963,0.4355157502635798
0.7584674501863751,0.7584674501863751,0.7584674501863751,0.10068949754251884,0.45078935934546427,0.45078935934546427,0.45078935934546427,0.06691941099530349,0.06691941099530349,0.06691941099530349,4.0,0.9496130156925955,0.050386984307404514,0.5110936678642549
0.952936593928663,0.952936593928663,0.952936593928663,0.09659476775208926,0.6819567609844067,0.6819567609844067,0.6819567609844067,0.014607865164880645,0.014607865164880645,0.014607865164880645,4.0,0.8231483494136721,0.1768516505863279,0.20137464510185363
0.8656300831203626,0.8656300831203626,0.8656300831203626,0.26199935556977727,0.2863836693258512,0.2863836693258512,0.2863836693258512,0.12420761799844757,0.12420761799844757,0.12420761799844757,4.0,0.7597722995414214,0.24022770045857855,0.11905079302522134
0.8971754889063193,0.8971754889063193,0.8971754889063193,0.12170802597300767,0.440986853082368,0.440986853082368,0.440986853082368,0.2655993924590941,0.2655993924590941,0.2655993924590941,4.0,0.3417840314643405,0.6582159685356594,0.5922651189360629
0.9204182664974725,0.9204182664974725,0.9204182664974725,0.3659591021414994,0.22454963056624058,0.22454963056624058,0.22454963056624058,0.18358429663584483,0.18358429663584483,0.18358429663584483,4.0,0.4072625885070893,0.5927374114929107,0.18146783104074435
0.8979735391827975,0.8979735391827975,0.8979735391827975,0.13652045498869408,0.5619650914411517,0.5619650914411517,0.5619650914411517,0.13523593166797396,0.13523593166797396,0.13523593166797396,4.0,0.014384878101753665,0.9856151218982463,0.10546650392305532
0.8056542918386176,0.8056542918386176,0.8056542918386176,0.19640740695490608,0.5162523845719329,0.5162523845719329,0.5162523845719329,0.105249910862939,0.105249910862939,0.105249910862939,4.0,0.4049212179832573,0.5950787820167427,0.3353506055530842
0.9414403560982902,0.9414403560982902,0.9414403560982902,0.1148177150616625,0.4621576170534781,0.4621576170534781,0.4621576170534781,0.25343926663365735,0.25343926663365735,0.25343926663365735,4.0,0.953857108027257,0.046142891972743016,0.6796848210150203
0.9797395720586934,0.9797395720586934,0.9797395720586934,0.18016589766328092,0.4676384069303368,0.4676384069303368,0.4676384069303368,0.2568007671421816,0.2568007671421816,0.2568007671421816,4.0,0.439590351505216,0.560409648494784,0.5677200280486977
0.3741342142138649,0.3741342142138649,0.3741342142138649,0.04082803676696867,0.11498700153868277,0.11498700153868277,0.11498700153868277,0.00797021589447387,0.00797021589447387,0.00797021589447387,4.0,0.2634706646375734,0.7365293353624266,0.0003075841303198875
0.7712502612120502,0.7712502612120502,0.7712502612120502,0.21754220622443632,0.20276990554150987,0.20276990554150987,0.20276990554150987,0.14876149749456663,0.14876149749456663,0.14876149749456663,4.0,0.45538861108703155,0.5446113889129685,0.10150038700671626
0.5038090429296892,0.5038090429296892,0.5038090429296892,0.029066518773730416,0.2060821381137143,0.2060821381137143,0.2060821381137143,0.1887193896889404,0.1887193896889404,0.1887193896889404,4.0,0.8030740456470372,0.19692595435296278,0.1976558799017681
0.9468142345673612,0.9468142345673612,0.9468142345673612,0.05716798980028062,0.34936286509051145,0.34936286509051145,0.34936286509051145,0.2866966774930857,0.2866966774930857,0.2866966774930857,4.0,0.1927531136893135,0.8072468863106865,0.6775910893006146
0.9802132631313943,0.9802132631313943,0.9802132631313943,0.1671204633390471,0.6838999504426477,0.6838999504426477,0.6838999504426477,0.12206097144901093,0.12206097144901093,0.12206097144901093,4.0,0.6417224286569326,0.35827757134306737,0.45599685234480475
0.886400808461713,0.886400808461713,0.886400808461713,0.28176869053036474,0.4252354250398882,0.4252354250398882,0.4252354250398882,0.3176091875636162,0.3176091875636162,0.3176091875636162,4.0,0.6673445987514001,0.33265540124859994,0.04541362130658756
0.9553946048024622,0.9553946048024622,0.9553946048024622,0.09578317348533587,0.4360681005765854,0.4360681005765854,0.4360681005765854,0.30126783178522815,0.30126783178522815,0.30126783178522815,4.0,0.2762715028264421,0.7237284971735579,0.1706964031299267
0.8915381854943996,0.8915381854943996,0.8915381854943996,0.22966104616300445,0.5600136579841374,0.5600136579841374,0.5600136579841374,0.13441115148939714,0.13441115148939714,0.13441115148939714,4.0,0.5262857907054429,0.4737142092945571,0.17010112981717002
0.7922317597834095,0.7922317597834095,0.7922317597834095,0.045417837143145574,0.14372399840317382,0.14372399840317382,0.14372399840317382,0.10342606044897792,0.10342606044897792,0.10342606044897792,4.0,0.8339052952794659,0.16609470472053411,0.36315675592291
0.7781787168452186,0.7781787168452186,0.7781787168452186,0.1347789827067618,0.4826360557440198,0.4826360557440198,0.4826360557440198,0.2822322956388256,0.2822322956388256,0.2822322956388256,4.0,0.2846369035579918,0.7153630964420081,0.0016813225871734816
0.9799533567663947,0.9799533567663947,0.9799533567663947,0.05420334287784721,0.5133138512508948,0.5133138512508948,0.5133138512508948,0.022434270226873526,0.022434270226873526,0.022434270226873526,4.0,0.15940585777969785,0.8405941422203022,0.7364565786782868
0.9860085536446557,0.9860085536446557,0.9860085536446557,0.13188770280346587,0.5444113757633255,0.5444113757633255,0.5444113757633255,0.17192536448284443,0.17192536448284443,0.17192536448284443,4.0,0.4346403866475726,0.5653596133524275,0.5632092850025217
0.8390240473409691,0.8390240473409691,0.8390240473409691,0.03682354898685283,0.4840526218684192,0.4840526218684192,0.4840526218684192,0.2973819645287637,0.2973819645287637,0.2973819645287637,4.0,0.5658720172120596,0.4341279827879404,0.22771263432574465
0.8421306991681293,0.8421306991681293,0.8421306991681293,0.15285651536720046,0.6256822218723592,0.6256822218723592,0.6256822218723592,0.07608496328438133,0.07608496328438133,0.07608496328438133,4.0,0.7784445328965117,0.22155546710348828,0.34416569652596335
0.9545215286530897,0.9545215286530897,0.9545215286530897,0.028450722152403206,0.36909140430560694,0.36909140430560694,0.36909140430560694,0.3531272416898802,0.3531272416898802,0.3531272416898802,4.0,0.7405952434841578,0.25940475651584216,0.2118358942988392
0.8450690989074857,0.8450690989074857,0.8450690989074857,0.10626915529670285,0.44318143003263066,0.44318143003263066,0.44318143003263066,0.3760005071738338,0.3760005071738338,0.3760005071738338,4.0,0.08584021184221097,0.914159788157789,0.5797247282559456
0.4528641793718609,0.4528641793718609,0.4528641793718609,0.18797743323634772,0.31152014287811436,0.31152014287811436,0.31152014287811436,0.1008311874066406,0.1008311874066406,0.1008311874066406,4.0,0.542818867215909,0.457181132784091,0.026128488713066823
0.8714541378084703,0.8714541378084703,0.8714541378084703,0.11827605148694924,0.3657849763415453,0.3657849763415453,0.3657849763415453,0.21083878467683823,0.21083878467683823,0.21083878467683823,4.0,0.025421700981394495,0.9745782990186055,0.6014126678498327
0.9115943795998969,0.9115943795998969,0.9115943795998969,0.33436969140691375,0.5197185981077536,0.5197185981077536,0.5197185981077536,0.06766212243575302,0.06766212243575302,0.06766212243575302,4.0,0.1513563902755426,0.8486436097244574,0.15800547086596284
0.6737490265948678,0.6737490265948678,0.6737490265948678,0.1812807298497771,0.48824283101793303,0.48824283101793303,0.48824283101793303,0.09613118291676993,0.09613118291676993,0.09613118291676993,4.0,0.44483385927388785,0.5551661407261121,0.22120200617332678
0.9949051076311158,0.9949051076311158,0.9949051076311158,0.3183090627204198,0.5076004505552042,0.5076004505552042,0.5076004505552042,0.3590023438416287,0.3590023438416287,0.3590023438416287,4.0,0.14337448735176725,0.8566255126482327,0.12491363204749563
0.7843569108325761,0.7843569108325761,0.7843569108325761,0.11786983365298788,0.36963092515091567,0.36963092515091567,0.36963092515091567,0.23053239373364656,0.23053239373364656,0.23053239373364656,4.0,0.781359694120392,0.21864030587960803,0.3503824775435449
0.9353163712745058,0.9353163712745058,0.9353163712745058,0.19897991804006865,0.2727288062653878,0.2727288062653878,0.2727288062653878,0.083187761201933,0.083187761201933,0.083187761201933,4.0,0.8778698551344474,0.12213014486555263,0.04719042422349245
0.9812889036848388,0.9812889036848388,0.9812889036848388,0.44749090480260834,0.34075493943810636,0.34075493943810636,0.34075493943810636,0.046846361463253876,0.046846361463253876,0.046846361463253876,4.0,0.2835752846262548,0.7164247153737452,0.05382928009867937
0.5119605397002199,0.5119605397002199,0.5119605397002199,0.08279439799301458,0.02916064704055592,0.02916064704055592,0.02916064704055592,0.01649887295538394,0.01649887295538394,0.01649887295538394,4.0,0.4418810264082411,0.5581189735917589,0.21263821823225892
0.6435134797887265,0.6435134797887265,0.6435134797887265,0.07142337970797269,0.3805666659859638,0.3805666659859638,0.3805666659859638,0.07173511338066785,0.07173511338066785,0.07173511338066785,4.0,0.4334705602237659,0.5665294397762342,0.2729203427759939
0.9425782884599354,0.9425782884599354,0.9425782884599354,0.13862627587254633,0.6210043002164741,0.6210043002164741,0.6210043002164741,0.21265390160437936,0.21265390160437936,0.21265390160437936,4.0,0.10406068275815607,0.895939317241844,0.19945349462636144
0.8829784355229973,0.8829784355229973,0.8829784355229973,0.02973746718752867,0.5762099526427157,0.5762099526427157,0.5762099526427157,0.21115004714076743,0.21115004714076743,0.21115004714076743,4.0,0.3002672770682707,0.6997327229317293,0.1316003713908376
0.888464072305254,0.888464072305254,0.888464072305254,0.2027931424219573,0.4518029283837929,0.4518029283837929,0.4518029283837929,0.09054211760086257,0.09054211760086257,0.09054211760086257,4.0,0.3345303760616501,0.66546962393835,0.04628668665247694
0.8407636622962884,0.8407636622962884,0.8407636622962884,0.06311292845314037,0.5658122010076202,0.5658122010076202,0.5658122010076202,0.11870896020018168,0.11870896020018168,0.11870896020018168,4.0,0.20320353185414408,0.7967964681458559,0.06177078365363186
0.8836746118888666,0.8836746118888666,0.8836746118888666,0.11637077217092004,0.4090606762585487,0.4090606762585487,0.4090606762585487,0.30568307965425373,0.30568307965425373,0.30568307965425373,4.0,0.14050804306768896,0.8594919569323111,0.22643338832155246
0.8776945334608236,0.8776945334608236,0.8776945334608236,0.1063484303897519,0.45349290963877453,0.45349290963877453,0.45349290963877453,0.32331362211496023,0.32331362211496023,0.32331362211496023,4.0,0.38201882940045284,0.6179811705995472,0.6013735751449881
0.7341032429370553,0.7341032429370553,0.7341032429370553,0.10821609889791797,0.2806654631846755,0.2806654631846755,0.2806654631846755,0.1926131354465008,0.1926131354465008,0.1926131354465008,4.0,0.6222622199654114,0.3777377800345886,0.09327420049977576
0.9818642693319741,0.9818642693319741,0.9818642693319741,0.1145395581563896,0.3881966149061039,0.3881966149061039,0.3881966149061039,0.051774252317996435,0.051774252317996435,0.051774252317996435,4.0,0.7911093473880799,0.20889065261192008,0.11421109580344646
0.7866913979117229,0.7866913979117229,0.7866913979117229,0.11030860937730023,0.25988661415494,0.25988661415494,0.25988661415494,0.1946482661806696,0.1946482661806696,0.1946482661806696,4.0,0.5938280459620697,0.40617195403793027,0.17256439805186669
0.635507417837491,0.635507417837491,0.635507417837491,0.09203358118295887,0.3525763384943156,0.3525763384943156,0.3525763384943156,0.20672919974246892,0.20672919974246892,0.20672919974246892,4.0,0.5608289174861517,0.4391710825138483,0.016663096167180487
0.9751948614081698,0.9751948614081698,0.9751948614081698,0.261265419497256,0.5075286998170596,0.5075286998170596,0.5075286998170596,0.37869972006300706,0.37869972006300706,0.37869972006300706,4.0,0.7687265411425964,0.23127345885740358,0.07780306583920922
0.9780430525673448,0.9780430525673448,0.9780430525673448,0.13117199469734248,0.4308467189058383,0.4308467189058383,0.4308467189058383,0.29582621287218586,0.29582621287218586,0.29582621287218586,4.0,0.8926908463113737,0.10730915368862626,0.23912652090075634
0.741866293744958,0.741866293744958,0.741866293744958,0.2392711241390931,0.4608577086136178,0.4608577086136178,0.4608577086136178,0.05595791032293062,0.05595791032293062,0.05595791032293062,4.0,0.07543952602337406,0.924560473976626,0.14242576661797857
0.6239957010994931,0.6239957010994931,0.6239957010994931,0.11931912715841375,0.236413927436935,0.236413927436935,0.236413927436935,0.22388199211296742,0.22388199211296742,0.22388199211296742,4.0,0.24163298542819006,0.75836701457181,0.34259785692285993
0.7536530215051829,0.7536530215051829,0.7536530215051829,0.034919417939713975,0.43674522080899664,0.43674522080899664,0.43674522080899664,0.17668748747071822,0.17668748747071822,0.17668748747071822,4.0,0.26613464903906897,0.733865350960931,0.45011829257075764
0.8308935449940245,0.8308935449940245,0.8308935449940245,0.10839311840428638,0.5424108363741016,0.5424108363741016,0.5424108363741016,0.1343065889019443,0.1343065889019443,0.1343065889019443,4.0,0.49203947887963095,0.507960521120369,0.07176624826764416
0.9988243416443653,0.9988243416443653,0.9988243416443653,0.334465956420996,0.9436332002368676,0.9436332002368676,0.9436332002368676,0.02768441962218152,0.02768441962218152,0.02768441962218152,4.0,0.7400454969597074,0.25995450304029255,0.09959744933715159
0.7607225195276057,0.7607225195276057,0.7607225195276057,0.24820602435343142,0.0667666915578795,0.0667666915578795,0.0667666915578795,0.024041270857691716,0.024041270857691716,0.024041270857691716,4.0,0.4768175501482887,0.5231824498517113,0.06463890319439199
0.9891727429316228,0.9891727429316228,0.9891727429316228,0.17954225939115195,0.2967865129899113,0.2967865129899113,0.2967865129899113,0.12631887344053166,0.12631887344053166,0.12631887344053166,4.0,0.05595107459070368,0.9440489254092963,0.6199098629966797
0.8301188769267717,0.8301188769267717,0.8301188769267717,0.05946043937316064,0.173952177431584,0.173952177431584,0.173952177431584,0.1153426173959652,0.1153426173959652,0.1153426173959652,4.0,0.7004095571427189,0.2995904428572811,0.22735649306233896
0.9749485335505159,0.9749485335505159,0.9749485335505159,0.3444416206703523,0.716365697672865,0.716365697672865,0.716365697672865,0.09809199565517128,0.09809199565517128,0.09809199565517128,4.0,0.5799058285271401,0.4200941714728599,0.2341414177574282
0.8713081567222655,0.8713081567222655,0.8713081567222655,0.15669927885258175,0.7748188830626986,0.7748188830626986,0.7748188830626986,0.052498288142469235,0.052498288142469235,0.052498288142469235,4.0,0.8688420121612672,0.13115798783873278,0.05502261179652586
0.992098669136058,0.992098669136058,0.992098669136058,0.1447975485143802,0.35239755164156317,0.35239755164156317,0.35239755164156317,0.020524868316654152,0.020524868316654152,0.020524868316654152,4.0,0.532102161333121,0.46789783866687895,0.509227485003774
0.8425144175787753,0.8425144175787753,0.8425144175787753,0.13306411852446834,0.7593493533747713,0.7593493533747713,0.7593493533747713,0.005989101520619726,0.005989101520619726,0.005989101520619726,4.0,0.10359095820706911,0.8964090417929309,0.21904706292857437
0.960261472770637,0.960261472770637,0.960261472770637,0.24541646191782837,0.22529541612267454,0.22529541612267454,0.22529541612267454,0.007082442856249799,0.007082442856249799,0.007082442856249799,4.0,0.9962229077840422,0.003777092215957789,0.10200498071667613
0.7338391072029722,0.7338391072029722,0.7338391072029722,0.32471067243620627,0.2166203963767594,0.2166203963767594,0.2166203963767594,0.0955474306064242,0.0955474306064242,0.0955474306064242,4.0,0.42362001443623853,0.5763799855637615,0.010597679590445901
0.6112001944738389,0.6112001944738389,0.6112001944738389,0.11742708531176575,0.43621515519720916,0.43621515519720916,0.43621515519720916,0.025482309934301426,0.025482309934301426,0.025482309934301426,4.0,0.5097284451845082,0.4902715548154918,0.18661424034012677
0.7025908470239763,0.7025908470239763,0.7025908470239763,0.06944867603214813,0.3131213786385434,0.3131213786385434,0.3131213786385434,0.06488890139181813,0.06488890139181813,0.06488890139181813,4.0,0.0052212519508249315,0.9947787480491751,0.17673703813619351
0.840028190907027,0.840028190907027,0.840028190907027,0.2598620302222698,0.5836235236123924,0.5836235236123924,0.5836235236123924,0.07063117016170187,0.07063117016170187,0.07063117016170187,4.0,0.6640028133362205,0.33599718666377953,0.3096380686745445
0.9734473807159119,0.9734473807159119,0.9734473807159119,0.14539930992286948,0.574375190622255,0.574375190622255,0.574375190622255,0.3180267597387862,0.3180267597387862,0.3180267597387862,4.0,0.29813454926613187,0.7018654507338682,0.3983703609768695
0.772865016797697,0.772865016797697,0.772865016797697,0.28009149330541894,0.5779372682720071,0.5779372682720071,0.5779372682720071,0.04728159391086836,0.04728159391086836,0.04728159391086836,4.0,0.5785622929804877,0.42143770701951233,0.15003056109164215
0.9382276869318893,0.9382276869318893,0.9382276869318893,0.30529861417984777,0.6254982374494652,0.6254982374494652,0.6254982374494652,0.23701665277543119,0.23701665277543119,0.23701665277543119,4.0,0.3224581811410478,0.6775418188589521,0.17395389634724273
0.5408699904880955,0.5408699904880955,0.5408699904880955,0.03030692398628109,0.3296736200191617,0.3296736200191617,0.3296736200191617,0.06333317834789295,0.06333317834789295,0.06333317834789295,4.0,0.08154603294525452,0.9184539670547455,0.37072595726083324
0.8400369279045051,0.8400369279045051,0.8400369279045051,0.2814937675438305,0.10946861792900961,0.10946861792900961,0.10946861792900961,0.029656621862769093,0.029656621862769093,0.029656621862769093,4.0,0.9659441812303403,0.034055818769659685,0.1748829651219355
0.9025324562203804,0.9025324562203804,0.9025324562203804,0.4274381421152849,0.5475109777513482,0.5475109777513482,0.5475109777513482,0.20555811374974395,0.20555811374974395,0.20555811374974395,4.0,0.14297754472254948,0.8570224552774506,0.022898753551768146
0.8820312390772586,0.8820312390772586,0.8820312390772586,0.18434986400771786,0.679202203254691,0.679202203254691,0.679202203254691,0.02149040162911462,0.02149040162911462,0.02149040162911462,4.0,0.3735759037668836,0.6264240962331165,0.31110096731600256
0.9059596931702846,0.9059596931702846,0.9059596931702846,0.03700089431062012,0.28168232101678103,0.28168232101678103,0.28168232101678103,0.1841706976479158,0.1841706976479158,0.1841706976479158,4.0,0.3761563245548902,0.6238436754451098,0.5790124369300333
0.7876380075626555,0.7876380075626555,0.7876380075626555,0.1560686129567607,0.43825940184073137,0.43825940184073137,0.43825940184073137,0.12009073681458718,0.12009073681458718,0.12009073681458718,4.0,0.37427442000043254,0.6257255799995675,0.4507160690962305
0.9734232487626369,0.9734232487626369,0.9734232487626369,0.07408571979202778,0.5520936902259916,0.5520936902259916,0.5520936902259916,0.2917722134853523,0.2917722134853523,0.2917722134853523,4.0,0.0532334019569663,0.9467665980430338,0.6536057962454994
0.591369805291813,0.591369805291813,0.591369805291813,0.0413392816262868,0.18284694073053975,0.18284694073053975,0.18284694073053975,0.13365452558557067,0.13365452558557067,0.13365452558557067,4.0,0.43482543501195847,0.5651745649880415,0.004475072874903866
0.9879548472140571,0.9879548472140571,0.9879548472140571,0.11433150969072496,0.6280974728135379,0.6280974728135379,0.6280974728135379,0.28460823612845765,0.28460823612845765,0.28460823612845765,4.0,0.7475640432892283,0.2524359567107717,0.2180547700582677
0.5871179977311125,0.5871179977311125,0.5871179977311125,0.1893137048806326,0.40033213183565364,0.40033213183565364,0.40033213183565364,0.06956686775985041,0.06956686775985041,0.06956686775985041,4.0,0.14111203815161744,0.8588879618483826,0.10711120682480026
0.6316768311463512,0.6316768311463512,0.6316768311463512,0.19854169329314628,0.21457249174367585,0.21457249174367585,0.21457249174367585,0.023750862881234187,0.023750862881234187,0.023750862881234187,4.0,0.09184814464390222,0.9081518553560978,0.21296972599558683
0.9335509469227583,0.9335509469227583,0.9335509469227583,0.07587163853293981,0.5631684831705058,0.5631684831705058,0.5631684831705058,0.3035647474304848,0.3035647474304848,0.3035647474304848,4.0,0.6796157012318784,0.3203842987681216,0.5897370957878735
0.5433801124303624,0.5433801124303624,0.5433801124303624,0.06115905974483025,0.14613729805414366,0.14613729805414366,0.14613729805414366,0.135757193300433,0.135757193300433,0.135757193300433,4.0,0.9630998817991859,0.03690011820081407,0.33721796295934003
0.8505748003474563,0.8505748003474563,0.8505748003474563,0.27670236345270366,0.6892363175525932,0.6892363175525932,0.6892363175525932,0.13974014743970514,0.13974014743970514,0.13974014743970514,4.0,0.10663956243348337,0.8933604375665166,0.254398073908909
0.7426020791133986,0.7426020791133986,0.7426020791133986,0.2102068687967715,0.4179841542131149,0.4179841542131149,0.4179841542131149,0.08439037366915592,0.08439037366915592,0.08439037366915592,4.0,0.9578936266479137,0.042106373352086335,0.16293489021921026
0.935878679171139,0.935878679171139,0.935878679171139,0.3147963302187453,0.3933478834567791,0.3933478834567791,0.3933478834567791,0.06125124845714561,0.06125124845714561,0.06125124845714561,4.0,0.9150444295773187,0.08495557042268131,0.23074891517998555
0.9544147619838265,0.9544147619838265,0.9544147619838265,0.2539715983423651,0.5732856039759064,0.5732856039759064,0.5732856039759064,0.19899167840279808,0.19899167840279808,0.19899167840279808,4.0,0.45309392338730503,0.546906076612695,0.20511817795142134
0.9631310527106235,0.9631310527106235,0.9631310527106235,0.21466391848715777,0.253165364678342,0.253165364678342,0.253165364678342,0.0726249111540476,0.0726249111540476,0.0726249111540476,4.0,0.04921857751076157,0.9507814224892385,0.5216397873682318
0.978613967306088,0.978613967306088,0.978613967306088,0.11433762130602525,0.5001018964312601,0.5001018964312601,0.5001018964312601,0.40481179656917754,0.40481179656917754,0.40481179656917754,4.0,0.7469083962613275,0.25309160373867245,0.4128811057687347
0.8607922487369037,0.8607922487369037,0.8607922487369037,0.03459475969340499,0.3264044742965855,0.3264044742965855,0.3264044742965855,0.11983351356843545,0.11983351356843545,0.11983351356843545,4.0,0.3887095606383087,0.6112904393616914,0.49314902986969594
0.901310995208317,0.901310995208317,0.901310995208317,0.043714622530538844,0.7365672610204393,0.7365672610204393,0.7365672610204393,0.0839973877566986,0.0839973877566986,0.0839973877566986,4.0,0.41018678026142674,0.5898132197385733,0.16602758592958583
0.7819600861732902,0.7819600861732902,0.7819600861732902,0.04003909328263595,0.5286656775773413,0.5286656775773413,0.5286656775773413,0.13752290082783059,0.13752290082783059,0.13752290082783059,4.0,0.43437113317929993,0.5656288668207001,0.7014448063131875
0.5872500575039509,0.5872500575039509,0.5872500575039509,0.054400470079697304,0.2118051071306613,0.2118051071306613,0.2118051071306613,0.08423933241306522,0.08423933241306522,0.08423933241306522,4.0,0.932324353660986,0.06767564633901402,0.1200605072420405
0.8691314876562757,0.8691314876562757,0.8691314876562757,0.21946307915760555,0.332304800211046,0.332304800211046,0.332304800211046,0.2587710096468718,0.2587710096468718,0.2587710096468718,4.0,0.7113037628136394,0.2886962371863606,0.19319719484264225
0.9728961148142832,0.9728961148142832,0.9728961148142832,0.14437683715676877,0.7689987950520262,0.7689987950520262,0.7689987950520262,0.0021780466427189587,0.0021780466427189587,0.0021780466427189587,4.0,0.7671249851823577,0.23287501481764228,0.05735533933261921
0.7750045833666118,0.7750045833666118,0.7750045833666118,0.058162230391339054,0.5376275072415158,0.5376275072415158,0.5376275072415158,0.12453364255002593,0.12453364255002593,0.12453364255002593,4.0,0.24869452921225985,0.7513054707877401,0.11255484037838887
0.8555640532016088,0.8555640532016088,0.8555640532016088,0.04542427319666565,0.6035709962755559,0.6035709962755559,0.6035709962755559,0.2284846506439411,0.2284846506439411,0.2284846506439411,4.0,0.3885170137768231,0.611482986223177,0.4014290433250891
0.9002323258477807,0.9002323258477807,0.9002323258477807,0.23429499995975367,0.15151998631306943,0.15151998631306943,0.15151998631306943,0.11673837383246545,0.11673837383246545,0.11673837383246545,4.0,0.00659650642102162,0.9934034935789784,0.05536325005128496
0.8959186116241062,0.8959186116241062,0.8959186116241062,0.05993687464934668,0.18748258169260643,0.18748258169260643,0.18748258169260643,0.08759603910807187,0.08759603910807187,0.08759603910807187,4.0,0.22319661736023125,0.7768033826397688,0.013375136006869622
0.6474039384868412,0.6474039384868412,0.6474039384868412,0.17401211833195193,0.3113410419369447,0.3113410419369447,0.3113410419369447,0.09680176751143822,0.09680176751143822,0.09680176751143822,4.0,0.24548002091623955,0.7545199790837605,0.17582363514852348
0.8375821102187561,0.8375821102187561,0.8375821102187561,0.2996924301502782,0.41078041446483454,0.41078041446483454,0.41078041446483454,0.07422042612542451,0.07422042612542451,0.07422042612542451,4.0,0.21949907871781374,0.7805009212821863,0.05930258027172873
0.9870381604645729,0.9870381604645729,0.9870381604645729,0.17200248811859278,0.6031226409989663,0.6031226409989663,0.6031226409989663,0.11551303575047482,0.11551303575047482,0.11551303575047482,4.0,0.22354167157023896,0.776458328429761,0.2695176577565432
0.9015891744400713,0.9015891744400713,0.9015891744400713,0.09040158624892633,0.462359610789028,0.462359610789028,0.462359610789028,0.1985313629584724,0.1985313629584724,0.1985313629584724,4.0,0.9786196042520152,0.02138039574798478,0.5412149686092858
0.7990364788573809,0.7990364788573809,0.7990364788573809,0.1357641240087347,0.2970087448532269,0.2970087448532269,0.2970087448532269,0.12917058931914185,0.12917058931914185,0.12917058931914185,4.0,0.16433646710589733,0.8356635328941027,0.29916609248726667
0.8327055911880453,0.8327055911880453,0.8327055911880453,0.0663896024586658,0.3529389363371092,0.3529389363371092,0.3529389363371092,0.06541676248829098,0.06541676248829098,0.06541676248829098,4.0,0.46914269954508453,0.5308573004549155,0.1692930749494614
0.9499878734814537,0.9499878734814537,0.9499878734814537,0.1476309468848683,0.8516081109685169,0.8516081109685169,0.8516081109685169,0.0490652663001186,0.0490652663001186,0.0490652663001186,4.0,0.428304702087144,0.571695297912856,0.059648457888086266
0.9434281264584818,0.9434281264584818,0.9434281264584818,0.15226936376885325,0.7170580460277178,0.7170580460277178,0.7170580460277178,0.15923386090844652,0.15923386090844652,0.15923386090844652,4.0,0.9599334750695911,0.04006652493040885,0.20889160178238522
0.7455617980364193,0.7455617980364193,0.7455617980364193,0.17543293166210333,0.4132519343676251,0.4132519343676251,0.4132519343676251,0.29858021644376814,0.29858021644376814,0.29858021644376814,4.0,0.03632859307677582,0.9636714069232242,0.10577838692890414
0.9343499897532779,0.9343499897532779,0.9343499897532779,0.05652801023583685,0.1879852727719639,0.1879852727719639,0.1879852727719639,0.03441691467143824,0.03441691467143824,0.03441691467143824,4.0,0.7855311195722686,0.21446888042773138,0.4528632070097277
0.5571301273850473,0.5571301273850473,0.5571301273850473,0.043615228869912495,0.24582951401476208,0.24582951401476208,0.24582951401476208,0.04388254056870673,0.04388254056870673,0.04388254056870673,4.0,0.8574615832503466,0.1425384167496534,0.029431591719171063
0.862950512000899,0.862950512000899,0.862950512000899,0.17040537791541244,0.43285540908784415,0.43285540908784415,0.43285540908784415,0.2646183587521841,0.2646183587521841,0.2646183587521841,4.0,0.9152160786032346,0.08478392139676538,0.5173385238138698
0.9422109877690229,0.9422109877690229,0.9422109877690229,0.15414528744920364,0.19128195976636997,0.19128195976636997,0.19128195976636997,0.0691406400513829,0.0691406400513829,0.0691406400513829,4.0,0.05357550885550936,0.9464244911444907,0.46123323949350054
0.9597899571997476,0.9597899571997476,0.9597899571997476,0.15082460561013558,0.7527299499685065,0.7527299499685065,0.7527299499685065,0.20473530084608021,0.20473530084608021,0.20473530084608021,4.0,0.06643738550431563,0.9335626144956843,0.5425016275710655
0.668159292240615,0.668159292240615,0.668159292240615,0.14691070302906428,0.2947959677076512,0.2947959677076512,0.2947959677076512,0.16798574385833678,0.16798574385833678,0.16798574385833678,4.0,0.9871656259749491,0.012834374025050943,0.24584085862934246
0.8562781680355737,0.8562781680355737,0.8562781680355737,0.07107014792161294,0.3243783422036227,0.3243783422036227,0.3243783422036227,0.208144958999152,0.208144958999152,0.208144958999152,4.0,0.15993783224826497,0.840062167751735,0.11847562587603316
0.8340034871319172,0.8340034871319172,0.8340034871319172,0.09305578529647815,0.5384314958517376,0.5384314958517376,0.5384314958517376,0.2797447518009747,0.2797447518009747,0.2797447518009747,4.0,0.23375163853434822,0.7662483614656518,0.4592130131008922
0.9593009338849648,0.9593009338849648,0.9593009338849648,0.24783063139268421,0.8253433341120855,0.8253433341120855,0.8253433341120855,0.10028435597287479,0.10028435597287479,0.10028435597287479,4.0,0.008361727838322956,0.991638272161677,0.42806615548638666
0.7853046197109728,0.7853046197109728,0.7853046197109728,0.11450363290157177,0.3688205715588016,0.3688205715588016,0.3688205715588016,0.045010380285713324,0.045010380285713324,0.045010380285713324,4.0,0.5098938388170522,0.4901061611829478,0.42634146631366093
0.24672512533561444,0.24672512533561444,0.24672512533561444,0.0846958207564886,0.0372275568158755,0.0372275568158755,0.0372275568158755,0.004234605627600165,0.004234605627600165,0.004234605627600165,4.0,0.17662828669320327,0.8233717133067967,0.031986586602632365
0.9653533685403917,0.9653533685403917,0.9653533685403917,0.23634440883940624,0.7525860143281357,0.7525860143281357,0.7525860143281357,0.03007236845871997,0.03007236845871997,0.03007236845871997,4.0,0.2769491707780146,0.7230508292219854,0.24587117943551834
0.8791686685258737,0.8791686685258737,0.8791686685258737,0.09481531572121164,0.47714950532742195,0.47714950532742195,0.47714950532742195,0.3041713140271364,0.3041713140271364,0.3041713140271364,4.0,0.7114206448839117,0.28857935511608834,0.014310426376431111
0.9648411520786754,0.9648411520786754,0.9648411520786754,0.138383630595749,0.5880714939089403,0.5880714939089403,0.5880714939089403,0.17355760446554205,0.17355760446554205,0.17355760446554205,4.0,0.39623519597433426,0.6037648040256658,0.22604463837518884
0.5688212850536567,0.5688212850536567,0.5688212850536567,0.02668976853134278,0.41942314577624856,0.41942314577624856,0.41942314577624856,0.13514977927062088,0.13514977927062088,0.13514977927062088,4.0,0.18380274655490422,0.8161972534450957,0.3757760434643282
0.9317423277507149,0.9317423277507149,0.9317423277507149,0.21056347737717837,0.7258830100813873,0.7258830100813873,0.7258830100813873,0.03680597150464618,0.03680597150464618,0.03680597150464618,4.0,0.989700783279412,0.010299216720587978,0.37581925289284573
0.9341846986261011,0.9341846986261011,0.9341846986261011,0.24915052339675953,0.4442351212475102,0.4442351212475102,0.4442351212475102,0.1530331017873749,0.1530331017873749,0.1530331017873749,4.0,0.30825652151380284,0.6917434784861971,0.4051463924502362
0.6447280808753454,0.6447280808753454,0.6447280808753454,0.03432394193748405,0.5760929603023658,0.5760929603023658,0.5760929603023658,0.038896468247039837,0.038896468247039837,0.038896468247039837,4.0,0.8193503167926945,0.18064968320730546,0.021345522886544177
0.9738097837697656,0.9738097837697656,0.9738097837697656,0.034664046763410596,0.6089523345791316,0.6089523345791316,0.6089523345791316,0.14707203524366275,0.14707203524366275,0.14707203524366275,4.0,0.8559404588616117,0.14405954113838826,0.6610305135304392
0.7192564555593427,0.7192564555593427,0.7192564555593427,0.062477256252766594,0.5923717402819338,0.5923717402819338,0.5923717402819338,0.10509319155467109,0.10509319155467109,0.10509319155467109,4.0,0.876401778552242,0.123598221447758,0.5689744674062388
0.9447656111636746,0.9447656111636746,0.9447656111636746,0.12998142929860268,0.30862927416640185,0.30862927416640185,0.30862927416640185,0.23895244912162839,0.23895244912162839,0.23895244912162839,4.0,0.2953832078001276,0.7046167921998724,0.3629710007158472
0.7779496625572155,0.7779496625572155,0.7779496625572155,0.0324906631376927,0.4150596396811165,0.4150596396811165,0.4150596396811165,0.28642563487616857,0.28642563487616857,0.28642563487616857,4.0,0.587611379766819,0.412388620233181,0.6962496704853302
0.9235292397696756,0.9235292397696756,0.9235292397696756,0.3489582765145734,0.6214870214579059,0.6214870214579059,0.6214870214579059,0.21539209528684997,0.21539209528684997,0.21539209528684997,4.0,0.8919972259078596,0.10800277409214043,0.05432564112394112
0.8912716327226718,0.8912716327226718,0.8912716327226718,0.14830556185612462,0.41718960498163943,0.41718960498163943,0.41718960498163943,0.038708812927879366,0.038708812927879366,0.038708812927879366,4.0,0.14360705255304249,0.8563929474469575,0.06179150481377623
0.9354128993921198,0.9354128993921198,0.9354128993921198,0.118431375939736,0.3744060527858768,0.3744060527858768,0.3744060527858768,0.1559498943768455,0.1559498943768455,0.1559498943768455,4.0,0.30073291021551213,0.6992670897844879,0.16351584360775953
0.8121512893512598,0.8121512893512598,0.8121512893512598,0.12247283124136757,0.5717033910778481,0.5717033910778481,0.5717033910778481,0.12631898990871682,0.12631898990871682,0.12631898990871682,4.0,0.38109573207828595,0.618904267921714,0.2989965839209495
0.9827029030952875,0.9827029030952875,0.9827029030952875,0.17044009048693093,0.4305400898277695,0.4305400898277695,0.4305400898277695,0.05920741710260609,0.05920741710260609,0.05920741710260609,4.0,0.13921592472813632,0.8607840752718636,0.2488815503207048
0.6780733733192672,0.6780733733192672,0.6780733733192672,0.05552108894559499,0.2800120646060687,0.2800120646060687,0.2800120646060687,0.1393207498849223,0.1393207498849223,0.1393207498849223,4.0,0.6474547968713208,0.3525452031286792,0.2188795887954579
0.7551373828689203,0.7551373828689203,0.7551373828689203,0.040598099129840186,0.25789009072577707,0.25789009072577707,0.25789009072577707,0.08380253205993513,0.08380253205993513,0.08380253205993513,4.0,0.08255591696869778,0.9174440830313022,0.5539823035349563
0.8050067590225904,0.8050067590225904,0.8050067590225904,0.030254948590616015,0.6729307545652973,0.6729307545652973,0.6729307545652973,0.02749488551628362,0.02749488551628362,0.02749488551628362,4.0,0.24965640168149708,0.750343598318503,0.7294681711467164
0.9644111387033127,0.9644111387033127,0.9644111387033127,0.15255070072438906,0.9124821513106727,0.9124821513106727,0.9124821513106727,0.017481885230160213,0.017481885230160213,0.017481885230160213,4.0,0.9225137676570173,0.07748623234298269,0.6501792516517881
0.6755926195929889,0.6755926195929889,0.6755926195929889,0.049697514598418584,0.29151476482619465,0.29151476482619465,0.29151476482619465,0.16230472669112964,0.16230472669112964,0.16230472669112964,4.0,0.708279370156996,0.29172062984300395,0.24731303726723872
0.9954418674626412,0.9954418674626412,0.9954418674626412,0.041195828900584666,0.46626126934251294,0.46626126934251294,0.46626126934251294,0.14459801200126318,0.14459801200126318,0.14459801200126318,4.0,0.26268988579187386,0.7373101142081262,0.5794824204541966
0.8469073667870134,0.8469073667870134,0.8469073667870134,0.23467382684090507,0.35504713202510596,0.35504713202510596,0.35504713202510596,0.2949762677106895,0.2949762677106895,0.2949762677106895,4.0,0.5658409928245542,0.43415900717544575,0.09559367877421031
0.7177705326702893,0.7177705326702893,0.7177705326702893,0.3098357651480684,0.6273067121765018,0.6273067121765018,0.6273067121765018,0.04308412504003124,0.04308412504003124,0.04308412504003124,4.0,0.888984166331244,0.111015833668756,0.07755974352269597
0.916424618579837,0.916424618579837,0.916424618579837,0.0803425422354535,0.6717526422768423,0.6717526422768423,0.6717526422768423,0.0712006627188531,0.0712006627188531,0.0712006627188531,4.0,0.9323052538972607,0.06769474610273929,0.5389793599280983
0.869065155332836,0.869065155332836,0.869065155332836,0.043206404415541154,0.18835994953687724,0.18835994953687724,0.18835994953687724,0.11818002863207434,0.11818002863207434,0.11818002863207434,4.0,0.9232284480971638,0.07677155190283624,0.09019817287874185
0.8120669519765832,0.8120669519765832,0.8120669519765832,0.2277737384340061,0.47102429961115166,0.47102429961115166,0.47102429961115166,0.2600749822693354,0.2600749822693354,0.2600749822693354,4.0,0.8399743880391539,0.16002561196084608,0.007520511885426166
0.7690615431222722,0.7690615431222722,0.7690615431222722,0.17127669798830383,0.4287933056602035,0.4287933056602035,0.4287933056602035,0.16661359906679168,0.16661359906679168,0.16661359906679168,4.0,0.9695558910691753,0.03044410893082472,0.018892673700744815
0.7916173295699764,0.7916173295699764,0.7916173295699764,0.16377631717572153,0.35922019048306386,0.35922019048306386,0.35922019048306386,0.043392680667522436,0.043392680667522436,0.043392680667522436,4.0,0.8280572904818502,0.17194270951814983,0.2900742749423825
0.8648502888476478,0.8648502888476478,0.8648502888476478,0.2474002481497112,0.37622745754380366,0.37622745754380366,0.37622745754380366,0.2827170399015942,0.2827170399015942,0.2827170399015942,4.0,0.7593492825307208,0.24065071746927924,0.1752174345468236
0.5502879538778189,0.5502879538778189,0.5502879538778189,0.1512250543955316,0.3235930863019642,0.3235930863019642,0.3235930863019642,0.11200406190876651,0.11200406190876651,0.11200406190876651,4.0,0.9022872409876037,0.09771275901239629,0.019556072683526344
0.6391199890896512,0.6391199890896512,0.6391199890896512,0.17190210399202263,0.4355392614252876,0.4355392614252876,0.4355392614252876,0.1884613829799071,0.1884613829799071,0.1884613829799071,4.0,0.9108991240685986,0.08910087593140137,0.09032449992384609
0.8467568977552418,0.8467568977552418,0.8467568977552418,0.1634025308265237,0.34476104444484046,0.34476104444484046,0.34476104444484046,0.32579130621038777,0.32579130621038777,0.32579130621038777,4.0,0.26540151302131876,0.7345984869786812,0.44093467218545734
0.5762676047412925,0.5762676047412925,0.5762676047412925,0.09053877539495826,0.20872388922728766,0.20872388922728766,0.20872388922728766,0.030390144491815384,0.030390144491815384,0.030390144491815384,4.0,0.2019984695230409,0.7980015304769591,0.0797224176987866
0.8218350394497651,0.8218350394497651,0.8218350394497651,0.09851179584560525,0.20392403556767022,0.20392403556767022,0.20392403556767022,0.12847923881973172,0.12847923881973172,0.12847923881973172,4.0,0.7346139364778977,0.26538606352210226,0.33368563889281694
0.2368802826179964,0.2368802826179964,0.2368802826179964,0.06846978433672822,0.1480569242564154,0.1480569242564154,0.1480569242564154,0.03296156421491764,0.03296156421491764,0.03296156421491764,4.0,0.6069239696531575,0.39307603034684246,0.07994741869006043
0.8385542498220397,0.8385542498220397,0.8385542498220397,0.34119612006166083,0.20787715659731448,0.20787715659731448,0.20787715659731448,0.19508429293467525,0.19508429293467525,0.19508429293467525,4.0,0.3858281312344162,0.6141718687655837,0.024207293217602142
0.953471785285252,0.953471785285252,0.953471785285252,0.19332363075531833,0.40732292431450967,0.40732292431450967,0.40732292431450967,0.3854337874799369,0.3854337874799369,0.3854337874799369,4.0,0.2736578825317807,0.7263421174682193,0.5244798644603196
0.8584213167456939,0.8584213167456939,0.8584213167456939,0.22840404994284202,0.6469243711867158,0.6469243711867158,0.6469243711867158,0.08586872104623941,0.08586872104623941,0.08586872104623941,4.0,0.9174320705368841,0.08256792946311586,0.14841637887589962
0.6904264416587497,0.6904264416587497,0.6904264416587497,0.23559890507341746,0.2825791378857135,0.2825791378857135,0.2825791378857135,0.20113278335205675,0.20113278335205675,0.20113278335205675,4.0,0.10576992677205037,0.8942300732279497,0.06898623940263682
0.9782321902981598,0.9782321902981598,0.9782321902981598,0.39979971322198565,0.6079351236264581,0.6079351236264581,0.6079351236264581,0.1999854961146498,0.1999854961146498,0.1999854961146498,4.0,0.42576462957708655,0.5742353704229135,0.10977036096828766
0.575833802906034,0.575833802906034,0.575833802906034,0.1039885900645179,0.21717058365203928,0.21717058365203928,0.21717058365203928,0.1759183047969822,0.1759183047969822,0.1759183047969822,4.0,0.4415371110892901,0.5584628889107099,0.19102249962072895
0.8521272152081879,0.8521272152081879,0.8521272152081879,0.21598445989342252,0.5327386518107347,0.5327386518107347,0.5327386518107347,0.011288840876703338,0.011288840876703338,0.011288840876703338,4.0,0.8395645505018693,0.1604354494981307,0.05180386607439216
0.5682498466723194,0.5682498466723194,0.5682498466723194,0.18728760379779746,0.08101573627833299,0.08101573627833299,0.08101573627833299,0.06028536106490368,0.06028536106490368,0.06028536106490368,4.0,0.20691236914142427,0.7930876308585757,0.05886924773434754
0.985740912501458,0.985740912501458,0.985740912501458,0.04367960298025542,0.6856862238202479,0.6856862238202479,0.6856862238202479,0.05515594068632689,0.05515594068632689,0.05515594068632689,4.0,0.7832120983308014,0.2167879016691986,0.6554299988067821
0.8995576713852242,0.8995576713852242,0.8995576713852242,0.4026573323315246,0.5626253857354082,0.5626253857354082,0.5626253857354082,0.3056652986721549,0.3056652986721549,0.3056652986721549,4.0,0.7225206700185377,0.2774793299814623,0.002866797854451093
0.6313082710343978,0.6313082710343978,0.6313082710343978,0.1631985266763865,0.35046526442810955,0.35046526442810955,0.35046526442810955,0.0195263526833888,0.0195263526833888,0.0195263526833888,4.0,0.8673716956428433,0.13262830435715667,0.07197442281935465
0.8041091999791459,0.8041091999791459,0.8041091999791459,0.3065870821791994,0.4408376797203538,0.4408376797203538,0.4408376797203538,0.277555083983259,0.277555083983259,0.277555083983259,4.0,0.3752831276573602,0.6247168723426397,0.035140933005273704
0.9525714202710546,0.9525714202710546,0.9525714202710546,0.111333364586451,0.6302599831643504,0.6302599831643504,0.6302599831643504,0.1689299951008483,0.1689299951008483,0.1689299951008483,4.0,0.3553018496587832,0.6446981503412168,0.48624916329440343
0.6993351673121643,0.6993351673121643,0.6993351673121643,0.2643320139204109,0.2941521269066345,0.2941521269066345,0.2941521269066345,0.25955984840862506,0.25955984840862506,0.25955984840862506,4.0,0.9225272923562271,0.0774727076437729,0.034199679933993206
0.9186385215405521,0.9186385215405521,0.9186385215405521,0.03237049336999746,0.18052222614868213,0.18052222614868213,0.18052222614868213,0.08424077303728393,0.08424077303728393,0.08424077303728393,4.0,0.6782773083517768,0.3217226916482232,0.43320007754130313
0.7790414444022451,0.7790414444022451,0.7790414444022451,0.12325866800212679,0.41494358171848267,0.41494358171848267,0.41494358171848267,0.32025759106344664,0.32025759106344664,0.32025759106344664,4.0,0.09450629004208859,0.9054937099579115,0.38446473159827416
0.9028825780910612,0.9028825780910612,0.9028825780910612,0.0733677287232004,0.5323865903261311,0.5323865903261311,0.5323865903261311,0.29671931430473353,0.29671931430473353,0.29671931430473353,4.0,0.43031830853929004,0.5696816914607099,0.24092447920545923
0.7633093558858506,0.7633093558858506,0.7633093558858506,0.2672204261792065,0.225888625771492,0.225888625771492,0.225888625771492,0.019981075433432503,0.019981075433432503,0.019981075433432503,4.0,0.02112534239813045,0.9788746576018695,0.1765626838248697
0.8008477297719865,0.8008477297719865,0.8008477297719865,0.18297359969989802,0.10736903155058808,0.10736903155058808,0.10736903155058808,0.08694571234151259,0.08694571234151259,0.08694571234151259,4.0,0.6397078242131207,0.36029217578687933,0.10634293620062167
0.7276247879325726,0.7276247879325726,0.7276247879325726,0.23404709414729696,0.3153036694808478,0.3153036694808478,0.3153036694808478,0.25200428240604167,0.25200428240604167,0.25200428240604167,4.0,0.677657393318308,0.322342606681692,0.20020406630224138
0.9019496519913593,0.9019496519913593,0.9019496519913593,0.19788782007017255,0.5917339080849763,0.5917339080849763,0.5917339080849763,0.2531057264840079,0.2531057264840079,0.2531057264840079,4.0,0.9368478864197873,0.06315211358021267,0.06477422753847867
0.9898675501660227,0.9898675501660227,0.9898675501660227,0.1805822088878136,0.6323871261033878,0.6323871261033878,0.6323871261033878,0.07307150887809005,0.07307150887809005,0.07307150887809005,4.0,0.835140625111476,0.16485937488852398,0.45751307966174976
0.886883328326358,0.886883328326358,0.886883328326358,0.32984090101569796,0.5933953059639455,0.5933953059639455,0.5933953059639455,0.21672684631949118,0.21672684631949118,0.21672684631949118,4.0,0.604278717433504,0.39572128256649597,0.22058970699426855
0.8396868616670268,0.8396868616670268,0.8396868616670268,0.03469783020676396,0.5210543571264363,0.5210543571264363,0.5210543571264363,0.26202937698390966,0.26202937698390966,0.26202937698390966,4.0,0.585187400219845,0.41481259978015494,0.23141332106655962
0.8225142273578809,0.8225142273578809,0.8225142273578809,0.10430062902282349,0.4465545295911403,0.4465545295911403,0.4465545295911403,0.26107921229948555,0.26107921229948555,0.26107921229948555,4.0,0.0015953593449398373,0.9984046406550602,0.22726512045143668
0.8574253544048376,0.8574253544048376,0.8574253544048376,0.13572550109542417,0.6745038950862837,0.6745038950862837,0.6745038950862837,0.17319705687814585,0.17319705687814585,0.17319705687814585,4.0,0.04515793191701094,0.9548420680829891,0.05996660786949247
0.8681166782272353,0.8681166782272353,0.8681166782272353,0.37857743994735127,0.35455593771412086,0.35455593771412086,0.35455593771412086,0.1604262012395372,0.1604262012395372,0.1604262012395372,4.0,0.3394353027484169,0.6605646972515831,0.03009014590840361
0.8513796715394949,0.8513796715394949,0.8513796715394949,0.04594006930582524,0.8015630839027732,0.8015630839027732,0.8015630839027732,0.02445658552938094,0.02445658552938094,0.02445658552938094,4.0,0.08447578005359835,0.9155242199464017,0.2304778263522302
0.7895923048528458,0.7895923048528458,0.7895923048528458,0.14750136016325166,0.35182263396972296,0.35182263396972296,0.35182263396972296,0.10076096963827653,0.10076096963827653,0.10076096963827653,4.0,0.8457806607974747,0.15421933920252529,0.20837413286826198
0.9185826941276791,0.9185826941276791,0.9185826941276791,0.2647079509684041,0.523895046726462,0.523895046726462,0.523895046726462,0.2804383818281407,0.2804383818281407,0.2804383818281407,4.0,0.3643870681892817,0.6356129318107183,0.33334580529228125
0.9228155875067069,0.9228155875067069,0.9228155875067069,0.25927033627115337,0.49301171854531073,0.49301171854531073,0.49301171854531073,0.2716969556814943,0.2716969556814943,0.2716969556814943,4.0,0.7750944230061926,0.22490557699380742,0.13736162740228794
0.9777057912304766,0.9777057912304766,0.9777057912304766,0.10599655283020758,0.8206679539615191,0.8206679539615191,0.8206679539615191,0.1286790801434187,0.1286790801434187,0.1286790801434187,4.0,0.36154853308569085,0.6384514669143091,0.2345345801726123
0.7729433912857949,0.7729433912857949,0.7729433912857949,0.27844253309169315,0.18783394157029887,0.18783394157029887,0.18783394157029887,0.024442744561632635,0.024442744561632635,0.024442744561632635,4.0,0.12946107139133303,0.870538928608667,0.10292957629232509
0.6717968658406102,0.6717968658406102,0.6717968658406102,0.09395502843558164,0.0940785478912003,0.0940785478912003,0.0940785478912003,0.01807736723069385,0.01807736723069385,0.01807736723069385,4.0,0.6811318222713381,0.31886817772866194,0.15665975029221024
0.9557526728858211,0.9557526728858211,0.9557526728858211,0.13170308633412586,0.6595647232823103,0.6595647232823103,0.6595647232823103,0.038410519755182525,0.038410519755182525,0.038410519755182525,4.0,0.9908425645630564,0.009157435436943584,0.015940391809092763
0.8118584020338295,0.8118584020338295,0.8118584020338295,0.30213620789551127,0.5494710228357044,0.5494710228357044,0.5494710228357044,0.20697462245981346,0.20697462245981346,0.20697462245981346,4.0,0.6978565456823097,0.3021434543176903,0.15037951161620008
0.41875899147481976,0.41875899147481976,0.41875899147481976,0.03218328646881852,0.14735241940962027,0.14735241940962027,0.14735241940962027,0.06867698358335253,0.06867698358335253,0.06867698358335253,4.0,0.10983512293929727,0.8901648770607027,0.23320665353033868
0.7911897845537083,0.7911897845537083,0.7911897845537083,0.1280683431519373,0.5191577292639039,0.5191577292639039,0.5191577292639039,0.16409317107358753,0.16409317107358753,0.16409317107358753,4.0,0.7539531391712929,0.24604686082870708,0.2946521347651126
0.6716325179272805,0.6716325179272805,0.6716325179272805,0.18496687755715258,0.19855224838844107,0.19855224838844107,0.19855224838844107,0.03919657445566347,0.03919657445566347,0.03919657445566347,4.0,0.878057228788503,0.12194277121149699,0.018178301620230104
0.9877221140922678,0.9877221140922678,0.9877221140922678,0.11316397009907635,0.26416180188754856,0.26416180188754856,0.26416180188754856,0.2214248687925857,0.2214248687925857,0.2214248687925857,4.0,0.8583395984523617,0.14166040154763826,0.6712472244772901
0.9486299274179014,0.9486299274179014,0.9486299274179014,0.3408159201611357,0.1908908054902439,0.1908908054902439,0.1908908054902439,0.04451694814045219,0.04451694814045219,0.04451694814045219,4.0,0.9164609921361678,0.08353900786383217,0.1984242094695681
0.8493623664751084,0.8493623664751084,0.8493623664751084,0.29553849003330834,0.6503325871648434,0.6503325871648434,0.6503325871648434,0.01694235583964079,0.01694235583964079,0.01694235583964079,4.0,0.8568850669506691,0.14311493304933087,0.046577086840357496
0.7963209834737034,0.7963209834737034,0.7963209834737034,0.2713379415081182,0.42551545032776245,0.42551545032776245,0.42551545032776245,0.2711041771560551,0.2711041771560551,0.2711041771560551,4.0,0.6327351707497403,0.3672648292502597,0.04236185266577618
0.6907435214328701,0.6907435214328701,0.6907435214328701,0.18004449924429916,0.3954510523750315,0.3954510523750315,0.3954510523750315,0.2003924370526239,0.2003924370526239,0.2003924370526239,4.0,0.3885429332214157,0.6114570667785844,0.005286918231263759
0.4325764945943985,0.4325764945943985,0.4325764945943985,0.10551789973430081,0.239044528221316,0.239044528221316,0.239044528221316,0.15996917741944428,0.15996917741944428,0.15996917741944428,4.0,0.43892902238501963,0.5610709776149804,0.049075296781587806
0.9601869908840096,0.9601869908840096,0.9601869908840096,0.09812742002561896,0.2792593408441313,0.2792593408441313,0.2792593408441313,0.2555860925329659,0.2555860925329659,0.2555860925329659,4.0,0.167733271462681,0.832266728537319,0.27710740961643127
0.8247495236283614,0.8247495236283614,0.8247495236283614,0.3762998409741993,0.1947544735743927,0.1947544735743927,0.1947544735743927,0.19463337187799995,0.19463337187799995,0.19463337187799995,4.0,0.4481664116898364,0.5518335883101636,0.002574081028711865
0.8581823531572745,0.8581823531572745,0.8581823531572745,0.0859190750526978,0.38034259278079985,0.38034259278079985,0.38034259278079985,0.27527426393198423,0.27527426393198423,0.27527426393198423,4.0,0.4489281744228175,0.5510718255771825,0.29081546987201495
0.7338180150433928,0.7338180150433928,0.7338180150433928,0.04206655006241395,0.3363705651349466,0.3363705651349466,0.3363705651349466,0.0844124143505436,0.0844124143505436,0.0844124143505436,4.0,0.9782528492942993,0.021747150705700657,0.6257005126616126
0.8467508517518335,0.8467508517518335,0.8467508517518335,0.08842145231407693,0.1422583994113735,0.1422583994113735,0.1422583994113735,0.057678343246835996,0.057678343246835996,0.057678343246835996,4.0,0.5224607203221869,0.47753927967781307,0.19403180485849827
0.9972462130733816,0.9972462130733816,0.9972462130733816,0.2564617076502693,0.2576352744947597,0.2576352744947597,0.2576352744947597,0.054513719009763,0.054513719009763,0.054513719009763,4.0,0.5842815380542793,0.4157184619457207,0.033477415540856696
0.6744978195413871,0.6744978195413871,0.6744978195413871,0.10719597398044726,0.3341761850403438,0.3341761850403438,0.3341761850403438,0.029792422034765377,0.029792422034765377,0.029792422034765377,4.0,0.3951962868650484,0.6048037131349516,0.19158768537300294
0.8220884178424492,0.8220884178424492,0.8220884178424492,0.053287381505633946,0.2371517215723938,0.2371517215723938,0.2371517215723938,0.1636272482749321,0.1636272482749321,0.1636272482749321,4.0,0.09685569640195352,0.9031443035980464,0.6738421888860018
0.7163482194402883,0.7163482194402883,0.7163482194402883,0.16049152765919106,0.4063022466973404,0.4063022466973404,0.4063022466973404,0.2908161953854591,0.2908161953854591,0.2908161953854591,4.0,0.6474445754407756,0.3525554245592244,0.3392661259980326
0.9037831116473137,0.9037831116473137,0.9037831116473137,0.06958958308348892,0.4005887218795686,0.4005887218795686,0.4005887218795686,0.041076550615387446,0.041076550615387446,0.041076550615387446,4.0,0.8304367186601183,0.16956328133988174,0.30858677795925055
0.9727445262584873,0.9727445262584873,0.9727445262584873,0.16487309064396674,0.16666211525165112,0.16666211525165112,0.16666211525165112,0.08042155783052317,0.08042155783052317,0.08042155783052317,4.0,0.7457795284889445,0.25422047151105553,0.5256801562935101
0.5543465864404069,0.5543465864404069,0.5543465864404069,0.19417893148219142,0.328678068009202,0.328678068009202,0.328678068009202,0.018725133827641852,0.018725133827641852,0.018725133827641852,4.0,0.5308065662963308,0.46919343370366917,0.05841538495119451
0.6941611271144603,0.6941611271144603,0.6941611271144603,0.28456252067712184,0.49360298103551986,0.49360298103551986,0.49360298103551986,0.11166911144302646,0.11166911144302646,0.11166911144302646,4.0,0.8154394728938906,0.18456052710610937,0.10009482017945415
0.8934195898506524,0.8934195898506524,0.8934195898506524,0.14164379228797128,0.5612872073571951,0.5612872073571951,0.5612872073571951,0.1244723241950504,0.1244723241950504,0.1244723241950504,4.0,0.5978652805745893,0.4021347194254107,0.598327730278148
0.8864752168426818,0.8864752168426818,0.8864752168426818,0.12166998996601697,0.507010050138517,0.507010050138517,0.507010050138517,0.044593100398095574,0.044593100398095574,0.044593100398095574,4.0,0.8415854393578018,0.15841456064219817,0.2679727623948458
0.929580261603683,0.929580261603683,0.929580261603683,0.10432522765469464,0.835831708021161,0.835831708021161,0.835831708021161,0.019430754253749523,0.019430754253749523,0.019430754253749523,4.0,0.7618020351653282,0.23819796483467182,0.22767904104049763
0.8143472461911605,0.8143472461911605,0.8143472461911605,0.3086353248126246,0.24612419034449057,0.24612419034449057,0.24612419034449057,0.10449777421661043,0.10449777421661043,0.10449777421661043,4.0,0.7306960464475928,0.2693039535524072,0.02040750208593083
0.7617541043843307,0.7617541043843307,0.7617541043843307,0.15426822246792807,0.3914127559708284,0.3914127559708284,0.3914127559708284,0.3139403743210649,0.3139403743210649,0.3139403743210649,4.0,0.5784578144229551,0.4215421855770449,0.25092527381010277
0.9296554385478439,0.9296554385478439,0.9296554385478439,0.33032791856307053,0.2800678014345652,0.2800678014345652,0.2800678014345652,0.1477189154242234,0.1477189154242234,0.1477189154242234,4.0,0.08983320299179955,0.9101667970082005,0.18088643957706277
0.5968833371017159,0.5968833371017159,0.5968833371017159,0.07650653641253438,0.16374136439114179,0.16374136439114179,0.16374136439114179,0.0240401592365837,0.0240401592365837,0.0240401592365837,4.0,0.5593507151284197,0.4406492848715803,0.4271721263395343
0.8250558331920047,0.8250558331920047,0.8250558331920047,0.1490422481749326,0.443277415152893,0.443277415152893,0.443277415152893,0.10112129964652306,0.10112129964652306,0.10112129964652306,4.0,0.7450830866080458,0.2549169133919542,0.441609962817181
0.8980669855332987,0.8980669855332987,0.8980669855332987,0.08325376091348421,0.531410068697727,0.531410068697727,0.531410068697727,0.26464678866809055,0.26464678866809055,0.26464678866809055,4.0,0.8919084641532845,0.10809153584671549,0.25250350354814366
0.9568284645848302,0.9568284645848302,0.9568284645848302,0.06970452371602157,0.577311724607346,0.577311724607346,0.577311724607346,0.3766121304360271,0.3766121304360271,0.3766121304360271,4.0,0.8487552407057976,0.15124475929420245,0.6413024340921295
0.7461322016440002,0.7461322016440002,0.7461322016440002,0.16808059463434646,0.5865871708465019,0.5865871708465019,0.5865871708465019,0.08628436755527255,0.08628436755527255,0.08628436755527255,4.0,0.16441471798768395,0.8355852820123161,0.22753944110636215
0.890934820427742,0.890934820427742,0.890934820427742,0.052431782293775916,0.5963596673134031,0.5963596673134031,0.5963596673134031,0.05735179684456917,0.05735179684456917,0.05735179684456917,4.0,0.4394710219937621,0.5605289780062379,0.3740422596980253
0.9572387876106468,0.9572387876106468,0.9572387876106468,0.1571433938198282,0.42719264674582574,0.42719264674582574,0.42719264674582574,0.22174637400834307,0.22174637400834307,0.22174637400834307,4.0,0.06586536030036061,0.9341346396996394,0.4207824303662519
0.7512899149719826,0.7512899149719826,0.7512899149719826,0.3367693216690642,0.39090832862761465,0.39090832862761465,0.39090832862761465,0.34206416161513403,0.34206416161513403,0.34206416161513403,4.0,0.7100348380006336,0.2899651619993664,0.010263474024577368
0.4855375617916209,0.4855375617916209,0.4855375617916209,0.154929234466914,0.23981174666725358,0.23981174666725358,0.23981174666725358,0.09830369978501945,0.09830369978501945,0.09830369978501945,4.0,0.38885794712559696,0.611142052874403,0.010210544882590733
0.8369800985582205,0.8369800985582205,0.8369800985582205,0.08051975678746136,0.4866865277423303,0.4866865277423303,0.4866865277423303,0.07220757196075964,0.07220757196075964,0.07220757196075964,4.0,0.39239819080182387,0.6076018091981761,0.5921748031335318
0.8859898984182406,0.8859898984182406,0.8859898984182406,0.17025783146072584,0.47352385428522464,0.47352385428522464,0.47352385428522464,0.34909826153073,0.34909826153073,0.34909826153073,4.0,0.07946684487123504,0.920533155128765,0.24475716193653918
0.9477102261743484,0.9477102261743484,0.9477102261743484,0.4233641656852347,0.30855068363685756,0.30855068363685756,0.30855068363685756,0.22597275916147014,0.22597275916147014,0.22597275916147014,4.0,0.012707567114669473,0.9872924328853305,0.0734882291221637
0.8600791601378726,0.8600791601378726,0.8600791601378726,0.371783321174001,0.14747568690311805,0.14747568690311805,0.14747568690311805,0.020121788435493383,0.020121788435493383,0.020121788435493383,4.0,0.7935269726880172,0.2064730273119828,0.038794519339358874
0.996441659044433,0.996441659044433,0.996441659044433,0.09105584735253308,0.6748953116772184,0.6748953116772184,0.6748953116772184,0.1329230677400886,0.1329230677400886,0.1329230677400886,4.0,0.6242739101340048,0.3757260898659952,0.6945800797488155
0.974245756295394,0.974245756295394,0.974245756295394,0.12713036431517635,0.4586891576780348,0.4586891576780348,0.4586891576780348,0.2176548469825963,0.2176548469825963,0.2176548469825963,4.0,0.08450541284955583,0.9154945871504442,0.2569552121612628
0.610657577036753,0.610657577036753,0.610657577036753,0.05764762413608833,0.42199443931473896,0.42199443931473896,0.42199443931473896,0.10489760157743469,0.10489760157743469,0.10489760157743469,4.0,0.5434730944289762,0.4565269055710238,0.012787759325031614
0.9878970815026172,0.9878970815026172,0.9878970815026172,0.227350791414117,0.6690352601814725,0.6690352601814725,0.6690352601814725,0.26465768949529395,0.26465768949529395,0.26465768949529395,4.0,0.32242389624935947,0.6775761037506405,0.26604638934877317
0.8469369596173821,0.8469369596173821,0.8469369596173821,0.2769906504833731,0.41891601704821524,0.41891601704821524,0.41891601704821524,0.15835810408428808,0.15835810408428808,0.15835810408428808,4.0,0.45428312314120267,0.5457168768587973,0.11094142508865848
0.8977526280138634,0.8977526280138634,0.8977526280138634,0.38810801031781583,0.2849119290409554,0.2849119290409554,0.2849119290409554,0.046262592523883615,0.046262592523883615,0.046262592523883615,4.0,0.8355299857203342,0.1644700142796658,0.08780487999460249
0.915729197705858,0.915729197705858,0.915729197705858,0.3280996419298171,0.08172530914453985,0.08172530914453985,0.08172530914453985,0.06717802253023432,0.06717802253023432,0.06717802253023432,4.0,0.6433869984998387,0.3566130015001613,0.25037190023010036
0.9193889559093553,0.9193889559093553,0.9193889559093553,0.12016689739156414,0.4340406161545931,0.4340406161545931,0.4340406161545931,0.058728140679680095,0.058728140679680095,0.058728140679680095,4.0,0.7716615038118438,0.22833849618815616,0.3652535740243507
0.9480813355024496,0.9480813355024496,0.9480813355024496,0.11403283945061658,0.17012155233729442,0.17012155233729442,0.17012155233729442,0.05453348405382656,0.05453348405382656,0.05453348405382656,4.0,0.7720921455938198,0.22790785440618022,0.15919422364717958
0.9659581710570165,0.9659581710570165,0.9659581710570165,0.39034293692693034,0.4775839688177064,0.4775839688177064,0.4775839688177064,0.46455747958263804,0.46455747958263804,0.46455747958263804,4.0,0.5781737288783225,0.4218262711216775,0.07143111412300279
0.8407883250041284,0.8407883250041284,0.8407883250041284,0.17895317194912208,0.40748344761618194,0.40748344761618194,0.40748344761618194,0.1471957507629202,0.1471957507629202,0.1471957507629202,4.0,0.7054872009882632,0.29451279901173677,0.44705393399607807
0.817381081360748,0.817381081360748,0.817381081360748,0.2943933067109279,0.37552904686220206,0.37552904686220206,0.37552904686220206,0.3570612888146923,0.3570612888146923,0.3570612888146923,4.0,0.04213833499179796,0.957861665008202,0.05316281065140769
0.8100019451617037,0.8100019451617037,0.8100019451617037,0.256538842140763,0.5823252316009622,0.5823252316009622,0.5823252316009622,0.2031592751749859,0.2031592751749859,0.2031592751749859,4.0,0.8175629792681517,0.1824370207318483,0.09802607096957254
0.9128151564272933,0.9128151564272933,0.9128151564272933,0.28105737325681546,0.5618135641241219,0.5618135641241219,0.5618135641241219,0.18770582447500914,0.18770582447500914,0.18770582447500914,4.0,0.030965988261040175,0.9690340117389599,0.12661289295870704
0.9785106230271909,0.9785106230271909,0.9785106230271909,0.19262353867586807,0.3783175560770398,0.3783175560770398,0.3783175560770398,0.18134850419952864,0.18134850419952864,0.18134850419952864,4.0,0.09309693773561635,0.9069030622643837,0.4776732613656936
0.9571952236885094,0.9571952236885094,0.9571952236885094,0.19966982024883295,0.6284173315323383,0.6284173315323383,0.6284173315323383,0.3190101880595017,0.3190101880595017,0.3190101880595017,4.0,0.30799407618921104,0.692005923810789,0.5526546079213385
0.844489481044878,0.844489481044878,0.844489481044878,0.22328005214398788,0.48362991448402853,0.48362991448402853,0.48362991448402853,0.217198607951217,0.217198607951217,0.217198607951217,4.0,0.64157393320839,0.35842606679161004,0.20046792684133555
0.9670945848064454,0.9670945848064454,0.9670945848064454,0.09269983125083102,0.5996083553904522,0.5996083553904522,0.5996083553904522,0.18227712569950588,0.18227712569950588,0.18227712569950588,4.0,0.8705234572474307,0.12947654275256926,0.15682346610488201
0.7759483561694728,0.7759483561694728,0.7759483561694728,0.06732410110833809,0.06100603638722625,0.06100603638722625,0.06100603638722625,0.010367320110870302,0.010367320110870302,0.010367320110870302,4.0,0.8766168570289492,0.1233831429710508,0.3513331117942071
0.6982528586330558,0.6982528586330558,0.6982528586330558,0.1158015281918718,0.27722323047302544,0.27722323047302544,0.27722323047302544,0.14126630507938875,0.14126630507938875,0.14126630507938875,4.0,0.5999876251664368,0.4000123748335632,0.43665011616094146
0.9416654254797882,0.9416654254797882,0.9416654254797882,0.07718250634839496,0.5893234186767977,0.5893234186767977,0.5893234186767977,0.31790615167309166,0.31790615167309166,0.31790615167309166,4.0,0.44638213459915344,0.5536178654008466,0.23744606997538592
0.693751800106469,0.693751800106469,0.693751800106469,0.027114323016861067,0.27438060043456247,0.27438060043456247,0.27438060043456247,0.25952953341399515,0.25952953341399515,0.25952953341399515,4.0,0.3959630699120899,0.60403693008791,0.5529307331191633
0.7719528834166796,0.7719528834166796,0.7719528834166796,0.0970190104186983,0.170478897622034,0.170478897622034,0.170478897622034,0.1019676987409487,0.1019676987409487,0.1019676987409487,4.0,0.6002170406342524,0.3997829593657476,0.10886611239684356
0.9931212782845129,0.9931212782845129,0.9931212782845129,0.2710378234503162,0.7901332939504218,0.7901332939504218,0.7901332939504218,0.05905685803481163,0.05905685803481163,0.05905685803481163,4.0,0.9543429103965106,0.045657089603489354,0.2013426668350827
0.6817928158848365,0.6817928158848365,0.6817928158848365,0.04566957320599092,0.422233764664241,0.422233764664241,0.422233764664241,0.06049857589612889,0.06049857589612889,0.06049857589612889,4.0,0.7485283156136753,0.2514716843863247,0.542389353603958
0.8808179914818334,0.8808179914818334,0.8808179914818334,0.05057129632886753,0.3250038865191915,0.3250038865191915,0.3250038865191915,0.05817244448367741,0.05817244448367741,0.05817244448367741,4.0,0.6402815155876505,0.35971848441234955,0.3490589117204211
0.7810766279394433,0.7810766279394433,0.7810766279394433,0.3651727599233106,0.49738454851028047,0.49738454851028047,0.49738454851028047,0.13091223143362454,0.13091223143362454,0.13091223143362454,4.0,0.6909354129180171,0.3090645870819829,0.03080111838517776
0.9329786273927919,0.9329786273927919,0.9329786273927919,0.09425430142904748,0.3658155381105527,0.3658155381105527,0.3658155381105527,0.19649774409417894,0.19649774409417894,0.19649774409417894,4.0,0.4251343387828303,0.5748656612171696,0.5916823883349371
0.9553245591083329,0.9553245591083329,0.9553245591083329,0.07249142346206573,0.565868300365231,0.565868300365231,0.565868300365231,0.11317588704046519,0.11317588704046519,0.11317588704046519,4.0,0.48989139034107565,0.5101086096589244,0.28541959270755335
0.7804514783808542,0.7804514783808542,0.7804514783808542,0.05527312296865474,0.3365094009008144,0.3365094009008144,0.3365094009008144,0.0681941317872007,0.0681941317872007,0.0681941317872007,4.0,0.07600597661934802,0.923994023380652,0.391209191390053
0.9550157327246543,0.9550157327246543,0.9550157327246543,0.2486247460678621,0.48725234728303585,0.48725234728303585,0.48725234728303585,0.2384641085457908,0.2384641085457908,0.2384641085457908,4.0,0.7675348083302205,0.23246519166977953,0.3091954400178244
0.9791585362773022,0.9791585362773022,0.9791585362773022,0.11986308925597156,0.6437830176106107,0.6437830176106107,0.6437830176106107,0.17853632737374395,0.17853632737374395,0.17853632737374395,4.0,0.9574062096007989,0.04259379039920108,0.2654542925016061
0.8790024910687676,0.8790024910687676,0.8790024910687676,0.3131892564188963,0.4706933218008994,0.4706933218008994,0.4706933218008994,0.40291243681801664,0.40291243681801664,0.40291243681801664,4.0,0.7660252429577719,0.23397475704222814,0.12397484423439242
0.7595878964027827,0.7595878964027827,0.7595878964027827,0.15666641564291559,0.1671940434592049,0.1671940434592049,0.1671940434592049,0.0766874329469294,0.0766874329469294,0.0766874329469294,4.0,0.38777176036868655,0.6122282396313135,0.32374719410905156
0.4521232639352374,0.4521232639352374,0.4521232639352374,0.17254933837138045,0.2212478027504766,0.2212478027504766,0.2212478027504766,0.037478654264924256,0.037478654264924256,0.037478654264924256,4.0,0.3053101189367908,0.6946898810632092,0.05959109630128216
0.5898792127945731,0.5898792127945731,0.5898792127945731,0.07664819874907161,0.36302941324236493,0.36302941324236493,0.36302941324236493,0.15893060242738957,0.15893060242738957,0.15893060242738957,4.0,0.26797624550176596,0.732023754498234,0.04646799878140114
0.809374108768484,0.809374108768484,0.809374108768484,0.04222124654165739,0.3541148838237666,0.3541148838237666,0.3541148838237666,0.3182029369530698,0.3182029369530698,0.3182029369530698,4.0,0.40755788864829773,0.5924421113517022,0.3536324852747619
0.9106096312050133,0.9106096312050133,0.9106096312050133,0.18900364538575368,0.4374802756401339,0.4374802756401339,0.4374802756401339,0.3745086693905916,0.3745086693905916,0.3745086693905916,4.0,0.8069940799817006,0.19300592001829942,0.507757820465993
0.8919709481591337,0.8919709481591337,0.8919709481591337,0.048014670378983625,0.4249648978979402,0.4249648978979402,0.4249648978979402,0.1388927619443966,0.1388927619443966,0.1388927619443966,4.0,0.31245827410129895,0.6875417258987011,0.24397377305383058
0.9676901350074921,0.9676901350074921,0.9676901350074921,0.02999515149423736,0.34038097730168115,0.34038097730168115,0.34038097730168115,0.328775897776771,0.328775897776771,0.328775897776771,4.0,0.5813474569390008,0.4186525430609992,0.4582154571505816
0.966252276488188,0.966252276488188,0.966252276488188,0.17550205588999956,0.8496961795297633,0.8496961795297633,0.8496961795297633,0.015748785706534842,0.015748785706534842,0.015748785706534842,4.0,0.29530071026358307,0.7046992897364169,0.6039101551081434
0.8743058036058616,0.8743058036058616,0.8743058036058616,0.03438723216305575,0.4554045730115418,0.4554045730115418,0.4554045730115418,0.3207808367700433,0.3207808367700433,0.3207808367700433,4.0,0.5711101495946292,0.42888985040537075,0.6701689674600919
0.9401306794500678,0.9401306794500678,0.9401306794500678,0.13183780894382782,0.42196020192487244,0.42196020192487244,0.42196020192487244,0.1602181558380402,0.1602181558380402,0.1602181558380402,4.0,0.20599642101039442,0.7940035789896056,0.4951180906029654
0.9270672842843468,0.9270672842843468,0.9270672842843468,0.2074776420474987,0.3541089759453658,0.3541089759453658,0.3541089759453658,0.3109572763065571,0.3109572763065571,0.3109572763065571,4.0,0.5741537824083922,0.4258462175916078,0.2779916086835405
0.9238267605871071,0.9238267605871071,0.9238267605871071,0.13659416059987417,0.2246593941981094,0.2246593941981094,0.2246593941981094,0.07210895532601737,0.07210895532601737,0.07210895532601737,4.0,0.679374840660682,0.320625159339318,0.2607092159705126
0.8296377173755553,0.8296377173755553,0.8296377173755553,0.07472583776912861,0.5066814608623544,0.5066814608623544,0.5066814608623544,0.15504216321131828,0.15504216321131828,0.15504216321131828,4.0,0.43183296788709014,0.5681670321129099,0.3595886166356098
0.9687485719486759,0.9687485719486759,0.9687485719486759,0.36472208494765684,0.5534778627292135,0.5534778627292135,0.5534778627292135,0.155048180963726,0.155048180963726,0.155048180963726,4.0,0.031064160151981435,0.9689358398480186,0.22526185675795915
0.9903207013376729,0.9903207013376729,0.9903207013376729,0.03858762901975045,0.5710975152640414,0.5710975152640414,0.5710975152640414,0.38717387277843285,0.38717387277843285,0.38717387277843285,4.0,0.29058895566693627,0.7094110443330637,0.13787085517674671
0.9910313468016824,0.9910313468016824,0.9910313468016824,0.282292155180597,0.8028024451637404,0.8028024451637404,0.8028024451637404,0.14342768861688449,0.14342768861688449,0.14342768861688449,4.0,0.3309639448069192,0.6690360551930807,0.1395019050767404
0.7564341353618712,0.7564341353618712,0.7564341353618712,0.06989705283822599,0.3071594216051038,0.3071594216051038,0.3071594216051038,0.2281804390903532,0.2281804390903532,0.2281804390903532,4.0,0.43711924357410364,0.5628807564258964,0.5345482925541483
0.6782951781476766,0.6782951781476766,0.6782951781476766,0.2946217351560468,0.25404490471754737,0.25404490471754737,0.25404490471754737,0.17700146485221288,0.17700146485221288,0.17700146485221288,4.0,0.2889986854918826,0.7110013145081173,0.06199003783332409
0.7669153844556154,0.7669153844556154,0.7669153844556154,0.12063603200071486,0.6576599283105584,0.6576599283105584,0.6576599283105584,0.1062217172582926,0.1062217172582926,0.1062217172582926,4.0,0.6204107679533453,0.37958923204665473,0.29858311532750914
0.2759956681808399,0.2759956681808399,0.2759956681808399,0.06945168442963705,0.18392843359893715,0.18392843359893715,0.18392843359893715,0.023999887786023848,0.023999887786023848,0.023999887786023848,4.0,0.8030115088416039,0.19698849115839612,0.11250481827090315
0.9322572760915229,0.9322572760915229,0.9322572760915229,0.10271292979704047,0.3943174564272656,0.3943174564272656,0.3943174564272656,0.008452814106244988,0.008452814106244988,0.008452814106244988,4.0,0.6664887569931658,0.3335112430068342,0.43906815500479013
0.978406297256011,0.978406297256011,0.978406297256011,0.04777315845504823,0.4091807808773165,0.4091807808773165,0.4091807808773165,0.23399255044977285,0.23399255044977285,0.23399255044977285,4.0,0.5792466498733885,0.4207533501266115,0.38596964897576175
0.8007639092513187,0.8007639092513187,0.8007639092513187,0.15650407077596046,0.23782268196963677,0.23782268196963677,0.23782268196963677,0.22241054258555865,0.22241054258555865,0.22241054258555865,4.0,0.8596373304451254,0.14036266955487464,0.43107242243455646
0.9511284365862068,0.9511284365862068,0.9511284365862068,0.07518532040876276,0.6695923039236029,0.6695923039236029,0.6695923039236029,0.05231497936724196,0.05231497936724196,0.05231497936724196,4.0,0.8513997513511044,0.14860024864889565,0.2990407396251261
0.9323300309366926,0.9323300309366926,0.9323300309366926,0.0577629162553296,0.5819574906049646,0.5819574906049646,0.5819574906049646,0.3127172517256524,0.3127172517256524,0.3127172517256524,4.0,0.549389002297945,0.45061099770205504,0.551160726008662
0.7178610468023723,0.7178610468023723,0.7178610468023723,0.13676370452111553,0.16084051548041417,0.16084051548041417,0.16084051548041417,0.10401594597941201,0.10401594597941201,0.10401594597941201,4.0,0.991686503858225,0.008313496141775012,0.20468763285492983
0.5671806961456061,0.5671806961456061,0.5671806961456061,0.04947921756088316,0.1937293155025634,0.1937293155025634,0.1937293155025634,0.008242853846243738,0.008242853846243738,0.008242853846243738,4.0,0.09614505533096664,0.9038549446690334,0.0004892981370333868
0.9004849843980912,0.9004849843980912,0.9004849843980912,0.18510937228456686,0.4355329249308722,0.4355329249308722,0.4355329249308722,0.13996369933757552,0.13996369933757552,0.13996369933757552,4.0,0.006883485530615635,0.9931165144693843,0.5186628558227875
0.9581991134304338,0.9581991134304338,0.9581991134304338,0.13021755942469537,0.5877317638881128,0.5877317638881128,0.5877317638881128,0.14108451798796248,0.14108451798796248,0.14108451798796248,4.0,0.8215366482814557,0.17846335171854433,0.5939094387067925
0.9956518228738744,0.9956518228738744,0.9956518228738744,0.3253208611673522,0.45647162444295636,0.45647162444295636,0.45647162444295636,0.3191860617044725,0.3191860617044725,0.3191860617044725,4.0,0.9698792692280988,0.03012073077190125,0.05609984392459915
0.8612439919508962,0.8612439919508962,0.8612439919508962,0.4072354206477202,0.2147779255133973,0.2147779255133973,0.2147779255133973,0.09797542667049064,0.09797542667049064,0.09797542667049064,4.0,0.9163796330685559,0.08362036693144415,0.038271261737752235
0.840619812551148,0.840619812551148,0.840619812551148,0.19346991999000657,0.23615518383607914,0.23615518383607914,0.23615518383607914,0.22523322527440534,0.22523322527440534,0.22523322527440534,4.0,0.17623448093895974,0.8237655190610402,0.3803548519984475
0.5475816254438258,0.5475816254438258,0.5475816254438258,0.03733565136023398,0.35123611451503817,0.35123611451503817,0.35123611451503817,0.09333494558297971,0.09333494558297971,0.09333494558297971,4.0,0.025641772296861105,0.9743582277031388,0.2597283688230162
0.841050497823122,0.841050497823122,0.841050497823122,0.2859905693213432,0.4260264350162665,0.4260264350162665,0.4260264350162665,0.08866336711663184,0.08866336711663184,0.08866336711663184,4.0,0.08884881283935026,0.9111511871606497,0.1398198934456595
0.9618914655975102,0.9618914655975102,0.9618914655975102,0.3852325950906153,0.2778027652754451,0.2778027652754451,0.2778027652754451,0.024701577348238253,0.024701577348238253,0.024701577348238253,4.0,0.36555682635368775,0.6344431736463123,0.16627370959198817
0.4911982228983382,0.4911982228983382,0.4911982228983382,0.10663228624161711,0.3037535511878398,0.3037535511878398,0.3037535511878398,0.03240195387012539,0.03240195387012539,0.03240195387012539,4.0,0.060249942560022245,0.9397500574399777,0.20421834716643525
0.9422741843042209,0.9422741843042209,0.9422741843042209,0.05662384140907062,0.3464285632897718,0.3464285632897718,0.3464285632897718,0.11987526571657989,0.11987526571657989,0.11987526571657989,4.0,0.44362605075681355,0.5563739492431865,0.7204280704989315
0.9023375222335419,0.9023375222335419,0.9023375222335419,0.17651335257050216,0.648550289536951,0.648550289536951,0.648550289536951,0.18100120462455138,0.18100120462455138,0.18100120462455138,4.0,0.8392439561508633,0.16075604384913667,0.15410152988841447
0.806126274233434,0.806126274233434,0.806126274233434,0.3476906016031485,0.5831608593789512,0.5831608593789512,0.5831608593789512,0.21777828422614007,0.21777828422614007,0.21777828422614007,4.0,0.9234738073635852,0.0765261926364148,0.009467992137210586
0.9856883614869972,0.9856883614869972,0.9856883614869972,0.09541629564816106,0.49140380521064486,0.49140380521064486,0.49140380521064486,0.03011290052932213,0.03011290052932213,0.03011290052932213,4.0,0.05300337693131838,0.9469966230686816,0.09573730141878528
0.9002376089429214,0.9002376089429214,0.9002376089429214,0.1881627088379592,0.5709806781728587,0.5709806781728587,0.5709806781728587,0.2847622994774897,0.2847622994774897,0.2847622994774897,4.0,0.5442782037892179,0.4557217962107821,0.4644283110082681
0.6074609283919176,0.6074609283919176,0.6074609283919176,0.1827862263535808,0.49215306848857104,0.49215306848857104,0.49215306848857104,0.0798883671304738,0.0798883671304738,0.0798883671304738,4.0,0.3152455870842373,0.6847544129157628,0.18370009196991727
0.7529382000933235,0.7529382000933235,0.7529382000933235,0.041797857457302995,0.3698188893602424,0.3698188893602424,0.3698188893602424,0.28660993127373025,0.28660993127373025,0.28660993127373025,4.0,0.5749312952383755,0.4250687047616245,0.008727760956221726
0.9592560983627871,0.9592560983627871,0.9592560983627871,0.24602561207632123,0.24850732126338623,0.24850732126338623,0.24850732126338623,0.23989432539243177,0.23989432539243177,0.23989432539243177,4.0,0.8802145936550918,0.1197854063449082,0.3887077368520541
0.7998266280275652,0.7998266280275652,0.7998266280275652,0.1952871495972851,0.6952011229887701,0.6952011229887701,0.6952011229887701,0.09100822173754675,0.09100822173754675,0.09100822173754675,4.0,0.5294044219501105,0.4705955780498895,0.17343555496319737
0.9026417995422183,0.9026417995422183,0.9026417995422183,0.4002177009129513,0.8348893930768132,0.8348893930768132,0.8348893930768132,0.015464955790086145,0.015464955790086145,0.015464955790086145,4.0,0.44401337255476,0.5559866274452401,0.0025103383902836305
0.7906739819943321,0.7906739819943321,0.7906739819943321,0.08194850176298535,0.6096790859182354,0.6096790859182354,0.6096790859182354,0.11744447233166337,0.11744447233166337,0.11744447233166337,4.0,0.6286407407548845,0.3713592592451155,0.06801877749590246
0.7400267784138295,0.7400267784138295,0.7400267784138295,0.08741391505448662,0.36279552905137313,0.36279552905137313,0.36279552905137313,0.12982841496456918,0.12982841496456918,0.12982841496456918,4.0,0.8549166771062696,0.14508332289373038,0.402891386480998
0.9103633666532289,0.9103633666532289,0.9103633666532289,0.12649127777475505,0.24385309164203023,0.24385309164203023,0.24385309164203023,0.16554621386560536,0.16554621386560536,0.16554621386560536,4.0,0.14611281297806716,0.8538871870219329,0.090321076864344
0.937545382248359,0.937545382248359,0.937545382248359,0.15334514354470913,0.4498505292473136,0.4498505292473136,0.4498505292473136,0.34072822518337753,0.34072822518337753,0.34072822518337753,4.0,0.6649270695792773,0.3350729304207227,0.1903709693614058
0.9543163605678726,0.9543163605678726,0.9543163605678726,0.25948907687065914,0.48830350016238266,0.48830350016238266,0.48830350016238266,0.12920139163785344,0.12920139163785344,0.12920139163785344,4.0,0.6982099403872223,0.3017900596127777,0.295906155645415
0.8408252196268046,0.8408252196268046,0.8408252196268046,0.11013010592676406,0.4673145647326459,0.4673145647326459,0.4673145647326459,0.25268729045016947,0.25268729045016947,0.25268729045016947,4.0,0.9256432539124085,0.07435674608759146,0.042533978866149756
0.7875900935741084,0.7875900935741084,0.7875900935741084,0.21653163922270355,0.14190147285427648,0.14190147285427648,0.14190147285427648,0.12169760807776477,0.12169760807776477,0.12169760807776477,4.0,0.4132666714315585,0.5867333285684415,0.21106303177145452
0.9262625868166221,0.9262625868166221,0.9262625868166221,0.24945967116719472,0.47225926181397526,0.47225926181397526,0.47225926181397526,0.1892723092581394,0.1892723092581394,0.1892723092581394,4.0,0.8857901084859318,0.11420989151406824,0.32556228720675884
0.9741234902717036,0.9741234902717036,0.9741234902717036,0.17475730808369147,0.5189026019021484,0.5189026019021484,0.5189026019021484,0.39605017829810363,0.39605017829810363,0.39605017829810363,4.0,0.03294847223289159,0.9670515277671085,0.23408499772996694
0.9460002474494832,0.9460002474494832,0.9460002474494832,0.20992536263787379,0.45141831222158696,0.45141831222158696,0.45141831222158696,0.3079868372081777,0.3079868372081777,0.3079868372081777,4.0,0.16827072632630874,0.8317292736736912,0.3062631720926398
0.9422452452070029,0.9422452452070029,0.9422452452070029,0.25562633792496514,0.7949635500272582,0.7949635500272582,0.7949635500272582,0.09910131071285264,0.09910131071285264,0.09910131071285264,4.0,0.25414789482861333,0.7458521051713867,0.19027688721614228
0.31602965735498917,0.31602965735498917,0.31602965735498917,0.08312342333051449,0.21091589241062872,0.21091589241062872,0.21091589241062872,0.03005030616133697,0.03005030616133697,0.03005030616133697,4.0,0.9677693319541018,0.03223066804589825,0.09500854863791688
0.8598350309915124,0.8598350309915124,0.8598350309915124,0.029998073806969776,0.296854955457407,0.296854955457407,0.296854955457407,0.004244241645702821,0.004244241645702821,0.004244241645702821,4.0,0.6173229707295383,0.38267702927046165,0.6423765991863623
0.9687800933279158,0.9687800933279158,0.9687800933279158,0.12903690071557264,0.6878146232390543,0.6878146232390543,0.6878146232390543,0.23445642726203092,0.23445642726203092,0.23445642726203092,4.0,0.9003569865075421,0.09964301349245785,0.5542898107920416
0.9874273544396776,0.9874273544396776,0.9874273544396776,0.03834093417938366,0.37102837551376633,0.37102837551376633,0.37102837551376633,0.04168735867616894,0.04168735867616894,0.04168735867616894,4.0,0.9085479812549087,0.09145201874509135,0.2704315820171783
0.9184199774220391,0.9184199774220391,0.9184199774220391,0.42394318868542047,0.4091495699081774,0.4091495699081774,0.4091495699081774,0.18831792182367935,0.18831792182367935,0.18831792182367935,4.0,0.027129979582328313,0.9728700204176717,0.06417909583836577
0.9160395041942487,0.9160395041942487,0.9160395041942487,0.1021263215389919,0.4714232692483194,0.4714232692483194,0.4714232692483194,0.44052883258916703,0.44052883258916703,0.44052883258916703,4.0,0.5451807180966228,0.45481928190337717,0.38732416324080937
0.9360880629514254,0.9360880629514254,0.9360880629514254,0.2631201372189978,0.7428956674413045,0.7428956674413045,0.7428956674413045,0.16160546039586288,0.16160546039586288,0.16160546039586288,4.0,0.6860696938407552,0.3139303061592448,0.27384471079283407
0.8566507386079495,0.8566507386079495,0.8566507386079495,0.06014285245675619,0.030217730269158524,0.030217730269158524,0.030217730269158524,0.0007766690355673483,0.0007766690355673483,0.0007766690355673483,4.0,0.5736580592593925,0.4263419407406075,0.32463870228866576
0.7441461357623675,0.7441461357623675,0.7441461357623675,0.23253593256517857,0.48796094645531046,0.48796094645531046,0.48796094645531046,0.08490171682256951,0.08490171682256951,0.08490171682256951,4.0,0.5218803084828538,0.4781196915171462,0.19611331008971072
0.8477605437163173,0.8477605437163173,0.8477605437163173,0.042218857217588404,0.5286670881564428,0.5286670881564428,0.5286670881564428,0.26001671178187113,0.26001671178187113,0.26001671178187113,4.0,0.2053959677151005,0.7946040322848995,0.2721448788658151
0.9805485040645093,0.9805485040645093,0.9805485040645093,0.22165923697892959,0.5543186569521208,0.5543186569521208,0.5543186569521208,0.25401638777330027,0.25401638777330027,0.25401638777330027,4.0,0.813988777504995,0.186011222495005,0.15666108157148742
0.985728016432758,0.985728016432758,0.985728016432758,0.13829826351376154,0.26028627834785495,0.26028627834785495,0.26028627834785495,0.11032241474328308,0.11032241474328308,0.11032241474328308,4.0,0.2431892976887806,0.7568107023112194,0.7036147452700332
0.8958160772703428,0.8958160772703428,0.8958160772703428,0.04648881645190656,0.511126533334178,0.511126533334178,0.511126533334178,0.34509299881294003,0.34509299881294003,0.34509299881294003,4.0,0.9736910311027981,0.026308968897201912,0.30458020878931025
0.8518901918093825,0.8518901918093825,0.8518901918093825,0.08097028025633653,0.18033081035777354,0.18033081035777354,0.18033081035777354,0.10787401427413709,0.10787401427413709,0.10787401427413709,4.0,0.7282231385297588,0.27177686147024116,0.4736589436690903
0.8994998987547048,0.8994998987547048,0.8994998987547048,0.24645550940592267,0.37102119700695196,0.37102119700695196,0.37102119700695196,0.04309112441578897,0.04309112441578897,0.04309112441578897,4.0,0.9451751579356769,0.05482484206432314,0.1266792768039054
0.7886811284914667,0.7886811284914667,0.7886811284914667,0.2029566084784173,0.21354622930105727,0.21354622930105727,0.21354622930105727,0.007620739775264855,0.007620739775264855,0.007620739775264855,4.0,0.24045135975766985,0.7595486402423302,0.15410799151451582
0.8740348138722311,0.8740348138722311,0.8740348138722311,0.13725149043238344,0.40748511092713174,0.40748511092713174,0.40748511092713174,0.152354189139787,0.152354189139787,0.152354189139787,4.0,0.6073817772965819,0.39261822270341806,0.23063672492075754
0.720261839476853,0.720261839476853,0.720261839476853,0.32260303377932276,0.16093654480504455,0.16093654480504455,0.16093654480504455,0.03948516664184879,0.03948516664184879,0.03948516664184879,4.0,0.5526185996794493,0.44738140032055074,0.0007436126686665325
0.8583675273734804,0.8583675273734804,0.8583675273734804,0.0639607317942689,0.2823235906927339,0.2823235906927339,0.2823235906927339,0.1086085589850268,0.1086085589850268,0.1086085589850268,4.0,0.5843075621671021,0.4156924378328979,0.021306484956541444
0.9803285730462515,0.9803285730462515,0.9803285730462515,0.19092613328534214,0.04393075747746278,0.04393075747746278,0.04393075747746278,0.011281891978639005,0.011281891978639005,0.011281891978639005,4.0,0.8519206621639012,0.14807933783609883,0.2583772976467539
0.7956186046866499,0.7956186046866499,0.7956186046866499,0.07449627362775185,0.37285614100153125,0.37285614100153125,0.37285614100153125,0.3177834827617933,0.3177834827617933,0.3177834827617933,4.0,0.8508281010307271,0.14917189896927285,0.07378398287647768
0.9996565321098175,0.9996565321098175,0.9996565321098175,0.31726760886642696,0.3775779236507374,0.3775779236507374,0.3775779236507374,0.30962154963397776,0.30962154963397776,0.30962154963397776,4.0,0.6694976041014365,0.33050239589856345,0.189617486737642
0.461531607676379,0.461531607676379,0.461531607676379,0.11418434176549128,0.20643296196452723,0.20643296196452723,0.20643296196452723,0.01931076062465331,0.01931076062465331,0.01931076062465331,4.0,0.962183718527267,0.03781628147273297,0.12573039668311103
0.9334033340942622,0.9334033340942622,0.9334033340942622,0.18179452419733505,0.17107751825279194,0.17107751825279194,0.17107751825279194,0.16200502653271662,0.16200502653271662,0.16200502653271662,4.0,0.10188834081346593,0.8981116591865341,0.20889988668906678
0.9364097277135338,0.9364097277135338,0.9364097277135338,0.24192933256112453,0.37288229956884283,0.37288229956884283,0.37288229956884283,0.19079721972338096,0.19079721972338096,0.19079721972338096,4.0,0.46483845193724715,0.5351615480627528,0.3837518765332158
0.8384121596022398,0.8384121596022398,0.8384121596022398,0.26572178021470333,0.4214674464763732,0.4214674464763732,0.4214674464763732,0.15885927670050612,0.15885927670050612,0.15885927670050612,4.0,0.8315507782970072,0.1684492217029928,0.2942609620459524
0.8170113010983548,0.8170113010983548,0.8170113010983548,0.15202264633780085,0.3831982506598539,0.3831982506598539,0.3831982506598539,0.046129050926602376,0.046129050926602376,0.046129050926602376,4.0,0.9944813012645365,0.005518698735463512,0.38163989506029117
0.9268905649710855,0.9268905649710855,0.9268905649710855,0.14965334989303786,0.5005746254856177,0.5005746254856177,0.5005746254856177,0.11146385248680929,0.11146385248680929,0.11146385248680929,4.0,0.5868332420557991,0.4131667579442009,0.5841724418940849
0.8006800125029856,0.8006800125029856,0.8006800125029856,0.26972559160534143,0.45696547318624786,0.45696547318624786,0.45696547318624786,0.25934341379640363,0.25934341379640363,0.25934341379640363,4.0,0.655096819018672,0.344903180981328,0.053446770634905376
0.946901337194005,0.946901337194005,0.946901337194005,0.04730564981778654,0.5880155236597453,0.5880155236597453,0.5880155236597453,0.33128069330502413,0.33128069330502413,0.33128069330502413,4.0,0.636402543500365,0.36359745649963504,0.030534119294828337
0.7924066666893664,0.7924066666893664,0.7924066666893664,0.02575658270645019,0.1746075881743439,0.1746075881743439,0.1746075881743439,0.11147303801079712,0.11147303801079712,0.11147303801079712,4.0,0.5953499310253042,0.4046500689746958,0.04961582745449404
0.8855492837087575,0.8855492837087575,0.8855492837087575,0.2773637664246945,0.5898090556171683,0.5898090556171683,0.5898090556171683,0.13058859466130743,0.13058859466130743,0.13058859466130743,4.0,0.09291710186653819,0.9070828981334618,0.05039175611150727
0.929898032068813,0.929898032068813,0.929898032068813,0.11679657885610556,0.2540523271292089,0.2540523271292089,0.2540523271292089,0.08224476796189184,0.08224476796189184,0.08224476796189184,4.0,0.23115226736784025,0.7688477326321598,0.46935781876531407
0.8758489949351206,0.8758489949351206,0.8758489949351206,0.24837339361370717,0.7452766068839539,0.7452766068839539,0.7452766068839539,0.12049805066831488,0.12049805066831488,0.12049805066831488,4.0,0.21532488182340578,0.7846751181765942,0.10731873018184108
0.8114811803054157,0.8114811803054157,0.8114811803054157,0.1536348521721822,0.5690874726120304,0.5690874726120304,0.5690874726120304,0.019200541456870557,0.019200541456870557,0.019200541456870557,4.0,0.6698894673612094,0.33011053263879064,0.05501676319912781
0.8130783950541509,0.8130783950541509,0.8130783950541509,0.33332140579449804,0.45573967391147224,0.45573967391147224,0.45573967391147224,0.3151591388526159,0.3151591388526159,0.3151591388526159,4.0,0.8854672530108006,0.11453274698919935,0.0218827168797457
0.904778399977087,0.904778399977087,0.904778399977087,0.41887696041350747,0.515155101303345,0.515155101303345,0.515155101303345,0.2630864111767526,0.2630864111767526,0.2630864111767526,4.0,0.6852126713739394,0.3147873286260606,0.053729147858174835
0.901625365737597,0.901625365737597,0.901625365737597,0.169172813693911,0.27997403664143894,0.27997403664143894,0.27997403664143894,0.1327992192620233,0.1327992192620233,0.1327992192620233,4.0,0.9136331730331714,0.08636682696682862,0.20913949628240688
0.8773811066597557,0.8773811066597557,0.8773811066597557,0.23492220265677544,0.6195727458910814,0.6195727458910814,0.6195727458910814,0.1779784099561298,0.1779784099561298,0.1779784099561298,4.0,0.7421825105992144,0.25781748940078564,0.08746372398165314
0.7755864126793989,0.7755864126793989,0.7755864126793989,0.14052515555331865,0.3928542425956686,0.3928542425956686,0.3928542425956686,0.3808670076272803,0.3808670076272803,0.3808670076272803,4.0,0.7743477965276193,0.22565220347238069,0.08994201959525432
0.9990167493978326,0.9990167493978326,0.9990167493978326,0.07022229152096705,0.30285122184101476,0.30285122184101476,0.30285122184101476,0.05791844480432353,0.05791844480432353,0.05791844480432353,4.0,0.26429545143897987,0.7357045485610201,0.3199328007821515
0.9716205095448358,0.9716205095448358,0.9716205095448358,0.3748488227793449,0.31495196485890586,0.31495196485890586,0.31495196485890586,0.14254201832532437,0.14254201832532437,0.14254201832532437,4.0,0.6577822874247472,0.3422177125752528,0.1436982302480772
0.3747594671641164,0.3747594671641164,0.3747594671641164,0.1235776789420533,0.24980084211270936,0.24980084211270936,0.24980084211270936,0.054341491606226124,0.054341491606226124,0.054341491606226124,4.0,0.21110091997493988,0.7888990800250602,0.0014781606582087818
0.8627641278922676,0.8627641278922676,0.8627641278922676,0.11231463371067506,0.30054887035040967,0.30054887035040967,0.30054887035040967,0.08259873766364023,0.08259873766364023,0.08259873766364023,4.0,0.37522774202074893,0.6247722579792511,0.2223952235447747
0.606769591015185,0.606769591015185,0.606769591015185,0.25606333262483894,0.4828042324302279,0.4828042324302279,0.4828042324302279,0.06941080331918459,0.06941080331918459,0.06941080331918459,4.0,0.1330547868643467,0.8669452131356533,0.05963704605391163
0.9963991631866341,0.9963991631866341,0.9963991631866341,0.23865647272419147,0.38216832677695317,0.38216832677695317,0.38216832677695317,0.03808760877646561,0.03808760877646561,0.03808760877646561,4.0,0.4856760535457009,0.514323946454299,0.4184171221961442
0.8012123251921519,0.8012123251921519,0.8012123251921519,0.13474499102938683,0.44145258359531897,0.44145258359531897,0.44145258359531897,0.02728736848621306,0.02728736848621306,0.02728736848621306,4.0,0.573694076686883,0.426305923313117,0.1492196193254967
0.6284357105224647,0.6284357105224647,0.6284357105224647,0.09117755727429279,0.25513923494951907,0.25513923494951907,0.25513923494951907,0.11749236474054389,0.11749236474054389,0.11749236474054389,4.0,0.2125234604882255,0.7874765395117744,0.25303583710075356
0.9900918770576299,0.9900918770576299,0.9900918770576299,0.11289372122272026,0.4647616124726001,0.4647616124726001,0.4647616124726001,0.46258848146677367,0.46258848146677367,0.46258848146677367,4.0,0.6876180724684636,0.3123819275315364,0.5496925627619001
0.9940505482475871,0.9940505482475871,0.9940505482475871,0.03274924215955816,0.6372966778203845,0.6372966778203845,0.6372966778203845,0.14724517392629433,0.14724517392629433,0.14724517392629433,4.0,0.05943980576742365,0.9405601942325763,0.42414261294003547
0.839817898086006,0.839817898086006,0.839817898086006,0.07811678092749162,0.19100243395674762,0.19100243395674762,0.19100243395674762,0.0719225736771732,0.0719225736771732,0.0719225736771732,4.0,0.97574515890015,0.02425484109984999,0.3318305935095165
0.7849233926957939,0.7849233926957939,0.7849233926957939,0.16991218221068538,0.5144079202470152,0.5144079202470152,0.5144079202470152,0.11904353164104893,0.11904353164104893,0.11904353164104893,4.0,0.2928782210934636,0.7071217789065364,0.1316098777334025
0.9858937409238884,0.9858937409238884,0.9858937409238884,0.07268376423427954,0.5099214438847829,0.5099214438847829,0.5099214438847829,0.28687580146871183,0.28687580146871183,0.28687580146871183,4.0,0.33753319117137653,0.6624668088286234,0.1685821691833786
0.7091121863552022,0.7091121863552022,0.7091121863552022,0.16302643241716663,0.4782724511362619,0.4782724511362619,0.4782724511362619,0.0538164942832655,0.0538164942832655,0.0538164942832655,4.0,0.23997087659145286,0.7600291234085471,0.34706680103451426
0.935787135882079,0.935787135882079,0.935787135882079,0.21292142713389034,0.23900588534433007,0.23900588534433007,0.23900588534433007,0.02719215895372978,0.02719215895372978,0.02719215895372978,4.0,0.4906632489716106,0.5093367510283894,0.42208487170942416
0.36503573897958597,0.36503573897958597,0.36503573897958597,0.04168900549602293,0.23574796225479838,0.23574796225479838,0.23574796225479838,0.010048505152392705,0.010048505152392705,0.010048505152392705,4.0,0.6851636909497093,0.3148363090502907,0.14697847084282942
0.9497187973924355,0.9497187973924355,0.9497187973924355,0.19799201132104832,0.39495874902839206,0.39495874902839206,0.39495874902839206,0.03711472027128344,0.03711472027128344,0.03711472027128344,4.0,0.6693069043598002,0.3306930956401998,0.2824308405033138
0.8958075521885717,0.8958075521885717,0.8958075521885717,0.38927445885244816,0.44692687168379525,0.44692687168379525,0.44692687168379525,0.18841188266901274,0.18841188266901274,0.18841188266901274,4.0,0.7604096628862912,0.2395903371137088,0.06180399803965738
0.8990889067004442,0.8990889067004442,0.8990889067004442,0.06176391096255804,0.2201429480052683,0.2201429480052683,0.2201429480052683,0.1350501879252067,0.1350501879252067,0.1350501879252067,4.0,0.2581824817709898,0.7418175182290102,0.17181239249943087
0.8865187678633455,0.8865187678633455,0.8865187678633455,0.3437521159339032,0.6421027086902975,0.6421027086902975,0.6421027086902975,0.006856118395082962,0.006856118395082962,0.006856118395082962,4.0,0.17031300696574359,0.8296869930342564,0.1931312732999069
0.886241688344524,0.886241688344524,0.886241688344524,0.14798775495506827,0.19063708935682522,0.19063708935682522,0.19063708935682522,0.11684120540067276,0.11684120540067276,0.11684120540067276,4.0,0.34006388828294404,0.6599361117170559,0.08900230918897344
0.7400643923941945,0.7400643923941945,0.7400643923941945,0.1567277050978149,0.20843384823795874,0.20843384823795874,0.20843384823795874,0.15405727873157615,0.15405727873157615,0.15405727873157615,4.0,0.30778353687805327,0.6922164631219467,0.2816874012213244
0.9809126500525271,0.9809126500525271,0.9809126500525271,0.044997831452443585,0.3047930928970739,0.3047930928970739,0.3047930928970739,0.10867399149890654,0.10867399149890654,0.10867399149890654,4.0,0.41089296104160666,0.5891070389583933,0.23332256543808508
0.8408000910130901,0.8408000910130901,0.8408000910130901,0.041216347480553715,0.3384178878513483,0.3384178878513483,0.3384178878513483,0.001480245621667069,0.001480245621667069,0.001480245621667069,4.0,0.8678424751643886,0.13215752483561138,0.14278577272444856
0.8558309250940151,0.8558309250940151,0.8558309250940151,0.04603964336324596,0.40058763553275345,0.40058763553275345,0.40058763553275345,0.10410931689419059,0.10410931689419059,0.10410931689419059,4.0,0.9571167526559756,0.04288324734402438,0.4604068142338426
0.8978076795881097,0.8978076795881097,0.8978076795881097,0.3129313255998667,0.4160450786291615,0.4160450786291615,0.4160450786291615,0.19683973162866372,0.19683973162866372,0.19683973162866372,4.0,0.6260995081270875,0.3739004918729125,0.14498049836455582
0.6526170162493131,0.6526170162493131,0.6526170162493131,0.06936951723361116,0.36693417174988235,0.36693417174988235,0.36693417174988235,0.20323369286634024,0.20323369286634024,0.20323369286634024,4.0,0.6784044125230358,0.32159558747696415,0.23200316370302218
0.9125834968930455,0.9125834968930455,0.9125834968930455,0.039638624717934764,0.28597233062391575,0.28597233062391575,0.28597233062391575,0.22464359938913794,0.22464359938913794,0.22464359938913794,4.0,0.20306338090909198,0.796936619090908,0.6071718121582472
0.9642706602026823,0.9642706602026823,0.9642706602026823,0.32712265843437105,0.6883898124237615,0.6883898124237615,0.6883898124237615,0.1857289854446954,0.1857289854446954,0.1857289854446954,4.0,0.5231201213651576,0.4768798786348424,0.12737120916213873
0.9398395072897786,0.9398395072897786,0.9398395072897786,0.29787505504829925,0.6034870618615193,0.6034870618615193,0.6034870618615193,0.07328715907230482,0.07328715907230482,0.07328715907230482,4.0,0.7546571074562859,0.2453428925437141,0.12114929195180867
0.896424148307941,0.896424148307941,0.896424148307941,0.04713900879430542,0.5679837853006583,0.5679837853006583,0.5679837853006583,0.2429828115227061,0.2429828115227061,0.2429828115227061,4.0,0.760361785609293,0.23963821439070698,0.2665248242403834
0.6188685854997172,0.6188685854997172,0.6188685854997172,0.051635944218240956,0.4506920038091573,0.4506920038091573,0.4506920038091573,0.10735667024964095,0.10735667024964095,0.10735667024964095,4.0,0.9278505713495147,0.07214942865048535,0.41793260165589335
0.8379038460211591,0.8379038460211591,0.8379038460211591,0.05328673353547284,0.35416631558962686,0.35416631558962686,0.35416631558962686,0.3481238969501771,0.3481238969501771,0.3481238969501771,4.0,0.44914936353081825,0.5508506364691818,0.6798520384148704
0.7882523167714449,0.7882523167714449,0.7882523167714449,0.169556551713513,0.3111082549414336,0.3111082549414336,0.3111082549414336,0.057519475392382516,0.057519475392382516,0.057519475392382516,4.0,0.4541923780253349,0.545807621974665,0.1328434435454848
0.8438499654495994,0.8438499654495994,0.8438499654495994,0.374140866195893,0.14621008966998672,0.14621008966998672,0.14621008966998672,0.02014325205941103,0.02014325205941103,0.02014325205941103,4.0,0.27235646016351994,0.72764353983648,0.09267024043346349
0.7987581254506866,0.7987581254506866,0.7987581254506866,0.27646841566382424,0.12297673093502813,0.12297673093502813,0.12297673093502813,0.09486186219357753,0.09486186219357753,0.09486186219357753,4.0,0.2868624283774088,0.7131375716225912,0.16473238019548406
0.9217444183368296,0.9217444183368296,0.9217444183368296,0.17425034487852598,0.25997154549786594,0.25997154549786594,0.25997154549786594,0.08577188775756503,0.08577188775756503,0.08577188775756503,4.0,0.8796562639610983,0.1203437360389017,0.06962069000217475
0.8379195191169556,0.8379195191169556,0.8379195191169556,0.23097212865660505,0.7897690855044452,0.7897690855044452,0.7897690855044452,0.002773819277870862,0.002773819277870862,0.002773819277870862,4.0,0.2536719056358065,0.7463280943641935,0.06256448382096633
0.5467178340194299,0.5467178340194299,0.5467178340194299,0.11206192825543486,0.2786775116632087,0.2786775116632087,0.2786775116632087,0.14086587007834125,0.14086587007834125,0.14086587007834125,4.0,0.1297019333022467,0.8702980666977533,0.32033754480980847
0.94042939308787,0.94042939308787,0.94042939308787,0.432902786479673,0.42005448609560986,0.42005448609560986,0.42005448609560986,0.10977733653037852,0.10977733653037852,0.10977733653037852,4.0,0.9238187392357764,0.0761812607642236,0.038890530064658764
0.7804437831664235,0.7804437831664235,0.7804437831664235,0.0937138237114597,0.3726806478827368,0.3726806478827368,0.3726806478827368,0.014695781259594871,0.014695781259594871,0.014695781259594871,4.0,0.4255183748824193,0.5744816251175807,0.5264224993007601
0.9689379624990925,0.9689379624990925,0.9689379624990925,0.06355320244412656,0.5758953720687464,0.5758953720687464,0.5758953720687464,0.3867054116466816,0.3867054116466816,0.3867054116466816,4.0,0.5503572202032253,0.4496427797967747,0.4768618568616787
0.8897735741353525,0.8897735741353525,0.8897735741353525,0.19776416427916538,0.42352408585021906,0.42352408585021906,0.42352408585021906,0.19068341764036237,0.19068341764036237,0.19068341764036237,4.0,0.03113844761080216,0.9688615523891978,0.48219748855554273
0.3905042244906349,0.3905042244906349,0.3905042244906349,0.055056085692529025,0.30085651645610517,0.30085651645610517,0.30085651645610517,0.020820995748654685,0.020820995748654685,0.020820995748654685,4.0,0.5424676631027321,0.4575323368972679,0.1338518309628234
0.9932274082622505,0.9932274082622505,0.9932274082622505,0.28391742926652164,0.390281607394389,0.390281607394389,0.390281607394389,0.14017500824404788,0.14017500824404788,0.14017500824404788,4.0,0.5566609791392338,0.44333902086076615,0.31055794404662546
0.811472387992183,0.811472387992183,0.811472387992183,0.2285194976298517,0.6453705335252925,0.6453705335252925,0.6453705335252925,0.15738916855159532,0.15738916855159532,0.15738916855159532,4.0,0.1329957545591387,0.8670042454408613,0.152856015907451
0.8608072189936475,0.8608072189936475,0.8608072189936475,0.03285085035673419,0.47258840798960544,0.47258840798960544,0.47258840798960544,0.12232458591070226,0.12232458591070226,0.12232458591070226,4.0,0.6203837290025219,0.3796162709974781,0.5903579791305624
0.8095569589337522,0.8095569589337522,0.8095569589337522,0.292223525442052,0.5169366210232987,0.5169366210232987,0.5169366210232987,0.1543100272825627,0.1543100272825627,0.1543100272825627,4.0,0.45933056453809956,0.5406694354619004,0.1543397030259842
0.9514629723931456,0.9514629723931456,0.9514629723931456,0.22477078167389272,0.6932155164685487,0.6932155164685487,0.6932155164685487,0.03808873012050045,0.03808873012050045,0.03808873012050045,4.0,0.5504361355774338,0.44956386442256624,0.3628984888585735
0.881390980317547,0.881390980317547,0.881390980317547,0.03398885415113617,0.17389969718532416,0.17389969718532416,0.17389969718532416,0.07774630409786883,0.07774630409786883,0.07774630409786883,4.0,0.7901561327654079,0.20984386723459214,0.4215296910416274
0.9055437900719079,0.9055437900719079,0.9055437900719079,0.3014437725045026,0.16955586214280213,0.16955586214280213,0.16955586214280213,0.0010879107839945337,0.0010879107839945337,0.0010879107839945337,4.0,0.22469510467366757,0.7753048953263324,0.2876418339096371
0.8650477264066809,0.8650477264066809,0.8650477264066809,0.02558401199261042,0.4620361599941162,0.4620361599941162,0.4620361599941162,0.07890704979462311,0.07890704979462311,0.07890704979462311,4.0,0.3215403237259606,0.6784596762740394,0.7992084083418446
0.7159434067043193,0.7159434067043193,0.7159434067043193,0.24330531683568593,0.43629395992443065,0.43629395992443065,0.43629395992443065,0.2318820499249645,0.2318820499249645,0.2318820499249645,4.0,0.48229467910103646,0.5177053208989635,0.0137544359510085
0.9220134559733484,0.9220134559733484,0.9220134559733484,0.30493266503889266,0.2912181683558692,0.2912181683558692,0.2912181683558692,0.23750146121923751,0.23750146121923751,0.23750146121923751,4.0,0.02594048892347896,0.974059511076521,0.19388523040269237
0.9289865945583371,0.9289865945583371,0.9289865945583371,0.2019450765626044,0.5105406289856443,0.5105406289856443,0.5105406289856443,0.25677541334962073,0.25677541334962073,0.25677541334962073,4.0,0.9087537642539476,0.0912462357460524,0.3927457753855961
0.8739333585579945,0.8739333585579945,0.8739333585579945,0.18005145828267352,0.5246254184203513,0.5246254184203513,0.5246254184203513,0.020985254784152342,0.020985254784152342,0.020985254784152342,4.0,0.3432533402254651,0.6567466597745348,0.460496445193421
0.494127680687576,0.494127680687576,0.494127680687576,0.13852133058012253,0.24807364488976857,0.24807364488976857,0.24807364488976857,0.10128900705040099,0.10128900705040099,0.10128900705040099,4.0,0.30211310685628195,0.6978868931437181,0.04879224878692013
0.9411124433484332,0.9411124433484332,0.9411124433484332,0.08407559189836306,0.5601670704961972,0.5601670704961972,0.5601670704961972,0.37749246617031484,0.37749246617031484,0.37749246617031484,4.0,0.46061811810781644,0.5393818818921836,0.2941415720498042
0.9784615105220669,0.9784615105220669,0.9784615105220669,0.06104323423106185,0.5219025126397125,0.5219025126397125,0.5219025126397125,0.03540182277017556,0.03540182277017556,0.03540182277017556,4.0,0.17165492654067735,0.8283450734593226,0.2644342735910118
0.8280338232426971,0.8280338232426971,0.8280338232426971,0.20478059178644245,0.7439852603127678,0.7439852603127678,0.7439852603127678,0.0584969831771182,0.0584969831771182,0.0584969831771182,4.0,0.11501426998317239,0.8849857300168276,0.2743373646656742
0.8325839631679837,0.8325839631679837,0.8325839631679837,0.05804844407702062,0.4688447955134531,0.4688447955134531,0.4688447955134531,0.1512973360912424,0.1512973360912424,0.1512973360912424,4.0,0.42653390983209855,0.5734660901679014,0.3974195585333664
0.8959398472172289,0.8959398472172289,0.8959398472172289,0.36299054461528,0.40419296964009055,0.40419296964009055,0.40419296964009055,0.22743779271763873,0.22743779271763873,0.22743779271763873,4.0,0.9727821110574091,0.027217888942590918,0.1615449107301331
0.8221773334498238,0.8221773334498238,0.8221773334498238,0.15851726486034054,0.3782190511980448,0.3782190511980448,0.3782190511980448,0.056147335968978286,0.056147335968978286,0.056147335968978286,4.0,0.39973005752498686,0.6002699424750131,0.2972519104866344
0.9682692526931198,0.9682692526931198,0.9682692526931198,0.2618313334244046,0.4611185543995332,0.4611185543995332,0.4611185543995332,0.39724640594364374,0.39724640594364374,0.39724640594364374,4.0,0.6805162440017966,0.31948375599820344,0.10120665904080331
0.9564128287390825,0.9564128287390825,0.9564128287390825,0.1454806455664979,0.46714443529839667,0.46714443529839667,0.46714443529839667,0.21656732140165427,0.21656732140165427,0.21656732140165427,4.0,0.8330652568812046,0.16693474311879541,0.5520122337508885
0.749160145587389,0.749160145587389,0.749160145587389,0.08362322370458564,0.20157162865235337,0.20157162865235337,0.20157162865235337,0.0361347122754471,0.0361347122754471,0.0361347122754471,4.0,0.6784153376137573,0.3215846623862427,0.3191227061450001
0.9699975407327671,0.9699975407327671,0.9699975407327671,0.04697927657198592,0.8209973867004832,0.8209973867004832,0.8209973867004832,0.12899351240086335,0.12899351240086335,0.12899351240086335,4.0,0.6022421392678161,0.3977578607321839,0.45298876990601666
0.7954712311481311,0.7954712311481311,0.7954712311481311,0.10172904076792301,0.27579532844977406,0.27579532844977406,0.27579532844977406,0.16761861332587227,0.16761861332587227,0.16761861332587227,4.0,0.9489958318714385,0.051004168128561456,0.5829695295545965
0.9823552600389293,0.9823552600389293,0.9823552600389293,0.04376987313737246,0.6300784129263566,0.6300784129263566,0.6300784129263566,0.20681161979482385,0.20681161979482385,0.20681161979482385,4.0,0.5316535256954953,0.4683464743045047,0.5515467638932379
0.8932073678045442,0.8932073678045442,0.8932073678045442,0.14672849193440154,0.5172339252976189,0.5172339252976189,0.5172339252976189,0.2471058266912752,0.2471058266912752,0.2471058266912752,4.0,0.18140721282529582,0.8185927871747042,0.28596429175879035
0.8643571130590517,0.8643571130590517,0.8643571130590517,0.15909903404391335,0.29942190504544486,0.29942190504544486,0.29942190504544486,0.0189125430976148,0.0189125430976148,0.0189125430976148,4.0,0.4040582665661606,0.5959417334338394,0.1529820023414891
0.9917594355856315,0.9917594355856315,0.9917594355856315,0.23232144386999767,0.10814955098300597,0.10814955098300597,0.10814955098300597,0.0268904664824559,0.0268904664824559,0.0268904664824559,4.0,0.2854515849420966,0.7145484150579033,0.4336207542034469
0.9423244977415581,0.9423244977415581,0.9423244977415581,0.20036321343112548,0.760287861372582,0.760287861372582,0.760287861372582,0.01614799603586348,0.01614799603586348,0.01614799603586348,4.0,0.46180129385861507,0.5381987061413849,0.4215496932134717
0.9564889335151048,0.9564889335151048,0.9564889335151048,0.10549065396697226,0.32902064359500865,0.32902064359500865,0.32902064359500865,0.1929930658684707,0.1929930658684707,0.1929930658684707,4.0,0.8954217875613438,0.10457821243865617,0.25996973797608336
0.9655982782976591,0.9655982782976591,0.9655982782976591,0.21634920006361508,0.5770251107694627,0.5770251107694627,0.5770251107694627,0.3626478177512526,0.3626478177512526,0.3626478177512526,4.0,0.3178097835930219,0.6821902164069781,0.4937256419329104
0.9426875783223398,0.9426875783223398,0.9426875783223398,0.11443567681720472,0.3489012671363655,0.3489012671363655,0.3489012671363655,0.3023523819535294,0.3023523819535294,0.3023523819535294,4.0,0.4749197304511561,0.5250802695488439,0.30090784323259057
0.7027972080890251,0.7027972080890251,0.7027972080890251,0.3132526369946295,0.20815249237415723,0.20815249237415723,0.20815249237415723,0.18424151907935302,0.18424151907935302,0.18424151907935302,4.0,0.18345577961486095,0.8165442203851391,0.011643681681349867
0.9336796791060603,0.9336796791060603,0.9336796791060603,0.1783167604835287,0.6511789388607645,0.6511789388607645,0.6511789388607645,0.22824311743349693,0.22824311743349693,0.22824311743349693,4.0,0.827879702166889,0.172120297833111,0.34077356283621474
0.5893229343129325,0.5893229343129325,0.5893229343129325,0.08100138989790638,0.3507571061552314,0.3507571061552314,0.3507571061552314,0.1989082767015311,0.1989082767015311,0.1989082767015311,4.0,0.8247062445269161,0.1752937554730839,0.20565850253701087
0.942343563613838,0.942343563613838,0.942343563613838,0.06996815111581288,0.44987392502433443,0.44987392502433443,0.44987392502433443,0.38093032359634504,0.38093032359634504,0.38093032359634504,4.0,0.9743945573124585,0.025605442687541502,0.0036667236583210706
0.6662940786353254,0.6662940786353254,0.6662940786353254,0.041386481292007095,0.09956400140452847,0.09956400140452847,0.09956400140452847,0.05210797695456712,0.05210797695456712,0.05210797695456712,4.0,0.8238556731759854,0.1761443268240146,0.26334995457704985
0.8367132458732021,0.8367132458732021,0.8367132458732021,0.23267569518665496,0.45838394035919,0.45838394035919,0.45838394035919,0.015010598135047388,0.015010598135047388,0.015010598135047388,4.0,0.19851176585244873,0.8014882341475513,0.20484874162576674
0.9465808871994743,0.9465808871994743,0.9465808871994743,0.2211587819686884,0.5299475081573838,0.5299475081573838,0.5299475081573838,0.06407747452565468,0.06407747452565468,0.06407747452565468,4.0,0.1916509966663375,0.8083490033336624,0.08639106242150649
0.45597728858897574,0.45597728858897574,0.45597728858897574,0.04976285205345309,0.11236845983867455,0.11236845983867455,0.11236845983867455,0.0018711167804025355,0.0018711167804025355,0.0018711167804025355,4.0,0.35948812274313136,0.6405118772568686,0.008522408447394818
0.6841733564423564,0.6841733564423564,0.6841733564423564,0.10393267498142089,0.47635508011555194,0.47635508011555194,0.47635508011555194,0.021146760301535575,0.021146760301535575,0.021146760301535575,4.0,0.0014257028919248964,0.9985742971080751,0.12576094207399077
0.9775442033072355,0.9775442033072355,0.9775442033072355,0.29114783912294795,0.7210878271339908,0.7210878271339908,0.7210878271339908,0.22697597683222134,0.22697597683222134,0.22697597683222134,4.0,0.37515548316704644,0.6248445168329535,0.15073509206409721
0.5590643552602401,0.5590643552602401,0.5590643552602401,0.24215939808279607,0.2481363903065825,0.2481363903065825,0.2481363903065825,0.0636503876360431,0.0636503876360431,0.0636503876360431,4.0,0.09628136573656866,0.9037186342634314,0.008286276663030848
0.7633749854792651,0.7633749854792651,0.7633749854792651,0.19129163722434056,0.32366953458951453,0.32366953458951453,0.32366953458951453,0.013211822094639858,0.013211822094639858,0.013211822094639858,4.0,0.8445623091543871,0.15543769084561287,0.05960948827531026
0.8077907363278433,0.8077907363278433,0.8077907363278433,0.2479881773221994,0.3674454265627062,0.3674454265627062,0.3674454265627062,0.13264795432571985,0.13264795432571985,0.13264795432571985,4.0,0.7087128954087044,0.2912871045912956,0.17337444727706822
0.948025639181573,0.948025639181573,0.948025639181573,0.18154300254922676,0.39626611631413544,0.39626611631413544,0.39626611631413544,0.29935221150312763,0.29935221150312763,0.29935221150312763,4.0,0.9979003557706433,0.002099644229356712,0.43904540339118747
0.8655358678918087,0.8655358678918087,0.8655358678918087,0.036585320864902356,0.6671551341802517,0.6671551341802517,0.6671551341802517,0.04580667485788997,0.04580667485788997,0.04580667485788997,4.0,0.6888912696871857,0.3111087303128143,0.07137666124560656
0.9860429882490213,0.9860429882490213,0.9860429882490213,0.07544857569526973,0.5552110424628964,0.5552110424628964,0.5552110424628964,0.42547897097763304,0.42547897097763304,0.42547897097763304,4.0,0.5235759584939137,0.4764240415060863,0.7345753754156121
0.9610003819385707,0.9610003819385707,0.9610003819385707,0.04791449039108935,0.23903737575086376,0.23903737575086376,0.23903737575086376,0.13706414854166998,0.13706414854166998,0.13706414854166998,4.0,0.5523530055742073,0.4476469944257927,0.5769386522701985
0.883361841996269,0.883361841996269,0.883361841996269,0.026826851657251176,0.4420516659829157,0.4420516659829157,0.4420516659829157,0.33161174341274313,0.33161174341274313,0.33161174341274313,4.0,0.4785982115097223,0.5214017884902777,0.35871390450727747
0.9447456676211637,0.9447456676211637,0.9447456676211637,0.2353970326353291,0.4781074686700291,0.4781074686700291,0.4781074686700291,0.28494368750266497,0.28494368750266497,0.28494368750266497,4.0,0.2855024854431961,0.7144975145568039,0.03625976977683866
0.8932422866362589,0.8932422866362589,0.8932422866362589,0.26190671679488536,0.3782134386775815,0.3782134386775815,0.3782134386775815,0.05951305286024917,0.05951305286024917,0.05951305286024917,4.0,0.9513812561704235,0.04861874382957654,0.1330709715293062
0.793157047765112,0.793157047765112,0.793157047765112,0.2037936508309784,0.4753648188898307,0.4753648188898307,0.4753648188898307,0.047626483846021826,0.047626483846021826,0.047626483846021826,4.0,0.5961933701595373,0.40380662984046267,0.28141282163672504
0.860547422802249,0.860547422802249,0.860547422802249,0.09307591831750904,0.4637443417228125,0.4637443417228125,0.4637443417228125,0.36547372992888155,0.36547372992888155,0.36547372992888155,4.0,0.680872387494342,0.319127612505658,0.3829699215393765
0.79067451750966,0.79067451750966,0.79067451750966,0.07613187850101948,0.36421806283654995,0.36421806283654995,0.36421806283654995,0.3307883620268622,0.3307883620268622,0.3307883620268622,4.0,0.4350121610971316,0.5649878389028684,0.5156685649074421
0.8687366646442617,0.8687366646442617,0.8687366646442617,0.3560037276534945,0.5909602601626017,0.5909602601626017,0.5909602601626017,0.1034399817963941,0.1034399817963941,0.1034399817963941,4.0,0.6522924327107609,0.34770756728923913,0.00987411805702413
0.9738681051546135,0.9738681051546135,0.9738681051546135,0.3681898699358257,0.5117351690310735,0.5117351690310735,0.5117351690310735,0.02211173863381257,0.02211173863381257,0.02211173863381257,4.0,0.6101981634372209,0.3898018365627791,0.0027090231207897407
0.9698273412065522,0.9698273412065522,0.9698273412065522,0.1277205069083307,0.19112371124910782,0.19112371124910782,0.19112371124910782,0.07574468928315904,0.07574468928315904,0.07574468928315904,4.0,0.6754914944417041,0.3245085055582959,0.09702329424170443
0.7583359052514647,0.7583359052514647,0.7583359052514647,0.12233225252728,0.5157375328985466,0.5157375328985466,0.5157375328985466,0.060699248067905366,0.060699248067905366,0.060699248067905366,4.0,0.39125757544233036,0.6087424245576696,0.43028371506205026
0.8254996449319247,0.8254996449319247,0.8254996449319247,0.07190909327459165,0.5150737795556483,0.5150737795556483,0.5150737795556483,0.12174308766166982,0.12174308766166982,0.12174308766166982,4.0,0.9526398374936326,0.04736016250636743,0.12436962183186673
0.9950424195143313,0.9950424195143313,0.9950424195143313,0.2993430016350224,0.19184912282532346,0.19184912282532346,0.19184912282532346,0.16535664231710423,0.16535664231710423,0.16535664231710423,4.0,0.9347736927351168,0.06522630726488321,0.37422602359414797
0.7169494110278761,0.7169494110278761,0.7169494110278761,0.06333945224223643,0.5143858394617044,0.5143858394617044,0.5143858394617044,0.04738744134218252,0.04738744134218252,0.04738744134218252,4.0,0.7463536852321814,0.2536463147678186,0.3618732541486402
0.8992378494568685,0.8992378494568685,0.8992378494568685,0.029272498045641745,0.5147354258428817,0.5147354258428817,0.5147354258428817,0.22487377993821858,0.22487377993821858,0.22487377993821858,4.0,0.8899183499130189,0.11008165008698112,0.6563882324090224
0.9850278043576701,0.9850278043576701,0.9850278043576701,0.15912285266196888,0.2787870206493662,0.2787870206493662,0.2787870206493662,0.13743133710263228,0.13743133710263228,0.13743133710263228,4.0,0.1231898319246324,0.8768101680753676,0.4288433967219994
0.8701472703405494,0.8701472703405494,0.8701472703405494,0.11048241407521935,0.717058208406189,0.717058208406189,0.717058208406189,0.028044920710866627,0.028044920710866627,0.028044920710866627,4.0,0.3904583623723025,0.6095416376276974,0.1040862341835011
0.97485650365893,0.97485650365893,0.97485650365893,0.08693470172321303,0.09766163973233986,0.09766163973233986,0.09766163973233986,0.042279019118439315,0.042279019118439315,0.042279019118439315,4.0,0.9802741666760738,0.01972583332392619,0.5242106870570304
0.9927901759420726,0.9927901759420726,0.9927901759420726,0.1778218680781366,0.3266095310372085,0.3266095310372085,0.3266095310372085,0.1875836234792731,0.1875836234792731,0.1875836234792731,4.0,0.30143254132300784,0.6985674586769921,0.3333635836561814
0.8730868773413392,0.8730868773413392,0.8730868773413392,0.04544060483951841,0.468772061637044,0.468772061637044,0.468772061637044,0.15676836207030717,0.15676836207030717,0.15676836207030717,4.0,0.20627829413307205,0.7937217058669279,0.15164097527391943
0.918653162976251,0.918653162976251,0.918653162976251,0.1453997855393348,0.550160609731271,0.550160609731271,0.550160609731271,0.03642838841185117,0.03642838841185117,0.03642838841185117,4.0,0.3072603714488291,0.6927396285511709,0.07078859311105151
0.9591604823288017,0.9591604823288017,0.9591604823288017,0.04160146490268815,0.16722412579664472,0.16722412579664472,0.16722412579664472,0.11042674195286002,0.11042674195286002,0.11042674195286002,4.0,0.28278015549705726,0.7172198445029427,0.31797087323968276
0.8157768833966179,0.8157768833966179,0.8157768833966179,0.13524977017834855,0.19086739780724427,0.19086739780724427,0.19086739780724427,0.047853122213797,0.047853122213797,0.047853122213797,4.0,0.6743127524516932,0.3256872475483068,0.008260493709822497
0.7301983748259196,0.7301983748259196,0.7301983748259196,0.06427119351359724,0.3974922992730378,0.3974922992730378,0.3974922992730378,0.2235870491857503,0.2235870491857503,0.2235870491857503,4.0,0.37599263560455787,0.6240073643954421,0.48985915491887083
0.7084401422922756,0.7084401422922756,0.7084401422922756,0.20295932350203688,0.43225602434702154,0.43225602434702154,0.43225602434702154,0.06640576551686853,0.06640576551686853,0.06640576551686853,4.0,0.11877587533649406,0.881224124663506,0.2349438850378225
0.838593515657842,0.838593515657842,0.838593515657842,0.3003370077086205,0.5807972485841464,0.5807972485841464,0.5807972485841464,0.10363069681056852,0.10363069681056852,0.10363069681056852,4.0,0.37258052754486876,0.6274194724551312,0.055529933440508675
0.9570930663965966,0.9570930663965966,0.9570930663965966,0.2072973865205775,0.24871820255730884,0.24871820255730884,0.24871820255730884,0.043354759580103874,0.043354759580103874,0.043354759580103874,4.0,0.4838034026838632,0.5161965973161369,0.43244917848457076
0.218463317217597,0.218463317217597,0.218463317217597,0.05068308005438421,0.115029775307334,0.115029775307334,0.115029775307334,0.06314083478811626,0.06314083478811626,0.06314083478811626,4.0,0.6809558536088626,0.31904414639113743,0.10411301046598344
0.62431811871311,0.62431811871311,0.62431811871311,0.05184635541767456,0.13886039246536333,0.13886039246536333,0.13886039246536333,0.024005903264676255,0.024005903264676255,0.024005903264676255,4.0,0.8426120839993708,0.15738791600062918,0.19427368954893978
0.6737982995660675,0.6737982995660675,0.6737982995660675,0.1210673660890083,0.339091008467525,0.339091008467525,0.339091008467525,0.10968735257524063,0.10968735257524063,0.10968735257524063,4.0,0.9772115632599804,0.022788436740019624,0.35586994515014714
0.7948282649641684,0.7948282649641684,0.7948282649641684,0.30403372988037475,0.34993265679027385,0.34993265679027385,0.34993265679027385,0.2707880413072755,0.2707880413072755,0.2707880413072755,4.0,0.838526020989733,0.16147397901026705,0.12130393690896639
0.9296611612446508,0.9296611612446508,0.9296611612446508,0.2676601160819519,0.37136164312287057,0.37136164312287057,0.37136164312287057,0.07832473796630537,0.07832473796630537,0.07832473796630537,4.0,0.019562605372728192,0.9804373946272718,0.016009430624790932
0.582138568249808,0.582138568249808,0.582138568249808,0.038438203515961354,0.47898373440846964,0.47898373440846964,0.47898373440846964,0.04467518650871345,0.04467518650871345,0.04467518650871345,4.0,0.3833887804529624,0.6166112195470377,0.2736413402550679
0.8528599043024232,0.8528599043024232,0.8528599043024232,0.030378925972480993,0.45708599978902553,0.45708599978902553,0.45708599978902553,0.19838296331379723,0.19838296331379723,0.19838296331379723,4.0,0.9654792621737465,0.034520737826253534,0.6117610400021566
0.9760859295697535,0.9760859295697535,0.9760859295697535,0.03246222884481051,0.5705578284480302,0.5705578284480302,0.5705578284480302,0.05338425820683375,0.05338425820683375,0.05338425820683375,4.0,0.03678629904904199,0.963213700950958,0.3004187710820668
0.988886251511656,0.988886251511656,0.988886251511656,0.2943667179542852,0.48256837083913007,0.48256837083913007,0.48256837083913007,0.32897270608007073,0.32897270608007073,0.32897270608007073,4.0,0.15899938180411477,0.8410006181958852,0.3628271135292284
0.7489667903823835,0.7489667903823835,0.7489667903823835,0.1144186145511678,0.34819472504926363,0.34819472504926363,0.34819472504926363,0.24193453801753442,0.24193453801753442,0.24193453801753442,4.0,0.8455933909290793,0.15440660907092074,0.27968806151230885
0.9565133203980583,0.9565133203980583,0.9565133203980583,0.08093843971751938,0.46168665020381777,0.46168665020381777,0.46168665020381777,0.09386055590226866,0.09386055590226866,0.09386055590226866,4.0,0.8848526516761929,0.11514734832380713,0.0889766959635004
0.9638535140157981,0.9638535140157981,0.9638535140157981,0.12802252702626873,0.539244572787826,0.539244572787826,0.539244572787826,0.2599122801702009,0.2599122801702009,0.2599122801702009,4.0,0.6237776078684538,0.3762223921315462,0.23701028262036633
0.572519791854348,0.572519791854348,0.572519791854348,0.04263677143430384,0.25086494615414273,0.25086494615414273,0.25086494615414273,0.1696302813462822,0.1696302813462822,0.1696302813462822,4.0,0.32540578254760993,0.67459421745239,0.32240649655653747
0.697988623270492,0.697988623270492,0.697988623270492,0.10644830214698245,0.5844198996841448,0.5844198996841448,0.5844198996841448,0.09889039233254181,0.09889039233254181,0.09889039233254181,4.0,0.02608076231404448,0.9739192376859556,0.3217454952511976
0.94764065699818,0.94764065699818,0.94764065699818,0.15046763472132374,0.29469135347431025,0.29469135347431025,0.29469135347431025,0.05240727968046347,0.05240727968046347,0.05240727968046347,4.0,0.04762226169745922,0.9523777383025408,0.2060956365732948
0.800413253924043,0.800413253924043,0.800413253924043,0.18398693253367193,0.4327425135111045,0.4327425135111045,0.4327425135111045,0.05629793326307778,0.05629793326307778,0.05629793326307778,4.0,0.025709328469331473,0.9742906715306685,0.24559106732174207
0.6494282705119133,0.6494282705119133,0.6494282705119133,0.0657836719560309,0.18365564153882327,0.18365564153882327,0.18365564153882327,0.04103101644673039,0.04103101644673039,0.04103101644673039,4.0,0.20540187381377467,0.7945981261862254,0.3844679739216308
0.9836905474221785,0.9836905474221785,0.9836905474221785,0.10818575184239741,0.40598690781722574,0.40598690781722574,0.40598690781722574,0.10997786730626556,0.10997786730626556,0.10997786730626556,4.0,0.8646556829276111,0.13534431707238892,0.4533047371783183
0.8888537360734232,0.8888537360734232,0.8888537360734232,0.19868589257677702,0.2873245732286538,0.2873245732286538,0.2873245732286538,0.14701101355384907,0.14701101355384907,0.14701101355384907,4.0,0.35394998406636846,0.6460500159336315,0.4054221680462644
0.9213419119936741,0.9213419119936741,0.9213419119936741,0.16463126725247695,0.46984035550529646,0.46984035550529646,0.46984035550529646,0.2407360108589863,0.2407360108589863,0.2407360108589863,4.0,0.6912265951972139,0.30877340480278614,0.48540647770443024
0.5705008407085866,0.5705008407085866,0.5705008407085866,0.040007413923468814,0.1890839892386306,0.1890839892386306,0.1890839892386306,0.14885019568041233,0.14885019568041233,0.14885019568041233,4.0,0.8996815639431752,0.10031843605682478,0.3388721195872084
0.8903731828454947,0.8903731828454947,0.8903731828454947,0.07833275665320945,0.3900125023634386,0.3900125023634386,0.3900125023634386,0.3654060428276716,0.3654060428276716,0.3654060428276716,4.0,0.5030498124472087,0.4969501875527913,0.17346292285574835
0.9100259569047652,0.9100259569047652,0.9100259569047652,0.27595477517319544,0.4036706889577958,0.4036706889577958,0.4036706889577958,0.20094360655659424,0.20094360655659424,0.20094360655659424,4.0,0.14997756570408216,0.8500224342959178,0.2650144268647264
0.6550524465777656,0.6550524465777656,0.6550524465777656,0.19602005963092614,0.518168566672209,0.518168566672209,0.518168566672209,0.03349812118590204,0.03349812118590204,0.03349812118590204,4.0,0.20981323863593382,0.7901867613640662,0.01901962255732165
0.8394525843680446,0.8394525843680446,0.8394525843680446,0.2529237057061975,0.26884914552592526,0.26884914552592526,0.26884914552592526,0.19215792915901575,0.19215792915901575,0.19215792915901575,4.0,0.5067050610419686,0.49329493895803145,0.2739503095850624
0.6837398324251676,0.6837398324251676,0.6837398324251676,0.06556471634020027,0.31931640607081324,0.31931640607081324,0.31931640607081324,0.21421510551238043,0.21421510551238043,0.21421510551238043,4.0,0.7556328902255333,0.24436710977446674,0.43245019111114413
0.9875024499968573,0.9875024499968573,0.9875024499968573,0.13823781456130987,0.717632587169004,0.717632587169004,0.717632587169004,0.07304222089823002,0.07304222089823002,0.07304222089823002,4.0,0.24225494607222484,0.7577450539277751,0.007327060273497066
0.9191095412049117,0.9191095412049117,0.9191095412049117,0.06190346061289595,0.12090858064308188,0.12090858064308188,0.12090858064308188,0.027703456916904293,0.027703456916904293,0.027703456916904293,4.0,0.8369618959267505,0.16303810407324948,0.1545665886900579
0.9608975947329179,0.9608975947329179,0.9608975947329179,0.0723201644471043,0.15241793463870482,0.15241793463870482,0.15241793463870482,0.11132557870198022,0.11132557870198022,0.11132557870198022,4.0,0.5593336003464086,0.44066639965359145,0.31672678703602836
0.5371330237682388,0.5371330237682388,0.5371330237682388,0.21574126780108105,0.055029979503182856,0.055029979503182856,0.055029979503182856,0.006619475564044105,0.006619475564044105,0.006619475564044105,4.0,0.8540459394157294,0.14595406058427063,0.018831200433100128
0.8835875243713667,0.8835875243713667,0.8835875243713667,0.2396792284864022,0.5121141589381544,0.5121141589381544,0.5121141589381544,0.289116366934325,0.289116366934325,0.289116366934325,4.0,0.5214415135057444,0.4785584864942556,0.39945582927106604
0.9962702502329189,0.9962702502329189,0.9962702502329189,0.05287191188807512,0.5913623724943818,0.5913623724943818,0.5913623724943818,0.2379248500624507,0.2379248500624507,0.2379248500624507,4.0,0.6488875435914249,0.35111245640857514,0.25582535196362954
0.6226065403742757,0.6226065403742757,0.6226065403742757,0.07706095133213421,0.38324959858730034,0.38324959858730034,0.38324959858730034,0.08214842524848523,0.08214842524848523,0.08214842524848523,4.0,0.48738134896966034,0.5126186510303397,0.03334498508776255
0.9490399029936376,0.9490399029936376,0.9490399029936376,0.21375592823740303,0.34056782888812864,0.34056782888812864,0.34056782888812864,0.1304285619528041,0.1304285619528041,0.1304285619528041,4.0,0.9013236577315459,0.09867634226845412,0.2476585380432601
0.9806522921759037,0.9806522921759037,0.9806522921759037,0.08937377557189084,0.5614228300509375,0.5614228300509375,0.5614228300509375,0.13204300243243514,0.13204300243243514,0.13204300243243514,4.0,0.9107447008280014,0.08925529917199859,0.7250808123607944
0.9851252553501894,0.9851252553501894,0.9851252553501894,0.3505976857194023,0.2887748121498625,0.2887748121498625,0.2887748121498625,0.09740938491702675,0.09740938491702675,0.09740938491702675,4.0,0.5901397296485864,0.4098602703514136,0.15966898656814116
0.8955388622944928,0.8955388622944928,0.8955388622944928,0.3374206545227661,0.4534668885050881,0.4534668885050881,0.4534668885050881,0.043773351896316676,0.043773351896316676,0.043773351896316676,4.0,0.17468324470307192,0.825316755296928,0.059151175761037886
0.9243600711931733,0.9243600711931733,0.9243600711931733,0.030281905308893572,0.3045886442812307,0.3045886442812307,0.3045886442812307,0.22368224852173219,0.22368224852173219,0.22368224852173219,4.0,0.3318795681503689,0.6681204318496311,0.1579327762333035
0.9494434441359934,0.9494434441359934,0.9494434441359934,0.22207056374666131,0.1658599805716986,0.1658599805716986,0.1658599805716986,0.11561502427245687,0.11561502427245687,0.11561502427245687,4.0,0.2362619175462422,0.7637380824537578,0.4270686383110502
0.9984713005596355,0.9984713005596355,0.9984713005596355,0.2860355344227613,0.42463965217380345,0.42463965217380345,0.42463965217380345,0.20022020375437952,0.20022020375437952,0.20022020375437952,4.0,0.2393270070797946,0.7606729929202054,0.40621748604442015
0.9774890075282998,0.9774890075282998,0.9774890075282998,0.20045937820257193,0.23841646966261926,0.23841646966261926,0.23841646966261926,0.23747401442135793,0.23747401442135793,0.23747401442135793,4.0,0.7343341623228726,0.26566583767712737,0.07284226404138228
0.687132583387859,0.687132583387859,0.687132583387859,0.14142401519485448,0.3009159499631968,0.3009159499631968,0.3009159499631968,0.28126194885027594,0.28126194885027594,0.28126194885027594,4.0,0.22758426537782078,0.7724157346221792,0.1759599278120502
0.8439405032153121,0.8439405032153121,0.8439405032153121,0.17270366769757334,0.4043955267976383,0.4043955267976383,0.4043955267976383,0.3401236267169971,0.3401236267169971,0.3401236267169971,4.0,0.6993917499949461,0.30060825000505387,0.15348167942580287
0.9416379508750764,0.9416379508750764,0.9416379508750764,0.2427359795337721,0.6447812476740683,0.6447812476740683,0.6447812476740683,0.053298456214673225,0.053298456214673225,0.053298456214673225,4.0,0.7403394431846148,0.25966055681538525,0.21289788564252338
0.5981549797288281,0.5981549797288281,0.5981549797288281,0.2089279876657784,0.3010595287464718,0.3010595287464718,0.3010595287464718,0.24137920493159196,0.24137920493159196,0.24137920493159196,4.0,0.47564055965381125,0.5243594403461888,0.08124892799247226
0.6010855612224897,0.6010855612224897,0.6010855612224897,0.07465628521826924,0.26314059728554995,0.26314059728554995,0.26314059728554995,0.24951629572798353,0.24951629572798353,0.24951629572798353,4.0,0.4742970737223128,0.5257029262776872,0.13336519271022576
0.7560319259903832,0.7560319259903832,0.7560319259903832,0.09028501145401567,0.3832226074606437,0.3832226074606437,0.3832226074606437,0.08787885184232644,0.08787885184232644,0.08787885184232644,4.0,0.16990303068926296,0.8300969693107371,0.44699210906043785
0.9857709774968678,0.9857709774968678,0.9857709774968678,0.32401730632391457,0.2288217838222232,0.2288217838222232,0.2288217838222232,0.20226147442136458,0.20226147442136458,0.20226147442136458,4.0,0.08934156930749043,0.9106584306925096,0.010192019628796347
0.8084042464996307,0.8084042464996307,0.8084042464996307,0.09880742863588277,0.36331737728309926,0.36331737728309926,0.36331737728309926,0.04055999334568553,0.04055999334568553,0.04055999334568553,4.0,0.11514270992917583,0.8848572900708241,0.2023185649519896
0.9104622569403055,0.9104622569403055,0.9104622569403055,0.08593447951676644,0.1630626622470544,0.1630626622470544,0.1630626622470544,0.13737569775900815,0.13737569775900815,0.13737569775900815,4.0,0.6321914062589064,0.36780859374109365,0.3487025662141108
0.9440070071597937,0.9440070071597937,0.9440070071597937,0.0862732028938689,0.49620837303695076,0.49620837303695076,0.49620837303695076,0.3867176749839073,0.3867176749839073,0.3867176749839073,4.0,0.7313809230919693,0.26861907690803066,0.11843375693471725
0.8977308512962103,0.8977308512962103,0.8977308512962103,0.1079302110190156,0.48267910679637577,0.48267910679637577,0.48267910679637577,0.33437718864109633,0.33437718864109633,0.33437718864109633,4.0,0.9631719305875193,0.036828069412480735,0.1174747524990059
0.9009552464260883,0.9009552464260883,0.9009552464260883,0.14819283450005374,0.5753691771611287,0.5753691771611287,0.5753691771611287,0.20427823356310698,0.20427823356310698,0.20427823356310698,4.0,0.22647393829457702,0.7735260617054229,0.39023694067225645
0.9025862377647802,0.9025862377647802,0.9025862377647802,0.06830776671141077,0.6774071822937383,0.6774071822937383,0.6774071822937383,0.20240199792188912,0.20240199792188912,0.20240199792188912,4.0,0.04555734292512168,0.9544426570748783,0.3319155354528461
0.9527392356311358,0.9527392356311358,0.9527392356311358,0.11838141448997026,0.5223590156638612,0.5223590156638612,0.5223590156638612,0.054091050700469795,0.054091050700469795,0.054091050700469795,4.0,0.6586227126352452,0.3413772873647548,0.2699140570790963
0.8304135703144503,0.8304135703144503,0.8304135703144503,0.23315270419350306,0.7159618288499975,0.7159618288499975,0.7159618288499975,0.09756026180699971,0.09756026180699971,0.09756026180699971,4.0,0.3514306861790636,0.6485693138209364,0.30648503989206505
0.9183009232701016,0.9183009232701016,0.9183009232701016,0.24776679842159624,0.15467902028510974,0.15467902028510974,0.15467902028510974,0.1401321073425815,0.1401321073425815,0.1401321073425815,4.0,0.2737718539021858,0.7262281460978142,0.4083353784783054
0.959961046189587,0.959961046189587,0.959961046189587,0.1954141840807445,0.9050163018369818,0.9050163018369818,0.9050163018369818,0.05371667170438119,0.05371667170438119,0.05371667170438119,4.0,0.27860357775883055,0.7213964222411695,0.043482944305900564
0.8621072180636329,0.8621072180636329,0.8621072180636329,0.21515372433435032,0.7383304625979271,0.7383304625979271,0.7383304625979271,0.05967313963495488,0.05967313963495488,0.05967313963495488,4.0,0.5828331265674433,0.41716687343255665,0.1757240222891932
0.6642046225085966,0.6642046225085966,0.6642046225085966,0.053997204497451406,0.31284811048547506,0.31284811048547506,0.31284811048547506,0.23555046728422543,0.23555046728422543,0.23555046728422543,4.0,0.7887466713624416,0.2112533286375584,0.5440763713673903
0.6621331700347083,0.6621331700347083,0.6621331700347083,0.06902623301483644,0.13266401512787204,0.13266401512787204,0.13266401512787204,0.13101171313706714,0.13101171313706714,0.13101171313706714,4.0,0.07530360072379183,0.9246963992762082,0.41413482078962705
0.8370761483960473,0.8370761483960473,0.8370761483960473,0.15537592721807394,0.5441341552314051,0.5441341552314051,0.5441341552314051,0.25903146837343644,0.25903146837343644,0.25903146837343644,4.0,0.5887374756899374,0.4112625243100626,0.04729331907358026
0.6569798253222229,0.6569798253222229,0.6569798253222229,0.12236392975122214,0.25481045652928247,0.25481045652928247,0.25481045652928247,0.21003611837375807,0.21003611837375807,0.21003611837375807,4.0,0.3614037294044333,0.6385962705955667,0.09816328190742772
0.9288596983774716,0.9288596983774716,0.9288596983774716,0.21834828133594025,0.3980538844370519,0.3980538844370519,0.3980538844370519,0.08720525944805636,0.08720525944805636,0.08720525944805636,4.0,0.7789644248203984,0.2210355751796016,0.09816559189798996
0.853604519579735,0.853604519579735,0.853604519579735,0.12091866321276144,0.46613440327737404,0.46613440327737404,0.46613440327737404,0.02210062761997779,0.02210062761997779,0.02210062761997779,4.0,0.7414721124295796,0.25852788757042044,0.14732072940537944
0.7402782776440376,0.7402782776440376,0.7402782776440376,0.1461209810746523,0.3318173050766707,0.3318173050766707,0.3318173050766707,0.09029873982479075,0.09029873982479075,0.09029873982479075,4.0,0.43328506153560026,0.5667149384643997,0.14450613919253852
0.8014078546239768,0.8014078546239768,0.8014078546239768,0.0839095017431481,0.4243442018410625,0.4243442018410625,0.4243442018410625,0.29596080483388365,0.29596080483388365,0.29596080483388365,4.0,0.8783041052908932,0.1216958947091068,0.043787794752798224
0.8268694851075441,0.8268694851075441,0.8268694851075441,0.04948129450163419,0.2963671888841693,0.2963671888841693,0.2963671888841693,0.0823344272848349,0.0823344272848349,0.0823344272848349,4.0,0.3193100282340218,0.6806899717659782,0.5027495100749484
0.9019773541585231,0.9019773541585231,0.9019773541585231,0.3141182241156748,0.5832565157643023,0.5832565157643023,0.5832565157643023,0.18433922146143825,0.18433922146143825,0.18433922146143825,4.0,0.9121249357059608,0.08787506429403924,0.05757142938741653
0.7134575945029145,0.7134575945029145,0.7134575945029145,0.2140387518474803,0.2586963480194901,0.2586963480194901,0.2586963480194901,0.15403995932744152,0.15403995932744152,0.15403995932744152,4.0,0.3374669809107819,0.662533019089218,0.12005966718736683
0.9291801170952967,0.9291801170952967,0.9291801170952967,0.034450379148854945,0.4338169609976911,0.4338169609976911,0.4338169609976911,0.2703386267747569,0.2703386267747569,0.2703386267747569,4.0,0.04718424384323954,0.9528157561567605,0.18325366941346216
0.5989935521516261,0.5989935521516261,0.5989935521516261,0.11728612941702847,0.3792722941715234,0.3792722941715234,0.3792722941715234,0.08946472800023159,0.08946472800023159,0.08946472800023159,4.0,0.5904968010282812,0.40950319897171883,0.2709099188337068
0.8612596059746818,0.8612596059746818,0.8612596059746818,0.0903918558577573,0.47187044270363826,0.47187044270363826,0.47187044270363826,0.0947769525763652,0.0947769525763652,0.0947769525763652,4.0,0.5112565322133599,0.48874346778664013,0.1508526002980047
0.8914471282796237,0.8914471282796237,0.8914471282796237,0.20947133996541134,0.4634573284594803,0.4634573284594803,0.4634573284594803,0.1505758273313408,0.1505758273313408,0.1505758273313408,4.0,0.46744539716338074,0.5325546028366193,0.07228352395638674
0.9578973445669463,0.9578973445669463,0.9578973445669463,0.15413237721533157,0.49601667924934323,0.49601667924934323,0.49601667924934323,0.28818051930037053,0.28818051930037053,0.28818051930037053,4.0,0.9028786776888095,0.09712132231119053,0.5878160278765704
0.871048962010726,0.871048962010726,0.871048962010726,0.18083739699116913,0.4668389021906278,0.4668389021906278,0.4668389021906278,0.35290384119730306,0.35290384119730306,0.35290384119730306,4.0,0.46629830373921655,0.5337016962607835,0.025702590156971437
0.7093838808109841,0.7093838808109841,0.7093838808109841,0.2560595171171454,0.37874749697405824,0.37874749697405824,0.37874749697405824,0.31414608403500854,0.31414608403500854,0.31414608403500854,4.0,0.7980997317950294,0.20190026820497065,0.056997467336162164
0.5399162062646152,0.5399162062646152,0.5399162062646152,0.17533486663868958,0.22204675789780953,0.22204675789780953,0.22204675789780953,0.19366037917409182,0.19366037917409182,0.19366037917409182,4.0,0.977805359486045,0.022194640513955033,0.09717755820266791
0.8883082659209856,0.8883082659209856,0.8883082659209856,0.2712950545435172,0.27039568600755537,0.27039568600755537,0.27039568600755537,0.11760353431460106,0.11760353431460106,0.11760353431460106,4.0,0.7593933662131164,0.24060663378688363,0.23374800283284808
0.9665742702294537,0.9665742702294537,0.9665742702294537,0.27994350749223057,0.3040751214254196,0.3040751214254196,0.3040751214254196,0.17213569362092587,0.17213569362092587,0.17213569362092587,4.0,0.04027601028707063,0.9597239897129294,0.20587285917079381
0.9489744494135552,0.9489744494135552,0.9489744494135552,0.06937573155830934,0.2451528134575303,0.2451528134575303,0.2451528134575303,0.04887328181699493,0.04887328181699493,0.04887328181699493,4.0,0.03382233337911909,0.9661776666208809,0.5521533886088085
0.9888570256666458,0.9888570256666458,0.9888570256666458,0.07737001369639097,0.5702313609640419,0.5702313609640419,0.5702313609640419,0.2432973609589132,0.2432973609589132,0.2432973609589132,4.0,0.2520127886363611,0.7479872113636389,0.31759526004880445
0.9567928025471071,0.9567928025471071,0.9567928025471071,0.30126256769330045,0.2366270257927456,0.2366270257927456,0.2366270257927456,0.042470522213826606,0.042470522213826606,0.042470522213826606,4.0,0.6650979549579679,0.33490204504203214,0.12835213926382225
0.5143419012165683,0.5143419012165683,0.5143419012165683,0.15963235180719765,0.18918960664339177,0.18918960664339177,0.18918960664339177,0.012726893195590262,0.012726893195590262,0.012726893195590262,4.0,0.8280565584172794,0.17194344158272057,0.006357071106727713
0.9015802663656465,0.9015802663656465,0.9015802663656465,0.1454357742735842,0.05168346546988034,0.05168346546988034,0.05168346546988034,0.04607622986244247,0.04607622986244247,0.04607622986244247,4.0,0.5750135108613637,0.42498648913863635,0.060696317353936685
0.8926863756396669,0.8926863756396669,0.8926863756396669,0.1040625767600568,0.7268734693861787,0.7268734693861787,0.7268734693861787,0.0790054690930916,0.0790054690930916,0.0790054690930916,4.0,0.04430394451383857,0.9556960554861614,0.33260482966066635
0.9777877725158621,0.9777877725158621,0.9777877725158621,0.20699627106973176,0.518846918525313,0.518846918525313,0.518846918525313,0.1655791630953346,0.1655791630953346,0.1655791630953346,4.0,0.44429638878065764,0.5557036112193423,0.41820839690108275
0.7630528809930499,0.7630528809930499,0.7630528809930499,0.17695196819132064,0.4777102401281811,0.4777102401281811,0.4777102401281811,0.1391430435195858,0.1391430435195858,0.1391430435195858,4.0,0.4256181998812376,0.5743818001187624,0.34846348147906725
0.8615593003408195,0.8615593003408195,0.8615593003408195,0.025966674198856433,0.5033527569850497,0.5033527569850497,0.5033527569850497,0.3002833175600928,0.3002833175600928,0.3002833175600928,4.0,0.33468436700445187,0.6653156329955481,0.4133373797370586
0.72233705177368,0.72233705177368,0.72233705177368,0.0779256670274425,0.4612837895698635,0.4612837895698635,0.4612837895698635,0.05443383764798002,0.05443383764798002,0.05443383764798002,4.0,0.29753437976691005,0.7024656202330899,0.008998588353017336
0.8750533963457201,0.8750533963457201,0.8750533963457201,0.3081724059348893,0.39586944258835394,0.39586944258835394,0.39586944258835394,0.30813012310490645,0.30813012310490645,0.30813012310490645,4.0,0.4554446359977073,0.5445553640022927,0.22361173145869906
0.9196678859898934,0.9196678859898934,0.9196678859898934,0.1787482103115335,0.2907438511435275,0.2907438511435275,0.2907438511435275,0.003706788966275025,0.003706788966275025,0.003706788966275025,4.0,0.4991401628302221,0.5008598371697779,0.1583261914465053
0.9525673340937797,0.9525673340937797,0.9525673340937797,0.10437658073704713,0.7596592107780148,0.7596592107780148,0.7596592107780148,0.1472990146275473,0.1472990146275473,0.1472990146275473,4.0,0.6926197582364809,0.3073802417635191,0.49627125218428964
0.8105902833985679,0.8105902833985679,0.8105902833985679,0.18928084148646698,0.17698639504497102,0.17698639504497102,0.17698639504497102,0.027222051864149378,0.027222051864149378,0.027222051864149378,4.0,0.4167610709778524,0.5832389290221476,0.19786464501028025
0.9076849078353421,0.9076849078353421,0.9076849078353421,0.047492848812546555,0.4166889166705539,0.4166889166705539,0.4166889166705539,0.1405949487863895,0.1405949487863895,0.1405949487863895,4.0,0.17416861470578696,0.8258313852942131,0.6284997141127687
0.860441416523902,0.860441416523902,0.860441416523902,0.2803588949144694,0.2674026173818195,0.2674026173818195,0.2674026173818195,0.006850256185918089,0.006850256185918089,0.006850256185918089,4.0,0.9568957725455851,0.04310422745441489,0.03955653503868269
0.9460626690779801,0.9460626690779801,0.9460626690779801,0.05864210442854618,0.48710348187421393,0.48710348187421393,0.48710348187421393,0.18413283341499956,0.18413283341499956,0.18413283341499956,4.0,0.25617980346084707,0.7438201965391529,0.7050407871442809
0.973200965315196,0.973200965315196,0.973200965315196,0.27150725079421434,0.49153323869228815,0.49153323869228815,0.49153323869228815,0.11141455243679857,0.11141455243679857,0.11141455243679857,4.0,0.04991056433709778,0.9500894356629023,0.25102189451551404
0.9154631835060737,0.9154631835060737,0.9154631835060737,0.09604246692348048,0.7461667462388656,0.7461667462388656,0.7461667462388656,0.09148961146198521,0.09148961146198521,0.09148961146198521,4.0,0.1383595562239319,0.8616404437760681,0.56196209856126
0.9406326817163259,0.9406326817163259,0.9406326817163259,0.04837620095625944,0.6060003522436048,0.6060003522436048,0.6060003522436048,0.32468872396977205,0.32468872396977205,0.32468872396977205,4.0,0.17601069701714067,0.8239893029828593,0.32204924432240134
0.8625669823629294,0.8625669823629294,0.8625669823629294,0.17626448420581753,0.5478089390208258,0.5478089390208258,0.5478089390208258,0.017768978499947224,0.017768978499947224,0.017768978499947224,4.0,0.4522710923572397,0.5477289076427603,0.1632910143064083
0.9676694770084671,0.9676694770084671,0.9676694770084671,0.21659818107090736,0.8831461043724813,0.8831461043724813,0.8831461043724813,0.06303820970570748,0.06303820970570748,0.06303820970570748,4.0,0.4842839436283685,0.5157160563716314,0.1852394779460102
0.7823387614133708,0.7823387614133708,0.7823387614133708,0.2368774903654989,0.5841164491740638,0.5841164491740638,0.5841164491740638,0.15731254262086714,0.15731254262086714,0.15731254262086714,4.0,0.8246769665200938,0.1753230334799062,0.16080116578679432
0.8993464225323146,0.8993464225323146,0.8993464225323146,0.20529897945134862,0.47783777346214507,0.47783777346214507,0.47783777346214507,0.41749602459833235,0.41749602459833235,0.41749602459833235,4.0,0.7939908659249023,0.2060091340750977,0.47354769066127533
0.6575578967778636,0.6575578967778636,0.6575578967778636,0.08529918202460453,0.2650399008050963,0.2650399008050963,0.2650399008050963,0.2059960027628091,0.2059960027628091,0.2059960027628091,4.0,0.6744321685348289,0.3255678314651711,0.1515287317870861
0.5683453591700975,0.5683453591700975,0.5683453591700975,0.033611528417702735,0.17534442033846925,0.17534442033846925,0.17534442033846925,0.13490689419392787,0.13490689419392787,0.13490689419392787,4.0,0.603242017955277,0.396757982044723,0.4342867562843904
0.8917068376432188,0.8917068376432188,0.8917068376432188,0.21815321945757093,0.35784317434255186,0.35784317434255186,0.35784317434255186,0.04493983898797634,0.04493983898797634,0.04493983898797634,4.0,0.8760739241635269,0.12392607583647308,0.09824608631478698
0.8279650530542774,0.8279650530542774,0.8279650530542774,0.04930407688920847,0.5270169252981086,0.5270169252981086,0.5270169252981086,0.27453607542308806,0.27453607542308806,0.27453607542308806,4.0,0.2118596737506329,0.7881403262493671,0.540013657551349
0.8624892615079769,0.8624892615079769,0.8624892615079769,0.14840529953337164,0.1030967115986482,0.1030967115986482,0.1030967115986482,0.03313735572432394,0.03313735572432394,0.03313735572432394,4.0,0.6837838402170728,0.31621615978292716,0.42455135791150966
0.9342236804977408,0.9342236804977408,0.9342236804977408,0.18058668105513054,0.2378080821050173,0.2378080821050173,0.2378080821050173,0.05071379369019645,0.05071379369019645,0.05071379369019645,4.0,0.919535449692103,0.08046455030789701,0.018187952051165766
0.8990729042517468,0.8990729042517468,0.8990729042517468,0.35901572918648095,0.45503970251638604,0.45503970251638604,0.45503970251638604,0.3679281270751938,0.3679281270751938,0.3679281270751938,4.0,0.9386951540700361,0.06130484592996388,0.10332899361140473
0.9393183795974032,0.9393183795974032,0.9393183795974032,0.1657383666149804,0.29956494548275553,0.29956494548275553,0.29956494548275553,0.12676375199156775,0.12676375199156775,0.12676375199156775,4.0,0.7997440998278249,0.2002559001721751,0.3229283991760483
0.9106561946927704,0.9106561946927704,0.9106561946927704,0.04920363731949394,0.336447218390468,0.336447218390468,0.336447218390468,0.17353821809310305,0.17353821809310305,0.17353821809310305,4.0,0.008410703381127076,0.991589296618873,0.3049894012722952
0.8228311182340228,0.8228311182340228,0.8228311182340228,0.27904240176188744,0.4328521529512607,0.4328521529512607,0.4328521529512607,0.09144350580191245,0.09144350580191245,0.09144350580191245,4.0,0.8774089672150378,0.1225910327849622,0.03856086088018577
0.8182142599295966,0.8182142599295966,0.8182142599295966,0.13241911226188927,0.4608355914868754,0.4608355914868754,0.4608355914868754,0.21301680315947794,0.21301680315947794,0.21301680315947794,4.0,0.11499964340772315,0.8850003565922768,0.2782363681813489
0.9641796700684185,0.9641796700684185,0.9641796700684185,0.40196840973915493,0.365011432569652,0.365011432569652,0.365011432569652,0.35989905504412417,0.35989905504412417,0.35989905504412417,4.0,0.19736867556589605,0.8026313244341039,0.03376963485092024
0.8154189039280219,0.8154189039280219,0.8154189039280219,0.12460739677623209,0.45456224269770384,0.45456224269770384,0.45456224269770384,0.14759585941938777,0.14759585941938777,0.14759585941938777,4.0,0.7101562044137792,0.28984379558622075,0.08841061048119353
0.7324549472397416,0.7324549472397416,0.7324549472397416,0.24871860699555806,0.2850488275693693,0.2850488275693693,0.2850488275693693,0.01274068930900997,0.01274068930900997,0.01274068930900997,4.0,0.3969779000575795,0.6030220999424205,0.0030365824147117353
0.8185276830670328,0.8185276830670328,0.8185276830670328,0.274767523615748,0.07541556812876293,0.07541556812876293,0.07541556812876293,0.016363555052360732,0.016363555052360732,0.016363555052360732,4.0,0.9824140005967085,0.01758599940329153,0.24880661130681728
0.8784055297085898,0.8784055297085898,0.8784055297085898,0.13573898744131357,0.637556506119278,0.637556506119278,0.637556506119278,0.06153695752325372,0.06153695752325372,0.06153695752325372,4.0,0.9518958493343974,0.048104150665602585,0.2720743715290994
0.7229286314275052,0.7229286314275052,0.7229286314275052,0.04622574031959606,0.461757509477189,0.461757509477189,0.461757509477189,0.17057488256108339,0.17057488256108339,0.17057488256108339,4.0,0.5684161715665218,0.4315838284334782,0.3635919950659185
0.8285056509112891,0.8285056509112891,0.8285056509112891,0.04543909459006513,0.2749434399808177,0.2749434399808177,0.2749434399808177,0.15414691188473745,0.15414691188473745,0.15414691188473745,4.0,0.24496672113561738,0.7550332788643827,0.03008356047133221
0.8845254767463112,0.8845254767463112,0.8845254767463112,0.19295328236400971,0.7299113321349437,0.7299113321349437,0.7299113321349437,0.07501301666804155,0.07501301666804155,0.07501301666804155,4.0,0.7097775445715626,0.2902224554284374,0.2597143179777939
0.7004462918628078,0.7004462918628078,0.7004462918628078,0.15338581870245072,0.20570616644705172,0.20570616644705172,0.20570616644705172,0.19440680249488218,0.19440680249488218,0.19440680249488218,4.0,0.32983728847451255,0.6701627115254875,0.29432561370996196
0.8765745899577184,0.8765745899577184,0.8765745899577184,0.10527558942143887,0.7069755942969378,0.7069755942969378,0.7069755942969378,0.01558904295917682,0.01558904295917682,0.01558904295917682,4.0,0.42269379069748014,0.5773062093025199,0.12087235643927405
0.7180902799558937,0.7180902799558937,0.7180902799558937,0.35316151190992967,0.36341319555579377,0.36341319555579377,0.36341319555579377,0.24802817576074826,0.24802817576074826,0.24802817576074826,4.0,0.654825417703844,0.34517458229615605,0.009014729937956207
0.9837422999689436,0.9837422999689436,0.9837422999689436,0.45930762043342993,0.36804664805117787,0.36804664805117787,0.36804664805117787,0.07393233109103414,0.07393233109103414,0.07393233109103414,4.0,0.5160322317219723,0.4839677682780277,0.027659310280197243
0.9051877412721117,0.9051877412721117,0.9051877412721117,0.2501471369734309,0.3324596925619815,0.3324596925619815,0.3324596925619815,0.2643985525378187,0.2643985525378187,0.2643985525378187,4.0,0.9327410139402965,0.06725898605970348,0.1085899719174566
